--
-- PostgreSQL database dump
--

-- Dumped from database version 10.3
-- Dumped by pg_dump version 10.3

-- Started on 2018-04-23 05:29:32 -03

SET statement_timeout = 0;
SET lock_timeout = 0;
SET idle_in_transaction_session_timeout = 0;
SET client_encoding = 'UTF8';
SET standard_conforming_strings = on;
SELECT pg_catalog.set_config('search_path', '', false);
SET check_function_bodies = false;
SET client_min_messages = warning;
SET row_security = off;

--
-- TOC entry 1 (class 3079 OID 13253)
-- Name: plpgsql; Type: EXTENSION; Schema: -; Owner: 
--

CREATE EXTENSION IF NOT EXISTS plpgsql WITH SCHEMA pg_catalog;


--
-- TOC entry 3752 (class 0 OID 0)
-- Dependencies: 1
-- Name: EXTENSION plpgsql; Type: COMMENT; Schema: -; Owner: 
--

COMMENT ON EXTENSION plpgsql IS 'PL/pgSQL procedural language';


--
-- TOC entry 196 (class 1259 OID 16387)
-- Name: accesos_aplicaciones_id_seq; Type: SEQUENCE; Schema: public; Owner: postgres
--

CREATE SEQUENCE public.accesos_aplicaciones_id_seq
    START WITH 1
    INCREMENT BY 1
    NO MINVALUE
    NO MAXVALUE
    CACHE 1;


ALTER TABLE public.accesos_aplicaciones_id_seq OWNER TO postgres;

--
-- TOC entry 197 (class 1259 OID 16389)
-- Name: accesos_servidores_id_seq; Type: SEQUENCE; Schema: public; Owner: postgres
--

CREATE SEQUENCE public.accesos_servidores_id_seq
    START WITH 1
    INCREMENT BY 1
    NO MINVALUE
    NO MAXVALUE
    CACHE 1;


ALTER TABLE public.accesos_servidores_id_seq OWNER TO postgres;

--
-- TOC entry 198 (class 1259 OID 16391)
-- Name: actividades_id_seq; Type: SEQUENCE; Schema: public; Owner: postgres
--

CREATE SEQUENCE public.actividades_id_seq
    START WITH 1
    INCREMENT BY 1
    NO MINVALUE
    NO MAXVALUE
    CACHE 1;


ALTER TABLE public.actividades_id_seq OWNER TO postgres;

SET default_tablespace = '';

SET default_with_oids = false;

--
-- TOC entry 199 (class 1259 OID 16393)
-- Name: actividades; Type: TABLE; Schema: public; Owner: postgres
--

CREATE TABLE public.actividades (
    id_actividad integer DEFAULT nextval('public.actividades_id_seq'::regclass) NOT NULL,
    nom_actividad text,
    det_actividad text,
    id_usuario_registra integer,
    id_usuario_modifica integer,
    created_at timestamp without time zone,
    updated_at timestamp without time zone,
    deleted_at timestamp without time zone
);


ALTER TABLE public.actividades OWNER TO postgres;

--
-- TOC entry 200 (class 1259 OID 16400)
-- Name: actividades_tags_id_seq; Type: SEQUENCE; Schema: public; Owner: postgres
--

CREATE SEQUENCE public.actividades_tags_id_seq
    START WITH 1
    INCREMENT BY 1
    NO MINVALUE
    NO MAXVALUE
    CACHE 1;


ALTER TABLE public.actividades_tags_id_seq OWNER TO postgres;

--
-- TOC entry 201 (class 1259 OID 16402)
-- Name: actividades_tags; Type: TABLE; Schema: public; Owner: postgres
--

CREATE TABLE public.actividades_tags (
    id_actividad_tag integer DEFAULT nextval('public.actividades_tags_id_seq'::regclass) NOT NULL,
    id_actividad integer,
    id_tag integer,
    id_usuario_registra integer,
    id_usuario_modifica integer,
    created_at timestamp without time zone,
    updated_at timestamp without time zone,
    deleted_at timestamp without time zone
);


ALTER TABLE public.actividades_tags OWNER TO postgres;

--
-- TOC entry 202 (class 1259 OID 16406)
-- Name: ambientes_id_seq; Type: SEQUENCE; Schema: public; Owner: postgres
--

CREATE SEQUENCE public.ambientes_id_seq
    START WITH 1
    INCREMENT BY 1
    NO MINVALUE
    NO MAXVALUE
    CACHE 1;


ALTER TABLE public.ambientes_id_seq OWNER TO postgres;

--
-- TOC entry 203 (class 1259 OID 16408)
-- Name: ambientes; Type: TABLE; Schema: public; Owner: postgres
--

CREATE TABLE public.ambientes (
    id_ambiente integer DEFAULT nextval('public.ambientes_id_seq'::regclass) NOT NULL,
    nom_ambiente text,
    det_ambiente text,
    id_usuario_registra integer,
    id_usuario_modifica integer,
    created_at timestamp without time zone,
    updated_at timestamp without time zone,
    deleted_at timestamp without time zone
);


ALTER TABLE public.ambientes OWNER TO postgres;

--
-- TOC entry 204 (class 1259 OID 16415)
-- Name: aplicaciones_id_seq; Type: SEQUENCE; Schema: public; Owner: postgres
--

CREATE SEQUENCE public.aplicaciones_id_seq
    START WITH 1
    INCREMENT BY 1
    NO MINVALUE
    NO MAXVALUE
    CACHE 1;


ALTER TABLE public.aplicaciones_id_seq OWNER TO postgres;

--
-- TOC entry 205 (class 1259 OID 16417)
-- Name: aplicaciones; Type: TABLE; Schema: public; Owner: postgres
--

CREATE TABLE public.aplicaciones (
    id_aplicacion integer DEFAULT nextval('public.aplicaciones_id_seq'::regclass) NOT NULL,
    id_tipo_aplicacion integer,
    id_servicio integer,
    id_dominio integer,
    nom_aplicacion text,
    det_aplicacion text,
    alias text,
    url_web text,
    ip text,
    subdominio text,
    ssl_tls text,
    id_usuario_registra integer,
    id_usuario_modifica integer,
    created_at timestamp without time zone,
    updated_at timestamp without time zone,
    deleted_at timestamp without time zone,
    id_servidor integer,
    id_template integer,
    id_environment integer
);


ALTER TABLE public.aplicaciones OWNER TO postgres;

--
-- TOC entry 206 (class 1259 OID 16424)
-- Name: aplicaciones_accesos; Type: TABLE; Schema: public; Owner: postgres
--

CREATE TABLE public.aplicaciones_accesos (
    id_aplicacion_acceso integer DEFAULT nextval('public.accesos_aplicaciones_id_seq'::regclass) NOT NULL,
    id_aplicacion integer,
    id_servidor integer,
    usuario text,
    clave text,
    email text,
    id_usuario_registra integer,
    id_usuario_modifica integer,
    created_at timestamp without time zone,
    updated_at timestamp without time zone,
    deleted_at timestamp without time zone,
    tipo_acceso text
);


ALTER TABLE public.aplicaciones_accesos OWNER TO postgres;

--
-- TOC entry 207 (class 1259 OID 16431)
-- Name: aplicaciones_estados_id_seq; Type: SEQUENCE; Schema: public; Owner: postgres
--

CREATE SEQUENCE public.aplicaciones_estados_id_seq
    START WITH 1
    INCREMENT BY 1
    NO MINVALUE
    NO MAXVALUE
    CACHE 1;


ALTER TABLE public.aplicaciones_estados_id_seq OWNER TO postgres;

--
-- TOC entry 208 (class 1259 OID 16433)
-- Name: aplicaciones_estados; Type: TABLE; Schema: public; Owner: postgres
--

CREATE TABLE public.aplicaciones_estados (
    id_aplicacion_estado integer DEFAULT nextval('public.aplicaciones_estados_id_seq'::regclass) NOT NULL,
    id_aplicacion integer,
    id_estado integer,
    id_usuario_registra integer,
    id_usuario_modifica integer,
    created_at timestamp without time zone,
    updated_at timestamp without time zone,
    deleted_at timestamp without time zone
);


ALTER TABLE public.aplicaciones_estados OWNER TO postgres;

--
-- TOC entry 209 (class 1259 OID 16437)
-- Name: aplicaciones_tags_id_seq; Type: SEQUENCE; Schema: public; Owner: postgres
--

CREATE SEQUENCE public.aplicaciones_tags_id_seq
    START WITH 1
    INCREMENT BY 1
    NO MINVALUE
    NO MAXVALUE
    CACHE 1;


ALTER TABLE public.aplicaciones_tags_id_seq OWNER TO postgres;

--
-- TOC entry 210 (class 1259 OID 16439)
-- Name: aplicaciones_tags; Type: TABLE; Schema: public; Owner: postgres
--

CREATE TABLE public.aplicaciones_tags (
    id_aplicacion_tag integer DEFAULT nextval('public.aplicaciones_tags_id_seq'::regclass) NOT NULL,
    id_aplicacion integer,
    id_tag integer,
    id_usuario_registra integer,
    id_usuario_modifica integer,
    created_at timestamp without time zone,
    updated_at timestamp without time zone,
    deleted_at timestamp without time zone
);


ALTER TABLE public.aplicaciones_tags OWNER TO postgres;

--
-- TOC entry 211 (class 1259 OID 16443)
-- Name: aplicaciones_tecnologias_id_seq; Type: SEQUENCE; Schema: public; Owner: postgres
--

CREATE SEQUENCE public.aplicaciones_tecnologias_id_seq
    START WITH 1
    INCREMENT BY 1
    NO MINVALUE
    NO MAXVALUE
    CACHE 1;


ALTER TABLE public.aplicaciones_tecnologias_id_seq OWNER TO postgres;

--
-- TOC entry 212 (class 1259 OID 16445)
-- Name: aplicaciones_tecnologias; Type: TABLE; Schema: public; Owner: postgres
--

CREATE TABLE public.aplicaciones_tecnologias (
    id_aplicacion_tecnologia integer DEFAULT nextval('public.aplicaciones_tecnologias_id_seq'::regclass) NOT NULL,
    id_aplicacion integer,
    id_tecnologia integer,
    id_usuario_registra integer,
    id_usuario_modifica integer,
    created_at timestamp without time zone,
    updated_at timestamp without time zone,
    deleted_at timestamp without time zone
);


ALTER TABLE public.aplicaciones_tecnologias OWNER TO postgres;

--
-- TOC entry 213 (class 1259 OID 16449)
-- Name: cargos_id_seq; Type: SEQUENCE; Schema: public; Owner: postgres
--

CREATE SEQUENCE public.cargos_id_seq
    START WITH 1
    INCREMENT BY 1
    NO MINVALUE
    NO MAXVALUE
    CACHE 1;


ALTER TABLE public.cargos_id_seq OWNER TO postgres;

--
-- TOC entry 214 (class 1259 OID 16451)
-- Name: cargos; Type: TABLE; Schema: public; Owner: postgres
--

CREATE TABLE public.cargos (
    id_cargo integer DEFAULT nextval('public.cargos_id_seq'::regclass) NOT NULL,
    nom_cargo text,
    det_cargo text,
    id_usuario_registra integer,
    id_usuario_modifica integer,
    created_at timestamp without time zone,
    updated_at timestamp without time zone,
    deleted_at timestamp without time zone,
    cod_cargo text
);


ALTER TABLE public.cargos OWNER TO postgres;

--
-- TOC entry 215 (class 1259 OID 16458)
-- Name: catalogos_servicios_id_seq; Type: SEQUENCE; Schema: public; Owner: postgres
--

CREATE SEQUENCE public.catalogos_servicios_id_seq
    START WITH 1
    INCREMENT BY 1
    NO MINVALUE
    NO MAXVALUE
    CACHE 1;


ALTER TABLE public.catalogos_servicios_id_seq OWNER TO postgres;

--
-- TOC entry 216 (class 1259 OID 16460)
-- Name: catalogos_servicios; Type: TABLE; Schema: public; Owner: postgres
--

CREATE TABLE public.catalogos_servicios (
    id_catalogo_servicio integer DEFAULT nextval('public.catalogos_servicios_id_seq'::regclass) NOT NULL,
    id_servicio integer,
    asunto text,
    det_catalogo text,
    avatar text,
    id_usuario_registra integer,
    id_usuario_modifica integer,
    created_at timestamp without time zone,
    updated_at timestamp without time zone,
    deleted_at timestamp without time zone
);


ALTER TABLE public.catalogos_servicios OWNER TO postgres;

--
-- TOC entry 217 (class 1259 OID 16467)
-- Name: catalogos_servicios_tags_id_seq; Type: SEQUENCE; Schema: public; Owner: postgres
--

CREATE SEQUENCE public.catalogos_servicios_tags_id_seq
    START WITH 1
    INCREMENT BY 1
    NO MINVALUE
    NO MAXVALUE
    CACHE 1;


ALTER TABLE public.catalogos_servicios_tags_id_seq OWNER TO postgres;

--
-- TOC entry 218 (class 1259 OID 16469)
-- Name: catalogos_servicios_tags; Type: TABLE; Schema: public; Owner: postgres
--

CREATE TABLE public.catalogos_servicios_tags (
    id_catalogo_servicio_tag integer DEFAULT nextval('public.catalogos_servicios_tags_id_seq'::regclass) NOT NULL,
    id_catalogo_servicio integer NOT NULL,
    id_tag integer,
    id_usuario_registra integer,
    id_usuario_modifica integer,
    created_at timestamp without time zone,
    updated_at timestamp without time zone,
    deleted_at timestamp without time zone
);


ALTER TABLE public.catalogos_servicios_tags OWNER TO postgres;

--
-- TOC entry 219 (class 1259 OID 16473)
-- Name: clusters_id_seq; Type: SEQUENCE; Schema: public; Owner: postgres
--

CREATE SEQUENCE public.clusters_id_seq
    START WITH 1
    INCREMENT BY 1
    NO MINVALUE
    NO MAXVALUE
    CACHE 1;


ALTER TABLE public.clusters_id_seq OWNER TO postgres;

--
-- TOC entry 220 (class 1259 OID 16475)
-- Name: clusters; Type: TABLE; Schema: public; Owner: postgres
--

CREATE TABLE public.clusters (
    id_cluster integer DEFAULT nextval('public.clusters_id_seq'::regclass) NOT NULL,
    nom_cluster text,
    det_cluster text,
    id_usuario_registra integer,
    id_usuario_modifica integer,
    created_at timestamp without time zone,
    updated_at timestamp without time zone,
    deleted_at timestamp without time zone,
    cod_cluster text,
    id_tipo_cluster integer
);


ALTER TABLE public.clusters OWNER TO postgres;

--
-- TOC entry 221 (class 1259 OID 16482)
-- Name: comuna; Type: TABLE; Schema: public; Owner: postgres
--

CREATE TABLE public.comuna (
    id_comuna character varying(255),
    id_region character varying(255),
    nombre_comuna character varying(255),
    created_at timestamp(0) without time zone,
    updated_at timestamp(0) without time zone,
    deleted_at timestamp without time zone
);


ALTER TABLE public.comuna OWNER TO postgres;

--
-- TOC entry 222 (class 1259 OID 16488)
-- Name: datacentros_id_seq; Type: SEQUENCE; Schema: public; Owner: postgres
--

CREATE SEQUENCE public.datacentros_id_seq
    START WITH 1
    INCREMENT BY 1
    NO MINVALUE
    NO MAXVALUE
    CACHE 1;


ALTER TABLE public.datacentros_id_seq OWNER TO postgres;

--
-- TOC entry 223 (class 1259 OID 16490)
-- Name: datacentros; Type: TABLE; Schema: public; Owner: postgres
--

CREATE TABLE public.datacentros (
    id_datacentro integer DEFAULT nextval('public.datacentros_id_seq'::regclass) NOT NULL,
    nom_datacentro text,
    id_usuario_registra integer,
    id_usuario_modifica integer,
    created_at timestamp without time zone,
    updated_at timestamp without time zone,
    deleted_at timestamp without time zone,
    det_datacentro text,
    cod_datacentro text
);


ALTER TABLE public.datacentros OWNER TO postgres;

--
-- TOC entry 224 (class 1259 OID 16497)
-- Name: dominios_id_seq; Type: SEQUENCE; Schema: public; Owner: postgres
--

CREATE SEQUENCE public.dominios_id_seq
    START WITH 1
    INCREMENT BY 1
    NO MINVALUE
    NO MAXVALUE
    CACHE 1;


ALTER TABLE public.dominios_id_seq OWNER TO postgres;

--
-- TOC entry 225 (class 1259 OID 16499)
-- Name: dominios; Type: TABLE; Schema: public; Owner: postgres
--

CREATE TABLE public.dominios (
    id_dominio integer DEFAULT nextval('public.dominios_id_seq'::regclass) NOT NULL,
    nom_dominio text,
    det_dominio text,
    ip_publica text,
    ip_balanceador text,
    dns_asoc_dominio text,
    id_usuario_registra integer,
    id_usuario_modifica integer,
    created_at timestamp without time zone,
    updated_at timestamp without time zone,
    deleted_at timestamp without time zone
);


ALTER TABLE public.dominios OWNER TO postgres;

--
-- TOC entry 226 (class 1259 OID 16506)
-- Name: entregas_credenciales_usuarios_id_seq; Type: SEQUENCE; Schema: public; Owner: postgres
--

CREATE SEQUENCE public.entregas_credenciales_usuarios_id_seq
    START WITH 1
    INCREMENT BY 1
    NO MINVALUE
    NO MAXVALUE
    CACHE 1;


ALTER TABLE public.entregas_credenciales_usuarios_id_seq OWNER TO postgres;

--
-- TOC entry 227 (class 1259 OID 16508)
-- Name: entregas_credenciales_usuarios; Type: TABLE; Schema: public; Owner: postgres
--

CREATE TABLE public.entregas_credenciales_usuarios (
    id_entrega_credencial_usuario integer DEFAULT nextval('public.entregas_credenciales_usuarios_id_seq'::regclass) NOT NULL,
    username text,
    password text,
    tiempo_expiracion text,
    estado text,
    id_usuario_registra integer,
    id_usuario_modifica integer,
    created_at timestamp without time zone,
    updated_at timestamp without time zone,
    deleted_at timestamp without time zone
);


ALTER TABLE public.entregas_credenciales_usuarios OWNER TO postgres;

--
-- TOC entry 228 (class 1259 OID 16515)
-- Name: establecimientos; Type: TABLE; Schema: public; Owner: postgres
--

CREATE TABLE public.establecimientos (
    id_establecimiento integer,
    id_establecimiento_antiguo integer,
    id_servicio_salud integer,
    id_region integer,
    id_comuna integer,
    nombre_establecimiento text,
    tipo_establecimiento text,
    vigencia_desde text,
    fecha_cierre text,
    created_at timestamp(0) without time zone,
    updated_at timestamp(0) without time zone,
    deleted_at timestamp without time zone
);


ALTER TABLE public.establecimientos OWNER TO postgres;

--
-- TOC entry 229 (class 1259 OID 16521)
-- Name: estados_id_seq; Type: SEQUENCE; Schema: public; Owner: postgres
--

CREATE SEQUENCE public.estados_id_seq
    START WITH 1
    INCREMENT BY 1
    NO MINVALUE
    NO MAXVALUE
    CACHE 1;


ALTER TABLE public.estados_id_seq OWNER TO postgres;

--
-- TOC entry 230 (class 1259 OID 16523)
-- Name: estados; Type: TABLE; Schema: public; Owner: postgres
--

CREATE TABLE public.estados (
    id_estado integer DEFAULT nextval('public.estados_id_seq'::regclass) NOT NULL,
    nom_estado text,
    cod_estado text,
    id_usuario_registra integer,
    id_usuario_modifica integer,
    created_at timestamp without time zone,
    updated_at timestamp without time zone,
    deleted_at timestamp without time zone,
    det_estado text
);


ALTER TABLE public.estados OWNER TO postgres;

--
-- TOC entry 231 (class 1259 OID 16530)
-- Name: fuentes_aplicaciones_id_seq; Type: SEQUENCE; Schema: public; Owner: postgres
--

CREATE SEQUENCE public.fuentes_aplicaciones_id_seq
    START WITH 1
    INCREMENT BY 1
    NO MINVALUE
    NO MAXVALUE
    CACHE 1;


ALTER TABLE public.fuentes_aplicaciones_id_seq OWNER TO postgres;

--
-- TOC entry 232 (class 1259 OID 16532)
-- Name: fuentes_aplicaciones; Type: TABLE; Schema: public; Owner: postgres
--

CREATE TABLE public.fuentes_aplicaciones (
    id_fuente_aplicacion integer DEFAULT nextval('public.fuentes_aplicaciones_id_seq'::regclass) NOT NULL,
    id_aplicacion integer,
    id_servicio integer,
    url_descarga text,
    nom_fuente text,
    det_fuente text,
    id_usuario_registra integer,
    id_usuario_modifica integer,
    created_at timestamp without time zone,
    updated_at timestamp without time zone,
    deleted_at timestamp without time zone
);


ALTER TABLE public.fuentes_aplicaciones OWNER TO postgres;

--
-- TOC entry 233 (class 1259 OID 16539)
-- Name: idiomas_id_seq; Type: SEQUENCE; Schema: public; Owner: postgres
--

CREATE SEQUENCE public.idiomas_id_seq
    START WITH 1
    INCREMENT BY 1
    NO MINVALUE
    NO MAXVALUE
    CACHE 1;


ALTER TABLE public.idiomas_id_seq OWNER TO postgres;

--
-- TOC entry 234 (class 1259 OID 16541)
-- Name: idiomas; Type: TABLE; Schema: public; Owner: postgres
--

CREATE TABLE public.idiomas (
    id_idioma integer DEFAULT nextval('public.idiomas_id_seq'::regclass) NOT NULL,
    nom_idioma text,
    det_idioma text,
    id_usuario_registra integer,
    id_usuario_modifica integer,
    created_at timestamp without time zone,
    updated_at timestamp without time zone,
    deleted_at timestamp without time zone
);


ALTER TABLE public.idiomas OWNER TO postgres;

--
-- TOC entry 235 (class 1259 OID 16548)
-- Name: log_navegacion_id_seq; Type: SEQUENCE; Schema: public; Owner: postgres
--

CREATE SEQUENCE public.log_navegacion_id_seq
    START WITH 1
    INCREMENT BY 1
    NO MINVALUE
    NO MAXVALUE
    CACHE 1;


ALTER TABLE public.log_navegacion_id_seq OWNER TO postgres;

--
-- TOC entry 236 (class 1259 OID 16550)
-- Name: log_navegacion; Type: TABLE; Schema: public; Owner: postgres
--

CREATE TABLE public.log_navegacion (
    id_log_navegacion integer DEFAULT nextval('public.log_navegacion_id_seq'::regclass) NOT NULL,
    id_usuario integer,
    cod_establecimiento text,
    nom_usuario text,
    email_usuario text,
    path_url text,
    ip text,
    latitude text,
    longitude text,
    created_at timestamp(0) without time zone,
    updated_at timestamp(0) without time zone,
    deleted_at timestamp without time zone
);


ALTER TABLE public.log_navegacion OWNER TO postgres;

--
-- TOC entry 237 (class 1259 OID 16557)
-- Name: mantenedores_id_seq; Type: SEQUENCE; Schema: public; Owner: postgres
--

CREATE SEQUENCE public.mantenedores_id_seq
    START WITH 1
    INCREMENT BY 1
    NO MINVALUE
    NO MAXVALUE
    CACHE 1;


ALTER TABLE public.mantenedores_id_seq OWNER TO postgres;

--
-- TOC entry 238 (class 1259 OID 16559)
-- Name: mantenedores; Type: TABLE; Schema: public; Owner: postgres
--

CREATE TABLE public.mantenedores (
    id_mantenedor integer DEFAULT nextval('public.mantenedores_id_seq'::regclass) NOT NULL,
    url_mantenedor text,
    nom_mantenedor text,
    det_mantenedor text,
    cod_mantenedor text,
    id_usuario_registra integer,
    id_usuario_modifica integer,
    created_at timestamp without time zone,
    updated_at timestamp without time zone,
    deleted_at timestamp without time zone,
    imagen_mantenedor text,
    font_icon_mantenedor text
);


ALTER TABLE public.mantenedores OWNER TO postgres;

--
-- TOC entry 239 (class 1259 OID 16566)
-- Name: menus_id_seq; Type: SEQUENCE; Schema: public; Owner: postgres
--

CREATE SEQUENCE public.menus_id_seq
    START WITH 1
    INCREMENT BY 1
    NO MINVALUE
    NO MAXVALUE
    CACHE 1;


ALTER TABLE public.menus_id_seq OWNER TO postgres;

--
-- TOC entry 240 (class 1259 OID 16568)
-- Name: menus; Type: TABLE; Schema: public; Owner: postgres
--

CREATE TABLE public.menus (
    id_menu integer DEFAULT nextval('public.menus_id_seq'::regclass) NOT NULL,
    url_menu text,
    nom_menu text,
    det_menu text,
    cod_menu text,
    id_usuario_registra integer,
    id_usuario_modifica integer,
    created_at timestamp without time zone,
    updated_at timestamp without time zone,
    deleted_at timestamp without time zone,
    imagen_menu text,
    font_icon_menu text
);


ALTER TABLE public.menus OWNER TO postgres;

--
-- TOC entry 241 (class 1259 OID 16575)
-- Name: migrations; Type: TABLE; Schema: public; Owner: postgres
--

CREATE TABLE public.migrations (
    id integer NOT NULL,
    migration character varying(255) NOT NULL,
    batch integer NOT NULL
);


ALTER TABLE public.migrations OWNER TO postgres;

--
-- TOC entry 242 (class 1259 OID 16578)
-- Name: migrations_id_seq; Type: SEQUENCE; Schema: public; Owner: postgres
--

CREATE SEQUENCE public.migrations_id_seq
    AS integer
    START WITH 1
    INCREMENT BY 1
    NO MINVALUE
    NO MAXVALUE
    CACHE 1;


ALTER TABLE public.migrations_id_seq OWNER TO postgres;

--
-- TOC entry 3753 (class 0 OID 0)
-- Dependencies: 242
-- Name: migrations_id_seq; Type: SEQUENCE OWNED BY; Schema: public; Owner: postgres
--

ALTER SEQUENCE public.migrations_id_seq OWNED BY public.migrations.id;


--
-- TOC entry 243 (class 1259 OID 16580)
-- Name: pais; Type: TABLE; Schema: public; Owner: postgres
--

CREATE TABLE public.pais (
    id_pais character varying(255),
    nombre_pais character varying(255),
    created_at timestamp(0) without time zone,
    updated_at timestamp(0) without time zone,
    deleted_at timestamp without time zone
);


ALTER TABLE public.pais OWNER TO postgres;

--
-- TOC entry 244 (class 1259 OID 16586)
-- Name: password_resets; Type: TABLE; Schema: public; Owner: postgres
--

CREATE TABLE public.password_resets (
    email character varying(255) NOT NULL,
    token character varying(255) NOT NULL,
    created_at timestamp(0) without time zone
);


ALTER TABLE public.password_resets OWNER TO postgres;

--
-- TOC entry 245 (class 1259 OID 16592)
-- Name: permisos_id_seq; Type: SEQUENCE; Schema: public; Owner: postgres
--

CREATE SEQUENCE public.permisos_id_seq
    START WITH 1
    INCREMENT BY 1
    NO MINVALUE
    NO MAXVALUE
    CACHE 1;


ALTER TABLE public.permisos_id_seq OWNER TO postgres;

--
-- TOC entry 246 (class 1259 OID 16594)
-- Name: permisos; Type: TABLE; Schema: public; Owner: postgres
--

CREATE TABLE public.permisos (
    id_permiso integer DEFAULT nextval('public.permisos_id_seq'::regclass) NOT NULL,
    nom_permiso text,
    det_permiso text,
    cod_permiso text,
    id_usuario_registra integer,
    id_usuario_modifica integer,
    created_at timestamp without time zone,
    updated_at timestamp without time zone,
    deleted_at timestamp without time zone
);


ALTER TABLE public.permisos OWNER TO postgres;

--
-- TOC entry 247 (class 1259 OID 16601)
-- Name: region; Type: TABLE; Schema: public; Owner: postgres
--

CREATE TABLE public.region (
    id_region character varying(255),
    nombre_region character varying(255),
    alias character varying(255),
    orden character varying(255),
    created_at timestamp(0) without time zone,
    updated_at timestamp(0) without time zone,
    deleted_at timestamp without time zone
);


ALTER TABLE public.region OWNER TO postgres;

--
-- TOC entry 248 (class 1259 OID 16607)
-- Name: roles_id_seq; Type: SEQUENCE; Schema: public; Owner: postgres
--

CREATE SEQUENCE public.roles_id_seq
    START WITH 1
    INCREMENT BY 1
    NO MINVALUE
    NO MAXVALUE
    CACHE 1;


ALTER TABLE public.roles_id_seq OWNER TO postgres;

--
-- TOC entry 249 (class 1259 OID 16609)
-- Name: roles; Type: TABLE; Schema: public; Owner: postgres
--

CREATE TABLE public.roles (
    id_role integer DEFAULT nextval('public.roles_id_seq'::regclass) NOT NULL,
    nom_role text,
    det_role text,
    id_usuario_registra integer,
    id_usuario_modifica integer,
    created_at timestamp without time zone,
    updated_at timestamp without time zone,
    deleted_at timestamp without time zone
);


ALTER TABLE public.roles OWNER TO postgres;

--
-- TOC entry 250 (class 1259 OID 16616)
-- Name: roles_permisos_id_seq; Type: SEQUENCE; Schema: public; Owner: postgres
--

CREATE SEQUENCE public.roles_permisos_id_seq
    START WITH 1
    INCREMENT BY 1
    NO MINVALUE
    NO MAXVALUE
    CACHE 1;


ALTER TABLE public.roles_permisos_id_seq OWNER TO postgres;

--
-- TOC entry 251 (class 1259 OID 16618)
-- Name: roles_permisos; Type: TABLE; Schema: public; Owner: postgres
--

CREATE TABLE public.roles_permisos (
    id_role_permiso integer DEFAULT nextval('public.roles_permisos_id_seq'::regclass) NOT NULL,
    id_role integer,
    id_permiso integer,
    id_usuario_registra integer,
    id_usuario_modifica integer,
    created_at timestamp without time zone,
    updated_at timestamp without time zone,
    deleted_at timestamp without time zone
);


ALTER TABLE public.roles_permisos OWNER TO postgres;

--
-- TOC entry 252 (class 1259 OID 16622)
-- Name: servicio_salud; Type: TABLE; Schema: public; Owner: postgres
--

CREATE TABLE public.servicio_salud (
    id_servicio_salud character varying(255),
    id_region character varying(255),
    nombre_servicio_salud character varying(255),
    orden character varying(255),
    created_at timestamp(0) without time zone,
    updated_at timestamp(0) without time zone,
    deleted_at timestamp without time zone
);


ALTER TABLE public.servicio_salud OWNER TO postgres;

--
-- TOC entry 253 (class 1259 OID 16628)
-- Name: servicios_id_seq; Type: SEQUENCE; Schema: public; Owner: postgres
--

CREATE SEQUENCE public.servicios_id_seq
    START WITH 1
    INCREMENT BY 1
    NO MINVALUE
    NO MAXVALUE
    CACHE 1;


ALTER TABLE public.servicios_id_seq OWNER TO postgres;

--
-- TOC entry 254 (class 1259 OID 16630)
-- Name: servicios; Type: TABLE; Schema: public; Owner: postgres
--

CREATE TABLE public.servicios (
    id_servicio integer DEFAULT nextval('public.servicios_id_seq'::regclass) NOT NULL,
    id_actividad integer,
    nom_servicio text,
    det_servicio text,
    id_usuario_registra integer,
    id_usuario_modifica integer,
    created_at timestamp without time zone,
    updated_at timestamp without time zone,
    deleted_at timestamp without time zone
);


ALTER TABLE public.servicios OWNER TO postgres;

--
-- TOC entry 255 (class 1259 OID 16637)
-- Name: servicios_estados_id_seq; Type: SEQUENCE; Schema: public; Owner: postgres
--

CREATE SEQUENCE public.servicios_estados_id_seq
    START WITH 1
    INCREMENT BY 1
    NO MINVALUE
    NO MAXVALUE
    CACHE 1;


ALTER TABLE public.servicios_estados_id_seq OWNER TO postgres;

--
-- TOC entry 256 (class 1259 OID 16639)
-- Name: servicios_estados; Type: TABLE; Schema: public; Owner: postgres
--

CREATE TABLE public.servicios_estados (
    id_servicio_estado integer DEFAULT nextval('public.servicios_estados_id_seq'::regclass) NOT NULL,
    id_servicio integer,
    id_estado integer,
    id_usuario_registra integer,
    id_usuario_modifica integer,
    created_at timestamp without time zone,
    updated_at timestamp without time zone,
    deleted_at timestamp without time zone
);


ALTER TABLE public.servicios_estados OWNER TO postgres;

--
-- TOC entry 257 (class 1259 OID 16643)
-- Name: servicios_permisos_id_seq; Type: SEQUENCE; Schema: public; Owner: postgres
--

CREATE SEQUENCE public.servicios_permisos_id_seq
    START WITH 1
    INCREMENT BY 1
    NO MINVALUE
    NO MAXVALUE
    CACHE 1;


ALTER TABLE public.servicios_permisos_id_seq OWNER TO postgres;

--
-- TOC entry 258 (class 1259 OID 16645)
-- Name: servicios_permisos; Type: TABLE; Schema: public; Owner: postgres
--

CREATE TABLE public.servicios_permisos (
    id_servicio_permiso integer DEFAULT nextval('public.servicios_permisos_id_seq'::regclass) NOT NULL,
    id_servicio integer,
    id_permiso integer,
    id_usuario_registra integer,
    id_usuario_modifica integer,
    created_at timestamp without time zone,
    updated_at timestamp without time zone,
    deleted_at timestamp without time zone
);


ALTER TABLE public.servicios_permisos OWNER TO postgres;

--
-- TOC entry 259 (class 1259 OID 16649)
-- Name: servicios_tags_id_seq; Type: SEQUENCE; Schema: public; Owner: postgres
--

CREATE SEQUENCE public.servicios_tags_id_seq
    START WITH 1
    INCREMENT BY 1
    NO MINVALUE
    NO MAXVALUE
    CACHE 1;


ALTER TABLE public.servicios_tags_id_seq OWNER TO postgres;

--
-- TOC entry 260 (class 1259 OID 16651)
-- Name: servicios_tags; Type: TABLE; Schema: public; Owner: postgres
--

CREATE TABLE public.servicios_tags (
    id_servicio_tag integer DEFAULT nextval('public.servicios_tags_id_seq'::regclass) NOT NULL,
    id_servicio integer,
    id_tag integer,
    id_usuario_registra integer,
    id_usuario_modifica integer,
    created_at timestamp without time zone,
    updated_at timestamp without time zone,
    deleted_at timestamp without time zone
);


ALTER TABLE public.servicios_tags OWNER TO postgres;

--
-- TOC entry 261 (class 1259 OID 16655)
-- Name: servicios_usuarios_id_seq; Type: SEQUENCE; Schema: public; Owner: postgres
--

CREATE SEQUENCE public.servicios_usuarios_id_seq
    START WITH 1
    INCREMENT BY 1
    NO MINVALUE
    NO MAXVALUE
    CACHE 1;


ALTER TABLE public.servicios_usuarios_id_seq OWNER TO postgres;

--
-- TOC entry 262 (class 1259 OID 16657)
-- Name: servicios_usuarios; Type: TABLE; Schema: public; Owner: postgres
--

CREATE TABLE public.servicios_usuarios (
    id_servicio_usuario integer DEFAULT nextval('public.servicios_usuarios_id_seq'::regclass) NOT NULL,
    id_servicio integer,
    id_usuario integer,
    id_usuario_registra integer,
    id_usuario_modifica integer,
    created_at timestamp without time zone,
    updated_at timestamp without time zone,
    deleted_at timestamp without time zone
);


ALTER TABLE public.servicios_usuarios OWNER TO postgres;

--
-- TOC entry 263 (class 1259 OID 16661)
-- Name: servidor_aplicaciones_id_seq; Type: SEQUENCE; Schema: public; Owner: postgres
--

CREATE SEQUENCE public.servidor_aplicaciones_id_seq
    START WITH 1
    INCREMENT BY 1
    NO MINVALUE
    NO MAXVALUE
    CACHE 1;


ALTER TABLE public.servidor_aplicaciones_id_seq OWNER TO postgres;

--
-- TOC entry 264 (class 1259 OID 16663)
-- Name: servidor_estado_id_seq; Type: SEQUENCE; Schema: public; Owner: postgres
--

CREATE SEQUENCE public.servidor_estado_id_seq
    START WITH 1
    INCREMENT BY 1
    NO MINVALUE
    NO MAXVALUE
    CACHE 1;


ALTER TABLE public.servidor_estado_id_seq OWNER TO postgres;

--
-- TOC entry 265 (class 1259 OID 16665)
-- Name: servidor_historico_cambios_id_seq; Type: SEQUENCE; Schema: public; Owner: postgres
--

CREATE SEQUENCE public.servidor_historico_cambios_id_seq
    START WITH 1
    INCREMENT BY 1
    NO MINVALUE
    NO MAXVALUE
    CACHE 1;


ALTER TABLE public.servidor_historico_cambios_id_seq OWNER TO postgres;

--
-- TOC entry 266 (class 1259 OID 16667)
-- Name: servidores; Type: TABLE; Schema: public; Owner: postgres
--

CREATE TABLE public.servidores (
    id_servidor integer DEFAULT nextval('public.servidor_aplicaciones_id_seq'::regclass) NOT NULL,
    id_datacentro integer,
    id_sistema_operativo integer,
    nom_servidor text,
    ip_servidor text,
    id_usuario_registra integer,
    id_usuario_modifica integer,
    created_at timestamp without time zone,
    updated_at timestamp without time zone,
    deleted_at timestamp without time zone,
    det_servidor text,
    ram integer,
    memoria_dd integer,
    swap integer,
    procesador text,
    frec_procesador integer,
    nucleos integer,
    usuarios_pactados integer,
    mac text,
    nodo text,
    interface text,
    id_ambiente integer,
    modelo_procesador text,
    id_cluster integer,
    agente_instana_instalado text,
    id_servicio integer,
    id_vlan integer,
    id_tipo_servidor integer,
    id_tipo_respaldo_disco integer,
    id_template integer,
    id_environment integer
);


ALTER TABLE public.servidores OWNER TO postgres;

--
-- TOC entry 267 (class 1259 OID 16674)
-- Name: servidores_accesos; Type: TABLE; Schema: public; Owner: postgres
--

CREATE TABLE public.servidores_accesos (
    id_servidor_acceso integer DEFAULT nextval('public.accesos_servidores_id_seq'::regclass) NOT NULL,
    id_aplicacion integer,
    id_servidor integer,
    usuario text,
    clave text,
    tipo_acceso text,
    puerto text,
    id_usuario_registra integer,
    id_usuario_modifica integer,
    created_at timestamp without time zone,
    updated_at timestamp without time zone,
    deleted_at timestamp without time zone
);


ALTER TABLE public.servidores_accesos OWNER TO postgres;

--
-- TOC entry 268 (class 1259 OID 16681)
-- Name: servidores_estados; Type: TABLE; Schema: public; Owner: postgres
--

CREATE TABLE public.servidores_estados (
    id_servidor_estado integer DEFAULT nextval('public.servidor_estado_id_seq'::regclass) NOT NULL,
    id_servidor integer,
    id_estado integer,
    id_usuario_registra integer,
    id_usuario_modifica integer,
    created_at timestamp without time zone,
    updated_at timestamp without time zone,
    deleted_at timestamp without time zone
);


ALTER TABLE public.servidores_estados OWNER TO postgres;

--
-- TOC entry 269 (class 1259 OID 16685)
-- Name: servidores_historico_cambios; Type: TABLE; Schema: public; Owner: postgres
--

CREATE TABLE public.servidores_historico_cambios (
    id_servidor_historico integer DEFAULT nextval('public.servidor_historico_cambios_id_seq'::regclass) NOT NULL,
    id_servidor integer,
    id_datacentro integer,
    id_sistema_operativo integer,
    nom_servidor text,
    ip_servidor text,
    id_usuario_registra integer,
    id_usuario_modifica integer,
    created_at timestamp without time zone,
    updated_at timestamp without time zone,
    deleted_at timestamp without time zone,
    det_servidor text,
    ram integer,
    memoria_dd integer,
    swap integer,
    procesador text,
    frec_procesador integer,
    nucleos integer,
    usuarios_pactados integer,
    mac text,
    nodo text,
    interface text,
    id_ambiente integer,
    modelo_procesador text,
    id_cluster integer,
    agente_instana_instalado integer
);


ALTER TABLE public.servidores_historico_cambios OWNER TO postgres;

--
-- TOC entry 270 (class 1259 OID 16692)
-- Name: servidores_lvm_id_seq; Type: SEQUENCE; Schema: public; Owner: postgres
--

CREATE SEQUENCE public.servidores_lvm_id_seq
    START WITH 1
    INCREMENT BY 1
    NO MINVALUE
    NO MAXVALUE
    CACHE 1;


ALTER TABLE public.servidores_lvm_id_seq OWNER TO postgres;

--
-- TOC entry 271 (class 1259 OID 16694)
-- Name: servidores_lvms; Type: TABLE; Schema: public; Owner: postgres
--

CREATE TABLE public.servidores_lvms (
    id_servidor_lvm integer DEFAULT nextval('public.servidores_lvm_id_seq'::regclass) NOT NULL,
    lvm_raiz integer,
    lvm_usr integer,
    lvm_tmp integer,
    lvm_var integer,
    lvm_home integer,
    id_usuario_registra integer,
    id_usuario_modifica integer,
    created_at timestamp without time zone,
    updated_at timestamp without time zone,
    deleted_at timestamp without time zone,
    id_servidor integer,
    lvm_opt integer,
    lvm_instaladores integer,
    lvm_boot integer,
    lvm_swap integer,
    lvm_u01 integer
);


ALTER TABLE public.servidores_lvms OWNER TO postgres;

--
-- TOC entry 272 (class 1259 OID 16698)
-- Name: sistemas_operativos_id_seq; Type: SEQUENCE; Schema: public; Owner: postgres
--

CREATE SEQUENCE public.sistemas_operativos_id_seq
    START WITH 1
    INCREMENT BY 1
    NO MINVALUE
    NO MAXVALUE
    CACHE 1;


ALTER TABLE public.sistemas_operativos_id_seq OWNER TO postgres;

--
-- TOC entry 273 (class 1259 OID 16700)
-- Name: sistemas_operativos; Type: TABLE; Schema: public; Owner: postgres
--

CREATE TABLE public.sistemas_operativos (
    id_sistema_operativo integer DEFAULT nextval('public.sistemas_operativos_id_seq'::regclass) NOT NULL,
    arquitectura text,
    nom_sistema_operativo text,
    det_sistema_operativo text,
    vers_sistema_operativo text,
    lic_sistema_operativo text,
    det_licencia_sistema_operativo text,
    id_usuario_registra integer,
    id_usuario_modifica integer,
    created_at timestamp without time zone,
    updated_at timestamp without time zone,
    deleted_at timestamp without time zone,
    id_idioma integer,
    id_tipo_sistema_operativo integer
);


ALTER TABLE public.sistemas_operativos OWNER TO postgres;

--
-- TOC entry 274 (class 1259 OID 16707)
-- Name: tags_id_seq; Type: SEQUENCE; Schema: public; Owner: postgres
--

CREATE SEQUENCE public.tags_id_seq
    START WITH 1
    INCREMENT BY 1
    NO MINVALUE
    NO MAXVALUE
    CACHE 1;


ALTER TABLE public.tags_id_seq OWNER TO postgres;

--
-- TOC entry 275 (class 1259 OID 16709)
-- Name: tags; Type: TABLE; Schema: public; Owner: postgres
--

CREATE TABLE public.tags (
    id_tag integer DEFAULT nextval('public.tags_id_seq'::regclass) NOT NULL,
    nom_tag text,
    det_tag text,
    meta_tag text,
    id_usuario_registra integer,
    id_usuario_modifica integer,
    created_at timestamp without time zone,
    updated_at timestamp without time zone,
    deleted_at timestamp without time zone
);


ALTER TABLE public.tags OWNER TO postgres;

--
-- TOC entry 276 (class 1259 OID 16716)
-- Name: tecnologia_desarrollo_id_seq; Type: SEQUENCE; Schema: public; Owner: postgres
--

CREATE SEQUENCE public.tecnologia_desarrollo_id_seq
    START WITH 1
    INCREMENT BY 1
    NO MINVALUE
    NO MAXVALUE
    CACHE 1;


ALTER TABLE public.tecnologia_desarrollo_id_seq OWNER TO postgres;

--
-- TOC entry 277 (class 1259 OID 16718)
-- Name: tecnologia_desarrollo; Type: TABLE; Schema: public; Owner: postgres
--

CREATE TABLE public.tecnologia_desarrollo (
    id_tecnologia_desarrollo integer DEFAULT nextval('public.tecnologia_desarrollo_id_seq'::regclass) NOT NULL,
    id_tipo_tecnologia integer,
    nom_tecnologia text,
    det_tecnologia text,
    vers_tecnologia text,
    id_usuario_registra integer,
    id_usuario_modifica integer,
    created_at timestamp without time zone,
    updated_at timestamp without time zone,
    deleted_at timestamp without time zone
);


ALTER TABLE public.tecnologia_desarrollo OWNER TO postgres;

--
-- TOC entry 278 (class 1259 OID 16725)
-- Name: tipos_aplicaciones_id_seq; Type: SEQUENCE; Schema: public; Owner: postgres
--

CREATE SEQUENCE public.tipos_aplicaciones_id_seq
    START WITH 1
    INCREMENT BY 1
    NO MINVALUE
    NO MAXVALUE
    CACHE 1;


ALTER TABLE public.tipos_aplicaciones_id_seq OWNER TO postgres;

--
-- TOC entry 279 (class 1259 OID 16727)
-- Name: tipos_aplicaciones; Type: TABLE; Schema: public; Owner: postgres
--

CREATE TABLE public.tipos_aplicaciones (
    id_tipo_aplicacion integer DEFAULT nextval('public.tipos_aplicaciones_id_seq'::regclass) NOT NULL,
    nom_tipo_aplicacion text,
    det_tipo_aplicacion text,
    cod_tipo_aplicacion text,
    id_usuario_registra integer,
    id_usuario_modifica integer,
    created_at timestamp without time zone,
    updated_at timestamp without time zone,
    deleted_at timestamp without time zone
);


ALTER TABLE public.tipos_aplicaciones OWNER TO postgres;

--
-- TOC entry 280 (class 1259 OID 16734)
-- Name: tipos_clusters_id_seq; Type: SEQUENCE; Schema: public; Owner: postgres
--

CREATE SEQUENCE public.tipos_clusters_id_seq
    START WITH 1
    INCREMENT BY 1
    NO MINVALUE
    NO MAXVALUE
    CACHE 1;


ALTER TABLE public.tipos_clusters_id_seq OWNER TO postgres;

--
-- TOC entry 281 (class 1259 OID 16736)
-- Name: tipos_clusters; Type: TABLE; Schema: public; Owner: postgres
--

CREATE TABLE public.tipos_clusters (
    id_tipo_cluster integer DEFAULT nextval('public.tipos_clusters_id_seq'::regclass) NOT NULL,
    nom_tipo_cluster text,
    det_tipo_cluster text,
    cod_tipo_cluster text,
    id_usuario_registra integer,
    id_usuario_modifica integer,
    created_at timestamp without time zone,
    updated_at timestamp without time zone,
    deleted_at timestamp without time zone
);


ALTER TABLE public.tipos_clusters OWNER TO postgres;

--
-- TOC entry 282 (class 1259 OID 16743)
-- Name: tipos_respaldos_discos_id_seq; Type: SEQUENCE; Schema: public; Owner: postgres
--

CREATE SEQUENCE public.tipos_respaldos_discos_id_seq
    START WITH 1
    INCREMENT BY 1
    NO MINVALUE
    NO MAXVALUE
    CACHE 1;


ALTER TABLE public.tipos_respaldos_discos_id_seq OWNER TO postgres;

--
-- TOC entry 283 (class 1259 OID 16745)
-- Name: tipos_respaldos_discos; Type: TABLE; Schema: public; Owner: postgres
--

CREATE TABLE public.tipos_respaldos_discos (
    id_tipo_respaldo_disco integer DEFAULT nextval('public.tipos_respaldos_discos_id_seq'::regclass) NOT NULL,
    nom_tipo_respaldo_disco text,
    det_tipo_respaldo_disco text,
    cod_tipo_respaldo_disco text,
    id_usuario_registra integer,
    id_usuario_modifica integer,
    created_at timestamp without time zone,
    updated_at timestamp without time zone,
    deleted_at timestamp without time zone
);


ALTER TABLE public.tipos_respaldos_discos OWNER TO postgres;

--
-- TOC entry 284 (class 1259 OID 16752)
-- Name: tipos_servidores_id_seq; Type: SEQUENCE; Schema: public; Owner: postgres
--

CREATE SEQUENCE public.tipos_servidores_id_seq
    START WITH 1
    INCREMENT BY 1
    NO MINVALUE
    NO MAXVALUE
    CACHE 1;


ALTER TABLE public.tipos_servidores_id_seq OWNER TO postgres;

--
-- TOC entry 285 (class 1259 OID 16754)
-- Name: tipos_servidores; Type: TABLE; Schema: public; Owner: postgres
--

CREATE TABLE public.tipos_servidores (
    id_tipo_servidor integer DEFAULT nextval('public.tipos_servidores_id_seq'::regclass) NOT NULL,
    nom_tipo_servidor text,
    det_tipo_servidor text,
    cod_tipo_servidor text,
    id_usuario_registra integer,
    id_usuario_modifica integer,
    created_at timestamp without time zone,
    updated_at timestamp without time zone,
    deleted_at timestamp without time zone
);


ALTER TABLE public.tipos_servidores OWNER TO postgres;

--
-- TOC entry 286 (class 1259 OID 16761)
-- Name: tipos_sistemas_operativos_id_seq; Type: SEQUENCE; Schema: public; Owner: postgres
--

CREATE SEQUENCE public.tipos_sistemas_operativos_id_seq
    START WITH 1
    INCREMENT BY 1
    NO MINVALUE
    NO MAXVALUE
    CACHE 1;


ALTER TABLE public.tipos_sistemas_operativos_id_seq OWNER TO postgres;

--
-- TOC entry 287 (class 1259 OID 16763)
-- Name: tipos_sistemas_operativos; Type: TABLE; Schema: public; Owner: postgres
--

CREATE TABLE public.tipos_sistemas_operativos (
    id_tipo_sistema_operativo integer DEFAULT nextval('public.tipos_sistemas_operativos_id_seq'::regclass) NOT NULL,
    nom_tipo_sistema_operativo text,
    det_tipo_sistema_operativo text,
    cod_tipo_sistema_operativo text,
    id_usuario_registra integer,
    id_usuario_modifica integer,
    created_at timestamp without time zone,
    updated_at timestamp without time zone,
    deleted_at timestamp without time zone
);


ALTER TABLE public.tipos_sistemas_operativos OWNER TO postgres;

--
-- TOC entry 288 (class 1259 OID 16770)
-- Name: tipos_tecnologias_desarrollo_id_seq; Type: SEQUENCE; Schema: public; Owner: postgres
--

CREATE SEQUENCE public.tipos_tecnologias_desarrollo_id_seq
    START WITH 1
    INCREMENT BY 1
    NO MINVALUE
    NO MAXVALUE
    CACHE 1;


ALTER TABLE public.tipos_tecnologias_desarrollo_id_seq OWNER TO postgres;

--
-- TOC entry 289 (class 1259 OID 16772)
-- Name: tipos_tecnologias_desarrollo; Type: TABLE; Schema: public; Owner: postgres
--

CREATE TABLE public.tipos_tecnologias_desarrollo (
    id_tipo_tecnologia_desarrollo integer DEFAULT nextval('public.tipos_tecnologias_desarrollo_id_seq'::regclass) NOT NULL,
    nom_tipo_tecnologia text,
    det_tipo_tecnologia text,
    cod_tipo_tecnologia text,
    id_usuario_registra integer,
    id_usuario_modifica integer,
    created_at timestamp without time zone,
    updated_at timestamp without time zone,
    deleted_at timestamp without time zone
);


ALTER TABLE public.tipos_tecnologias_desarrollo OWNER TO postgres;

--
-- TOC entry 290 (class 1259 OID 16779)
-- Name: usuarios_id_seq; Type: SEQUENCE; Schema: public; Owner: postgres
--

CREATE SEQUENCE public.usuarios_id_seq
    START WITH 1
    INCREMENT BY 1
    NO MINVALUE
    NO MAXVALUE
    CACHE 1;


ALTER TABLE public.usuarios_id_seq OWNER TO postgres;

--
-- TOC entry 291 (class 1259 OID 16781)
-- Name: usuarios; Type: TABLE; Schema: public; Owner: postgres
--

CREATE TABLE public.usuarios (
    id_usuario integer DEFAULT nextval('public.usuarios_id_seq'::regclass) NOT NULL,
    nom_usuario text NOT NULL,
    nom_completo text,
    ape_paterno text,
    ape_materno text,
    username text,
    email text NOT NULL,
    password text NOT NULL,
    remember_token text,
    id_usuario_registra integer,
    id_usuario_modifica integer,
    created_at timestamp without time zone,
    updated_at timestamp without time zone,
    deleted_at timestamp without time zone
);


ALTER TABLE public.usuarios OWNER TO postgres;

--
-- TOC entry 292 (class 1259 OID 16788)
-- Name: usuarios_bitacora_servicios_id_seq; Type: SEQUENCE; Schema: public; Owner: postgres
--

CREATE SEQUENCE public.usuarios_bitacora_servicios_id_seq
    START WITH 1
    INCREMENT BY 1
    NO MINVALUE
    NO MAXVALUE
    CACHE 1;


ALTER TABLE public.usuarios_bitacora_servicios_id_seq OWNER TO postgres;

--
-- TOC entry 293 (class 1259 OID 16790)
-- Name: usuarios_bitacora_servicios; Type: TABLE; Schema: public; Owner: postgres
--

CREATE TABLE public.usuarios_bitacora_servicios (
    id_usuario_bitacora_servicio integer DEFAULT nextval('public.usuarios_bitacora_servicios_id_seq'::regclass) NOT NULL,
    id_usuario integer,
    id_servicio integer,
    id_actividad integer,
    asunto text,
    det_bitacora text,
    id_usuario_registra integer,
    id_usuario_modifica integer,
    created_at timestamp without time zone,
    updated_at timestamp without time zone,
    deleted_at timestamp without time zone
);


ALTER TABLE public.usuarios_bitacora_servicios OWNER TO postgres;

--
-- TOC entry 294 (class 1259 OID 16797)
-- Name: usuarios_cargos_id_seq; Type: SEQUENCE; Schema: public; Owner: postgres
--

CREATE SEQUENCE public.usuarios_cargos_id_seq
    START WITH 1
    INCREMENT BY 1
    NO MINVALUE
    NO MAXVALUE
    CACHE 1;


ALTER TABLE public.usuarios_cargos_id_seq OWNER TO postgres;

--
-- TOC entry 295 (class 1259 OID 16799)
-- Name: usuarios_cargos; Type: TABLE; Schema: public; Owner: postgres
--

CREATE TABLE public.usuarios_cargos (
    id_usuario_cargo integer DEFAULT nextval('public.usuarios_cargos_id_seq'::regclass) NOT NULL,
    id_usuario integer,
    id_cargo integer,
    id_usuario_registra integer,
    id_usuario_modifica integer,
    created_at timestamp without time zone,
    updated_at timestamp without time zone,
    deleted_at timestamp without time zone
);


ALTER TABLE public.usuarios_cargos OWNER TO postgres;

--
-- TOC entry 296 (class 1259 OID 16803)
-- Name: usuarios_estados_id_seq; Type: SEQUENCE; Schema: public; Owner: postgres
--

CREATE SEQUENCE public.usuarios_estados_id_seq
    START WITH 1
    INCREMENT BY 1
    NO MINVALUE
    NO MAXVALUE
    CACHE 1;


ALTER TABLE public.usuarios_estados_id_seq OWNER TO postgres;

--
-- TOC entry 297 (class 1259 OID 16805)
-- Name: usuarios_estados; Type: TABLE; Schema: public; Owner: postgres
--

CREATE TABLE public.usuarios_estados (
    id_usuario_estado integer DEFAULT nextval('public.usuarios_estados_id_seq'::regclass) NOT NULL,
    id_estado integer,
    id_usuario integer,
    id_usuario_registra integer,
    id_usuario_modifica integer,
    created_at timestamp without time zone,
    updated_at timestamp without time zone,
    deleted_at timestamp without time zone
);


ALTER TABLE public.usuarios_estados OWNER TO postgres;

--
-- TOC entry 298 (class 1259 OID 16809)
-- Name: usuarios_roles_id_seq; Type: SEQUENCE; Schema: public; Owner: postgres
--

CREATE SEQUENCE public.usuarios_roles_id_seq
    START WITH 1
    INCREMENT BY 1
    NO MINVALUE
    NO MAXVALUE
    CACHE 1;


ALTER TABLE public.usuarios_roles_id_seq OWNER TO postgres;

--
-- TOC entry 299 (class 1259 OID 16811)
-- Name: usuarios_roles; Type: TABLE; Schema: public; Owner: postgres
--

CREATE TABLE public.usuarios_roles (
    id_usuario_role integer DEFAULT nextval('public.usuarios_roles_id_seq'::regclass) NOT NULL,
    id_role integer,
    id_usuario integer,
    id_usuario_registra integer,
    id_usuario_modifica integer,
    created_at timestamp without time zone,
    updated_at timestamp without time zone,
    deleted_at timestamp without time zone
);


ALTER TABLE public.usuarios_roles OWNER TO postgres;

--
-- TOC entry 300 (class 1259 OID 16815)
-- Name: usuarios_servicios_id_seq; Type: SEQUENCE; Schema: public; Owner: postgres
--

CREATE SEQUENCE public.usuarios_servicios_id_seq
    START WITH 1
    INCREMENT BY 1
    NO MINVALUE
    NO MAXVALUE
    CACHE 1;


ALTER TABLE public.usuarios_servicios_id_seq OWNER TO postgres;

--
-- TOC entry 301 (class 1259 OID 16817)
-- Name: usuarios_servicios; Type: TABLE; Schema: public; Owner: postgres
--

CREATE TABLE public.usuarios_servicios (
    id_usuario_servicio integer DEFAULT nextval('public.usuarios_servicios_id_seq'::regclass) NOT NULL,
    id_usuario integer,
    id_servicio integer,
    id_usuario_registra integer,
    id_usuario_modifica integer,
    created_at timestamp without time zone,
    updated_at timestamp without time zone,
    deleted_at timestamp without time zone
);


ALTER TABLE public.usuarios_servicios OWNER TO postgres;

--
-- TOC entry 302 (class 1259 OID 16821)
-- Name: vlans_id_seq; Type: SEQUENCE; Schema: public; Owner: postgres
--

CREATE SEQUENCE public.vlans_id_seq
    START WITH 1
    INCREMENT BY 1
    NO MINVALUE
    NO MAXVALUE
    CACHE 1;


ALTER TABLE public.vlans_id_seq OWNER TO postgres;

--
-- TOC entry 303 (class 1259 OID 16823)
-- Name: vlans; Type: TABLE; Schema: public; Owner: postgres
--

CREATE TABLE public.vlans (
    id_vlan integer DEFAULT nextval('public.vlans_id_seq'::regclass) NOT NULL,
    nom_vlan text,
    det_vlan text,
    cod_vlan text,
    id_usuario_registra integer,
    id_usuario_modifica integer,
    created_at timestamp without time zone,
    updated_at timestamp without time zone,
    deleted_at timestamp without time zone
);


ALTER TABLE public.vlans OWNER TO postgres;

--
-- TOC entry 3383 (class 2604 OID 16830)
-- Name: migrations id; Type: DEFAULT; Schema: public; Owner: postgres
--

ALTER TABLE ONLY public.migrations ALTER COLUMN id SET DEFAULT nextval('public.migrations_id_seq'::regclass);


--
-- TOC entry 3640 (class 0 OID 16393)
-- Dependencies: 199
-- Data for Name: actividades; Type: TABLE DATA; Schema: public; Owner: postgres
--

COPY public.actividades (id_actividad, nom_actividad, det_actividad, id_usuario_registra, id_usuario_modifica, created_at, updated_at, deleted_at) FROM stdin;
2	Soporte	Soporte	1	4	2018-02-27 18:31:56	2018-02-28 05:58:33	\N
3	Seguimiento	Seguimiento	1	4	2018-02-27 18:32:09	2018-03-04 12:28:10	\N
5	Requerimientos	Requerimientos	1	4	2018-02-27 18:32:32	2018-03-06 06:34:43	\N
6	Migraciones	Migraciones	1	4	2018-02-27 18:32:39	2018-03-06 06:34:46	\N
8	Descargas Masivas	Descargas Masivas	1	4	2018-02-27 18:33:04	2018-03-06 06:42:00	\N
10	Homologacion de Proyectos	Homologacion de proyectos	1	4	2018-02-27 18:33:38	2018-03-12 01:37:17	\N
12	test	test	4	4	2018-03-21 20:49:01	2018-03-21 20:49:12	2018-03-21 20:49:12
9	Tareas Programadas	Tareas Programadas	1	4	2018-02-27 18:33:17	2018-03-28 18:11:13	\N
13	fasdfdf	asdfsadf	1	1	2018-03-29 06:10:12	2018-03-29 06:10:35	2018-03-29 06:10:35
11	Cubicacion Maquina	Actividad de gestion para la disponibilizacion de servidor o maquina para alojar un aplicativo.	1	4	2018-02-27 18:33:57	2018-04-04 03:40:14	\N
7	Cargas Masivas	Actividad de proceso para trabajar sobre grandes tuplas de datos como entrada o salida, u otras actividades relacionadas a procesamiento masivo.	1	4	2018-02-27 18:32:52	2018-04-04 03:41:31	\N
1	Mantencion	Actividad de proceso y ejecucion para mantener las soluciones ya desarrolladas o heredadas de algun proveedor externo, etc a clientes mediante software o gestores de contenidos.	1	4	2018-02-27 18:26:10	2018-04-04 03:44:22	\N
4	Desarrollo	Actividad de proceso y ejecucion para desarrollar soluciones, aplicativos, etc a clientes mediante software o gestores de contenidos.	1	4	2018-02-27 18:32:18	2018-04-04 03:44:37	\N
\.


--
-- TOC entry 3642 (class 0 OID 16402)
-- Dependencies: 201
-- Data for Name: actividades_tags; Type: TABLE DATA; Schema: public; Owner: postgres
--

COPY public.actividades_tags (id_actividad_tag, id_actividad, id_tag, id_usuario_registra, id_usuario_modifica, created_at, updated_at, deleted_at) FROM stdin;
\.


--
-- TOC entry 3644 (class 0 OID 16408)
-- Dependencies: 203
-- Data for Name: ambientes; Type: TABLE DATA; Schema: public; Owner: postgres
--

COPY public.ambientes (id_ambiente, nom_ambiente, det_ambiente, id_usuario_registra, id_usuario_modifica, created_at, updated_at, deleted_at) FROM stdin;
1	PROD	Produccion	\N	\N	\N	\N	\N
2	PREPROD	Pre produccion	\N	\N	\N	\N	\N
3	QA	Quality Assurance	\N	\N	\N	\N	\N
4	DEV	Desarrollo	\N	\N	\N	\N	\N
5	NA	Ninguno de los Anteriores	\N	\N	\N	\N	\N
\.


--
-- TOC entry 3646 (class 0 OID 16417)
-- Dependencies: 205
-- Data for Name: aplicaciones; Type: TABLE DATA; Schema: public; Owner: postgres
--

COPY public.aplicaciones (id_aplicacion, id_tipo_aplicacion, id_servicio, id_dominio, nom_aplicacion, det_aplicacion, alias, url_web, ip, subdominio, ssl_tls, id_usuario_registra, id_usuario_modifica, created_at, updated_at, deleted_at, id_servidor, id_template, id_environment) FROM stdin;
253	43	12	1	APIgee	Template: Eliminada ;  Environtment: Cassandra			172.20.34.10		false	24	24	2018-04-04 18:26:10	2018-04-04 18:26:10	\N	1166	\N	\N
254	43	12	1	APIgee	Template: Eliminada ;  Environtment: Cassandra			172.20.34.11		false	24	24	2018-04-04 18:26:10	2018-04-04 18:26:10	\N	1167	\N	\N
255	43	12	1	APIgee	Template: Eliminada ;  Environtment: Cassandra			172.20.34.12		false	24	24	2018-04-04 18:26:10	2018-04-04 18:26:10	\N	1168	\N	\N
256	43	12	1	APIgee	Template: Eliminada ;  Environtment: Message Processor			172.20.34.13		false	24	24	2018-04-04 18:26:10	2018-04-04 18:26:10	\N	1169	\N	\N
257	43	12	1	APIgee	Template: Eliminada ;  Environtment: Message Processor			172.20.34.14		false	24	24	2018-04-04 18:26:10	2018-04-04 18:26:10	\N	1170	\N	\N
258	43	12	1	APIgee	Template: Eliminada ;  Environtment: Analytics-PostGre			172.20.34.15		false	24	24	2018-04-04 18:26:10	2018-04-04 18:26:10	\N	1171	\N	\N
259	43	12	1	APIgee	Template: Eliminada ;  Environtment: Analytics-PostGre			172.20.34.16		false	24	24	2018-04-04 18:26:10	2018-04-04 18:26:10	\N	1172	\N	\N
260	43	12	1	APIgee	Template: Eliminada ;  Environtment: Qpid server			172.20.34.17		false	24	24	2018-04-04 18:26:10	2018-04-04 18:26:10	\N	1173	\N	\N
261	43	12	1	APigee	Template: Eliminada ;  Environtment: Qpid server			172.20.34.18		false	24	24	2018-04-04 18:26:10	2018-04-04 18:26:10	\N	1174	\N	\N
262	43	12	1	APIgee	Template: Eliminada ;  Environtment: OpenLDAP			172.20.34.19		false	24	24	2018-04-04 18:26:10	2018-04-04 18:26:10	\N	1175	\N	\N
263	43	12	1	APIgee	Template: Eliminada ;  Environtment: OpenLDAP			172.20.34.20		false	24	24	2018-04-04 18:26:10	2018-04-04 18:26:10	\N	1176	\N	\N
264	43	12	1	APIgee	Template: Eliminada ;  Environtment: Management Server UI			172.20.34.21		false	24	24	2018-04-04 18:26:10	2018-04-04 18:26:10	\N	1177	\N	\N
265	43	12	1	APIgee	Template: Eliminada ;  Environtment: Management Server UI			172.20.34.22		false	24	24	2018-04-04 18:26:10	2018-04-04 18:26:10	\N	1178	\N	\N
266	43	12	1	APIgee	Template: Eliminada ;  Environtment: Drupal Server			172.20.34.23		false	24	24	2018-04-04 18:26:10	2018-04-04 18:26:10	\N	1179	\N	\N
267	43	12	1	APIgee	Template: Eliminada ;  Environtment: Server1			172.20.34.24		false	24	24	2018-04-04 18:26:10	2018-04-04 18:26:10	\N	1180	\N	\N
268	43	12	1	APIgee	Template: Eliminada ;  Environtment: Server2			172.20.34.25		false	24	24	2018-04-04 18:26:10	2018-04-04 18:26:10	\N	1181	\N	\N
269	43	13	1	AFIS	Template: Creada y entregada a Zeke ;  Environtment: ActiveMQ   			172.20.34.26		false	24	24	2018-04-04 18:26:10	2018-04-04 18:26:10	\N	1182	\N	\N
270	43	13	1	AFIS	Template: Creada y entregada a Zeke ;  Environtment: ActiveMQ   			172.20.34.27		false	24	24	2018-04-04 18:26:10	2018-04-04 18:26:10	\N	1183	\N	\N
271	43	13	1	AFIS	Template: Creada y entregada a Zeke ;  Environtment: ActiveMQ   			172.20.34.28		false	24	24	2018-04-04 18:26:10	2018-04-04 18:26:10	\N	1184	\N	\N
272	43	14	1	IBM I2	Template: Creada y entregada a Zeke ;  Environtment: IBase Designer 			172.20.34.29		false	24	24	2018-04-04 18:26:10	2018-04-04 18:26:10	\N	1185	\N	\N
273	43	15	1	GES PROYECTOS	Template: Creada y entregada a Zeke ;  Environtment: Easy Redmine 			172.20.34.30		false	24	24	2018-04-04 18:26:10	2018-04-04 18:26:10	\N	1186	\N	\N
274	43	16	1	SVN	Template: Creada y entregada a Zeke ;  Environtment: SVN			172.20.34.31		false	24	24	2018-04-04 18:26:10	2018-04-04 18:26:10	\N	1187	\N	\N
275	43	16	1	CMDB	Template: Creada y entregada a Zeke ;  Environtment: CMDBuild	glpi.minsal.cl	glpi.minsal.cl	192.168.20.17 	glpi	false	24	24	2018-04-04 18:26:10	2018-04-04 18:26:10	\N	1188	\N	\N
276	43	16	1	MONITOREO	Template: Creada y entregada a Zeke ;  Environtment: Nagios XI	nagios.minsal.cl	nagios.minsal.cl	192.168.20.16 	nagios	false	24	24	2018-04-04 18:26:10	2018-04-04 18:26:10	\N	1189	\N	\N
277	43	15	1	WIKI	Template: Creada y entregada a Zeke ;  Environtment: Wiki			172.20.34.34		false	24	24	2018-04-04 18:26:10	2018-04-04 18:26:10	\N	1190	\N	\N
278	43	15	1	LMT	Template: Creada y entregada a Zeke ;  Environtment: IBM Licence Metric 			172.20.34.35		false	24	24	2018-04-04 18:26:10	2018-04-04 18:26:10	\N	1191	\N	\N
279	43	18	1	MONITOREO	Template: Eliminada ;  Environtment: Monitoreo Nous			172.20.34.36		false	24	24	2018-04-04 18:26:10	2018-04-04 18:26:10	\N	1192	\N	\N
280	43	18	1	MONITOREO	Template: Eliminada ;  Environtment: Monitoreo Nous			172.20.34.37		false	24	24	2018-04-04 18:26:10	2018-04-04 18:26:10	\N	1193	\N	\N
281	43	15	1	SPECTRUM	Template: Creada y entregada a Intesis ;  Environtment: VM respaldo			172.20.34.38		false	24	24	2018-04-04 18:26:10	2018-04-04 18:26:10	\N	1194	\N	\N
282	43	17	1	SEMANTIKO	Template: No se crearon se liberan las IP ;  Environtment: Semantikos			192.168.10.50		false	24	24	2018-04-04 18:26:10	2018-04-04 18:26:10	\N	1195	\N	\N
283	43	17	1	SEMANTIKO	Template: No se crearon se liberan las IP ;  Environtment: Semantikos			192.168.10.51		false	24	24	2018-04-04 18:26:10	2018-04-04 18:26:10	\N	1196	\N	\N
284	43	17	1	SEMANTIKO	Template: No se crearon se liberan las IP ;  Environtment: Semantikos			192.168.10.52		false	24	24	2018-04-04 18:26:10	2018-04-04 18:26:10	\N	1197	\N	\N
285	44	17	1	SEMANTIKO	Template: No se crearon se liberan las IP ;  Environtment: Semantikos			172.20.65.10		false	24	24	2018-04-04 18:26:10	2018-04-04 18:26:10	\N	1198	\N	\N
286	44	17	1	SEMANTIKO	Template: No se crearon se liberan las IP ;  Environtment: Semantikos			172.20.65.11		false	24	24	2018-04-04 18:26:10	2018-04-04 18:26:10	\N	1199	\N	\N
287	44	17	1	SEMANTIKO	Template: No se crearon se liberan las IP ;  Environtment: Semantikos			172.20.65.12		false	24	24	2018-04-04 18:26:10	2018-04-04 18:26:10	\N	1200	\N	\N
288	50	14	1	IBASE	Template: Creada y entregada a Zeke ;  Environtment: IBM IBase 			172.20.34.39		false	24	24	2018-04-04 18:26:10	2018-04-04 18:26:10	\N	1201	\N	\N
289	50	14	1	I2	Template: Creada y entregada a Zeke ;  Environtment: IBM I2 Analysts			172.20.34.40		false	24	24	2018-04-04 18:26:10	2018-04-04 18:26:10	\N	1202	\N	\N
290	50	14	1	Hadoop	Template: Servicio Virt-who ;  Environtment: Hadoop			172.20.34.41		false	24	24	2018-04-04 18:26:10	2018-04-04 18:26:10	\N	1203	\N	\N
291	50	14	1	Hadoop	Template: Creada y entregada a Zeke ;  Environtment: Hadoop			172.20.34.42		false	24	24	2018-04-04 18:26:10	2018-04-04 18:26:10	\N	1204	\N	\N
292	50	14	1	Hadoop	Template: Creada y entregada a Zeke ;  Environtment: Hadoop			172.20.34.43		false	24	24	2018-04-04 18:26:10	2018-04-04 18:26:10	\N	1205	\N	\N
293	50	14	1	Hadoop	Template: Creada y entregada a Zeke ;  Environtment: Hadoop			172.20.34.44		false	24	24	2018-04-04 18:26:10	2018-04-04 18:26:10	\N	1206	\N	\N
294	50	14	1	Hadoop	Template: Creada y entregada a Zeke ;  Environtment: Hadoop			172.20.34.45		false	24	24	2018-04-04 18:26:10	2018-04-04 18:26:10	\N	1207	\N	\N
295	50	15	1	FTP	Template: Se anula solitud ;  Environtment: Traspasos			172.20.34.46		false	24	24	2018-04-04 18:26:10	2018-04-04 18:26:10	\N	1208	\N	\N
296	43	17	1	SEMANTIKO	Template: Creada y entrega a Claudio Barra ;  Environtment: Semantikos			192.168.10.53		false	24	24	2018-04-04 18:26:10	2018-04-04 18:26:10	\N	1209	\N	\N
297	44	17	1	SEMANTIKO	Template: Creada y entrega a Claudio Barra ;  Environtment: Semantikos			172.20.8.15		false	24	24	2018-04-04 18:26:10	2018-04-04 18:26:10	\N	1210	\N	\N
298	45	18	1	OIRS	Template: Creada y entregada a Hugo ;  Environtment: Oirs			172.20.16.20		false	24	24	2018-04-04 18:26:10	2018-04-04 18:26:10	\N	1211	\N	\N
299	45	14	1	SPSS	Template: Creada y entregada a Zeke ;  Environtment: SPSS			172.20.34.47		false	24	24	2018-04-04 18:26:10	2018-04-04 18:26:10	\N	1212	\N	\N
300	45	14	1	SPSS	Template: Creada y entregada a Zeke ;  Environtment: SPSS			172.20.34.48		false	24	24	2018-04-04 18:26:10	2018-04-04 18:26:10	\N	1213	\N	\N
301	45	15	1	SURVEY	Template: Creada y entrega a Sergio Roca ;  Environtment: TIC_SIAC / LimeSurvey			192.168.60.10		false	24	24	2018-04-04 18:26:10	2018-04-04 18:26:10	\N	1214	\N	\N
302	45	15	1	SURVEY	Template: Creada y entrega a Sergio Roca ;  Environtment: DEV_SIAC / LimeSurvey			192.168.60.11		false	24	24	2018-04-04 18:26:10	2018-04-04 18:26:10	\N	1215	\N	\N
303	45	12	1	APIgee	Template: Creada y entregada a Zeke ;  Environtment: Message Processor router DMZ	api.minsal.cl	api.minsal.cl	192.168.70.10	api	false	24	24	2018-04-04 18:26:10	2018-04-04 18:26:10	\N	1216	\N	\N
304	45	12	1	APIgee	Template: Creada y entregada a Zeke ;  Environtment: Message Processor router DMZ			192.168.70.11		false	24	24	2018-04-04 18:26:10	2018-04-04 18:26:10	\N	1217	\N	\N
305	45	12	1	APIgee	Template: Creada y entregada a Zeke ;  Environtment: Message Processor router BE			172.20.89.10		false	24	24	2018-04-04 18:26:10	2018-04-04 18:26:10	\N	1218	\N	\N
306	45	12	1	APIgee	Template: Creada y entregada a Zeke ;  Environtment: Message Processor router BE			172.20.89.11		false	24	24	2018-04-04 18:26:10	2018-04-04 18:26:10	\N	1219	\N	\N
307	43	12	1	APIgee	Template: Eliminada ;  Environtment: Cassandra			172.20.34.10		false	24	24	2018-04-04 18:26:10	2018-04-04 18:26:10	\N	1166	\N	\N
308	43	12	1	APIgee	Template: Eliminada ;  Environtment: Cassandra			172.20.34.11		false	24	24	2018-04-04 18:26:10	2018-04-04 18:26:10	\N	1167	\N	\N
309	43	12	1	APIgee	Template: Eliminada ;  Environtment: Cassandra			172.20.34.12		false	24	24	2018-04-04 18:26:10	2018-04-04 18:26:10	\N	1168	\N	\N
310	43	12	1	APIgee	Template: Eliminada ;  Environtment: Analytics-PostGre			172.20.34.15		false	24	24	2018-04-04 18:26:10	2018-04-04 18:26:10	\N	1171	\N	\N
311	45	12	1	APIgee	Template: Creada y entregada a Zeke ;  Environtment: Developer Portal			172.20.90.14		false	24	24	2018-04-04 18:26:10	2018-04-04 18:26:10	\N	1224	\N	\N
312	43	12	1	APIgee	Template: Eliminada ;  Environtment: Qpid server			172.20.34.17		false	24	24	2018-04-04 18:26:10	2018-04-04 18:26:10	\N	1173	\N	\N
313	43	12	1	APIgee	Template: Eliminada ;  Environtment: Qpid server			172.20.34.18		false	24	24	2018-04-04 18:26:10	2018-04-04 18:26:10	\N	1174	\N	\N
314	43	12	1	APIgee	Template: Eliminada ;  Environtment: Management Server UI			172.20.34.21		false	24	24	2018-04-04 18:26:10	2018-04-04 18:26:10	\N	1177	\N	\N
315	45	12	1	APIgee	Template: Creada y entregada a Zeke ;  Environtment: Message Processor router DMZ	apiqa.minsal.cl	apiqa.minsal.cl	192.168.60.12	apiqa	false	24	24	2018-04-04 18:26:10	2018-04-04 18:26:10	\N	1228	\N	\N
316	45	12	1	APIgee	Template: Creada y entregada a Zeke ;  Environtment: Message Processor router DMZ			192.168.60.13		false	24	24	2018-04-04 18:26:10	2018-04-04 18:26:10	\N	1229	\N	\N
317	45	12	1	APIgee	Template: Creada y entregada a Zeke ;  Environtment: Message Processor router BE			172.20.34.20		false	24	24	2018-04-04 18:26:10	2018-04-04 18:26:10	\N	1230	\N	\N
318	45	12	1	APIgee	Template: Creada y entregada a Zeke ;  Environtment: Message Processor router BE			172.20.34.21		false	24	24	2018-04-04 18:26:10	2018-04-04 18:26:10	\N	1231	\N	\N
319	45	12	1	APIgee	Template: Creada y entregada a Zeke ;  Environtment: Management Server UI DEV			172.20.34.22		false	24	24	2018-04-04 18:26:10	2018-04-04 18:26:10	\N	1232	\N	\N
320	45	12	1	APIgee	Template: Creada y entregada a Zeke ;  Environtment: Management Server UI DEV			172.20.34.23		false	24	24	2018-04-04 18:26:10	2018-04-04 18:26:10	\N	1233	\N	\N
321	45	12	1	APIgee	Template: Creada y entregada a Zeke ;  Environtment: Analytics-PostGre DEV			172.20.34.24		false	24	24	2018-04-04 18:26:10	2018-04-04 18:26:10	\N	1234	\N	\N
322	45	12	1	APIgee	Template: Creada y entregada a Zeke ;  Environtment: Analytics-PostGre DEV			172.20.34.25		false	24	24	2018-04-04 18:26:10	2018-04-04 18:26:10	\N	1235	\N	\N
323	45	12	1	APIgee	Template: Creada y entregada a Zeke ;  Environtment: Pivote repo APIGEE			172.20.34.49		false	24	24	2018-04-04 18:26:10	2018-04-04 18:26:10	\N	1236	\N	\N
324	45	14	1	BI	Template: Creada y entregada a Nabelka ;  Environtment: DataStage PROYECTO			172.20.16.25		false	24	24	2018-04-04 18:26:10	2018-04-04 18:26:10	\N	1237	\N	\N
325	45	14	1	Datastage	Template: Creada y entregada a Zeke ;  Environtment: DataStage ZEKE			172.20.34.50		false	24	24	2018-04-04 18:26:10	2018-04-04 18:26:10	\N	1238	\N	\N
326	45	14	1	BI	Template: Creada y entregada a Zeke ;  Environtment: InfoSphere Streams			172.20.34.51		false	24	24	2018-04-04 18:26:10	2018-04-04 18:26:10	\N	1239	\N	\N
327	45	14	1	BI	Template: Creada y entregada a Zeke ;  Environtment: Cognos BI			172.20.34.52		false	24	24	2018-04-04 18:26:10	2018-04-04 18:26:10	\N	1240	\N	\N
328	45	14	1	BI	Template: Creada y entregada a Zeke ;  Environtment: SPSS Statistics Client			172.20.34.53		false	24	24	2018-04-04 18:26:10	2018-04-04 18:26:10	\N	1241	\N	\N
329	45	15	1	COMGES	Template: Creada y entregada a Nabelka ;  Environtment: Comges			172.20.8.17		false	24	24	2018-04-04 18:26:10	2018-04-04 18:26:10	\N	1242	\N	\N
330	45	14	1	Active MQ	Template: Entregar VM a Claudio Barra ;  Environtment: Active MQ DEV Minsal			172.20.8.18		false	24	24	2018-04-04 18:26:10	2018-04-04 18:26:10	\N	1243	\N	\N
331	45	15	1	MINSAL	Template: minsal, solicitar subir OVF ;  Environtment: www.minsal.cl	www.minsal.cl web.minsal.cl    - webqa.minsal.cl	www.minsal.cl web.minsal.cl    - webqa.minsal.cl	192.168.70.61	www	false	24	24	2018-04-04 18:26:10	2018-04-04 18:26:10	\N	1244	\N	\N
332	45	15	1	OIRS	Template: OIRS, solicitar subir OVF ;  Environtment: OIRS	oirs.minsal.cl  - oirsqa.minsal.cl	oirs.minsal.cl  - oirsqa.minsal.cl	192.168.20.14	oirs	false	24	24	2018-04-04 18:26:10	2018-04-04 18:26:10	\N	1245	\N	\N
333	45	15	1	SFTP	Template: Sitio Minsal ;  Environtment: MINSAL	sftphuellas.minsal.cl	sftphuellas.minsal.cl	192.168.20.15	sftphuellas	false	24	24	2018-04-04 18:26:10	2018-04-04 18:26:10	\N	1246	\N	\N
334	45	15	1	OIRS	Template: Sitio Oirs ;  Environtment: OIRS			172.20.16.18		false	24	24	2018-04-04 18:26:10	2018-04-04 18:26:10	\N	1247	\N	\N
335	45	15	1	MINSAL	Template: BD Minsal ;  Environtment: MINSAL			172.20.64.21		false	24	24	2018-04-04 18:26:10	2018-04-04 18:26:10	\N	1248	\N	\N
336	45	15	1	OIRS	Template: BDOirs ;  Environtment: OIRS			172.20.64.22		false	24	24	2018-04-04 18:26:10	2018-04-04 18:26:10	\N	1249	\N	\N
337	45	16	1	WSUS	Template: Creada y entregada a Claudio Barra ;  Environtment: WSUS MINSAL			172.20.6.10		false	24	24	2018-04-04 18:26:10	2018-04-04 18:26:10	\N	1250	\N	\N
338	45	16	1	SPECTRUM	Template: Creada y entregada a Intesis ;  Environtment: VM respaldo			172.20.33.20		false	24	24	2018-04-04 18:26:10	2018-04-04 18:26:10	\N	1251	\N	\N
339	45	16	1	NESSUS	Template: Eliminada ;  Environtment: Nessus Convergente			192.168.20.12		false	24	24	2018-04-04 18:26:10	2018-04-04 18:26:10	\N	1252	\N	\N
340	45	14	1	Active	Template: Creada y entregada a Claudio y Eugenio ;  Environtment: Active MQ QA Minsal			172.20.8.22		false	24	24	2018-04-04 18:26:10	2018-04-04 18:26:10	\N	1253	\N	\N
341	45	14	1	Active	Template: Creada y entregada a Claudio y Eugenio ;  Environtment: Active MQ PROD Minsal			172.20.6.11		false	24	24	2018-04-04 18:26:10	2018-04-04 18:26:10	\N	1254	\N	\N
342	45	14	1	Active	Template: Creada y entregada a Claudio y Eugenio ;  Environtment: Active MQ PROD Minsal			172.20.6.12		false	24	24	2018-04-04 18:26:10	2018-04-04 18:26:10	\N	1255	\N	\N
343	45	16	1	WSUS	Template: Creada y entregada a Claudio Barra ;  Environtment: WSUS MINSAL			172.20.6.13		false	24	24	2018-04-04 18:26:10	2018-04-04 18:26:10	\N	1256	\N	\N
344	45	16	1	WSUS	Template: Creada y entregada a Claudio Barra ;  Environtment: WSUS MINSAL			172.20.6.14		false	24	24	2018-04-04 18:26:10	2018-04-04 18:26:10	\N	1257	\N	\N
345	45	16	1	CMDB	Template: Creada y entregada a Zeke ;  Environtment: CMDBuild	glpidev.minsal.cl	glpidev.minsal.cl	172.20.16.19	glpidev	false	24	24	2018-04-04 18:26:10	2018-04-04 18:26:10	\N	1258	\N	\N
346	45	15	1	TRANSPARENCIA	Template: Transparencia Solicitar subir OVF ;  Environtment: transparencia.redsalud.gob.cl			172.20.8.23		false	24	24	2018-04-04 18:26:10	2018-04-04 18:26:10	\N	1259	\N	\N
347	45	15	1	COMGES	Template: No se crearon se liberan las IP ;  Environtment: Comges BD			172.20.6.15		false	24	24	2018-04-04 18:26:10	2018-04-04 18:26:10	\N	1260	\N	\N
348	45	17	1	SEMANTIKO	Template: Creada y entregada a Pablo Pizarro ;  Environtment: Semantikos DEV APP			172.20.16.26		false	24	24	2018-04-04 18:26:10	2018-04-04 18:26:10	\N	1261	\N	\N
349	45	17	1	SEMANTIKO	Template: Creada y entregada a Pablo Pizarro ;  Environtment: Semantikos DEV WEB			192.168.60.14		false	24	24	2018-04-04 18:26:10	2018-04-04 18:26:10	\N	1262	\N	\N
350	45	17	1	SEMANTIKO	Template: Creada y entregada a Pablo Pizarro ;  Environtment: Semantikos QA APP001			172.20.8.24		false	24	24	2018-04-04 18:26:10	2018-04-04 18:26:10	\N	1263	\N	\N
351	45	17	1	SEMANTIKO	Template: Creada y entregada a Pablo Pizarro ;  Environtment: Semantikos QA APP002			172.20.8.26		false	24	24	2018-04-04 18:26:10	2018-04-04 18:26:10	\N	1264	\N	\N
352	45	17	1	SEMANTIKO	Template: Creada y entregada a Pablo Pizarro ;  Environtment: Semantikos QA WEB001			192.168.10.54		false	24	24	2018-04-04 18:26:10	2018-04-04 18:26:10	\N	1265	\N	\N
353	45	17	1	SEMANTIKO	Template: Creada y entregada a Pablo Pizarro ;  Environtment: Semantikos QA WEB002			192.168.10.55		false	24	24	2018-04-04 18:26:10	2018-04-04 18:26:10	\N	1266	\N	\N
354	45	15	1	BBDD	Template: Creada y entregada a Zeke ;  Environtment: Motor SQL			172.20.64.24		false	24	24	2018-04-04 18:26:10	2018-04-04 18:26:10	\N	1267	\N	\N
355	45	19	1	SINETSUR	Template: Crear y entregar a Claudio Barra ;  Environtment: SinetSUR			172.20.33.30		false	24	24	2018-04-04 18:26:10	2018-04-04 18:26:10	\N	1268	\N	\N
356	45	19	1	SINETSUR	Template: Crear y entregar a Claudio Barra ;  Environtment: SinetSUR			172.20.33.25		false	24	24	2018-04-04 18:26:10	2018-04-04 18:26:10	\N	1269	\N	\N
357	45	19	1	SINETSUR	Template: Crear y entregar a Claudio Barra ;  Environtment: SinetSUR			192.168.70.21		false	24	24	2018-04-04 18:26:10	2018-04-04 18:26:10	\N	1270	\N	\N
358	45	19	1	SINETSUR	Template: Crear y entregar a Claudio Barra ;  Environtment: SinetSUR			172.20.33.32		false	24	24	2018-04-04 18:26:10	2018-04-04 18:26:10	\N	1271	\N	\N
359	45	19	1	SINETSUR	Template: Crear y entregar a Claudio Barra ;  Environtment: SinetSUR			172.20.33.29		false	24	24	2018-04-04 18:26:10	2018-04-04 18:26:10	\N	1272	\N	\N
360	45	19	1	SINETSUR	Template: Crear y entregar a Claudio Barra ;  Environtment: SinetSUR			192.168.70.22		false	24	24	2018-04-04 18:26:10	2018-04-04 18:26:10	\N	1273	\N	\N
361	45	19	1	SINETSUR	Template: Crear y entregar a Claudio Barra ;  Environtment: SinetSUR			192.168.70.20		false	24	24	2018-04-04 18:26:10	2018-04-04 18:26:10	\N	1274	\N	\N
362	45	19	1	SINETSUR	Template: Crear y entregar a Claudio Barra ;  Environtment: SinetSUR			172.20.33.31		false	24	24	2018-04-04 18:26:10	2018-04-04 18:26:10	\N	1275	\N	\N
363	45	19	1	SINETSUR	Template: Crear y entregar a Claudio Barra ;  Environtment: SinetSUR			172.20.33.28		false	24	24	2018-04-04 18:26:10	2018-04-04 18:26:10	\N	1276	\N	\N
364	45	19	1	SINETSUR	Template: Crear y entregar a Claudio Barra ;  Environtment: SinetSUR			172.20.33.27		false	24	24	2018-04-04 18:26:10	2018-04-04 18:26:10	\N	1277	\N	\N
365	45	19	1	SINETSUR	Template: Crear y entregar a Claudio Barra ;  Environtment: SinetSUR			172.20.33.26		false	24	24	2018-04-04 18:26:10	2018-04-04 18:26:10	\N	1278	\N	\N
366	45	15	1	SEG VIH	Template: OVF ;  Environtment: OVF	https://seguimientovih.minsal.cl	https://seguimientovih.minsal.cl	192.168.70.23	seguimientovih	false	24	24	2018-04-04 18:26:10	2018-04-04 18:26:10	\N	1279	\N	\N
367	45	19	1	SINETSUR	Template: Crear y entregar a Claudio Barra ;  Environtment: SinetSUR			172.20.33.40		false	24	24	2018-04-04 18:26:10	2018-04-04 18:26:10	\N	1280	\N	\N
368	45	19	1	SINETSUR	Template: Crear y entregar a Claudio Barra ;  Environtment: SinetSUR			172.20.33.41		false	24	24	2018-04-04 18:26:10	2018-04-04 18:26:10	\N	1281	\N	\N
369	45	19	1	SINETSUR	Template: Crear y entregar a Claudio Barra ;  Environtment: SinetSUR			192.168.70.30		false	24	24	2018-04-04 18:26:10	2018-04-04 18:26:10	\N	1282	\N	\N
370	45	19	1	SINETSUR	Template: Crear y entregar a Claudio Barra ;  Environtment: SinetSUR			172.20.33.42		false	24	24	2018-04-04 18:26:10	2018-04-04 18:26:10	\N	1283	\N	\N
371	45	19	1	SINETSUR	Template: Crear y entregar a Claudio Barra ;  Environtment: SinetSUR			172.20.33.43		false	24	24	2018-04-04 18:26:10	2018-04-04 18:26:10	\N	1284	\N	\N
372	45	19	1	SINETSUR	Template: Crear y entregar a Claudio Barra ;  Environtment: SinetSUR			192.168.70.31		false	24	24	2018-04-04 18:26:10	2018-04-04 18:26:10	\N	1285	\N	\N
373	45	19	1	SINETSUR	Template: Crear y entregar a Claudio Barra ;  Environtment: SinetSUR			192.168.70.32		false	24	24	2018-04-04 18:26:10	2018-04-04 18:26:10	\N	1286	\N	\N
374	45	19	1	SINETSUR	Template: Crear y entregar a Claudio Barra ;  Environtment: SinetSUR			172.20.33.44		false	24	24	2018-04-04 18:26:10	2018-04-04 18:26:10	\N	1287	\N	\N
375	45	19	1	SINETSUR	Template: Crear y entregar a Claudio Barra ;  Environtment: SinetSUR			172.20.33.45		false	24	24	2018-04-04 18:26:10	2018-04-04 18:26:10	\N	1288	\N	\N
376	45	19	1	SINETSUR	Template: Crear y entregar a Claudio Barra ;  Environtment: SinetSUR			172.20.33.46		false	24	24	2018-04-04 18:26:10	2018-04-04 18:26:10	\N	1289	\N	\N
377	45	19	1	SINETSUR	Template: Crear y entregar a Claudio Barra ;  Environtment: SinetSUR			172.20.33.47		false	24	24	2018-04-04 18:26:10	2018-04-04 18:26:10	\N	1290	\N	\N
378	45	15	1	SEG VIH	Template: Creada y entreda a Sergio Roca ;  Environtment: Seguimiento VIH			172.20.16.30		false	24	24	2018-04-04 18:26:10	2018-04-04 18:26:10	\N	1291	\N	\N
379	45	15	1	TRANSPARENCIA	Template: Creada y entreda a Sergio Roca ;  Environtment: transparencia.redsalud.gob.cl	transparencia.redsalud.gov.cl - cargatransparencia.minsal.cl	transparencia.redsalud.gov.cl - cargatransparencia.minsal.cl	192.168.70.15	transparencia	false	24	24	2018-04-04 18:26:10	2018-04-04 18:26:10	\N	1292	\N	\N
380	45	15	1	SEG VIH	Template: Creada y entreda a Sergio Roca ;  Environtment: Seguimiento VIH	seguimientovihqa.minsal.cl	seguimientovihqa.minsal.cl	172.20.8.27	seguimientovihqa	false	24	24	2018-04-04 18:26:10	2018-04-04 18:26:10	\N	1293	\N	\N
422	43	18	1	JMETER	Template: Creada y entregada a Pablo Pizarro ;  Environtment: JMETER			172.20.8.33		false	24	24	2018-04-04 18:26:10	2018-04-04 18:26:10	\N	1336	\N	\N
381	45	15	1	COMPIN	Template: Creada y entreda a Javier con Enrique Corbalan ;  Environtment: Compin	isa20585.minsal.cl 	isa20585.minsal.cl 	192.168.70.26	isa20585	false	24	24	2018-04-04 18:26:10	2018-04-04 18:26:10	\N	1294	\N	\N
382	45	15	1	COMPIN	Template: Creada y entreda a Javier con Enrique Corbalan ;  Environtment: Compin			172.20.64.26		false	24	24	2018-04-04 18:26:10	2018-04-04 18:26:10	\N	1295	\N	\N
383	45	15	1	COMPIN	Template: Creada y entreda a Javier con Enrique Corbalan ;  Environtment: Compin			172.20.6.19		false	24	24	2018-04-04 18:26:10	2018-04-04 18:26:10	\N	1296	\N	\N
384	45	17	1	SEMANTIKO	Template: Creada y entregada a Pablo Pizarro ;  Environtment: Semantikos TEMP QA APP003			172.20.8.100		false	24	24	2018-04-04 18:26:10	2018-04-04 18:26:10	\N	1297	\N	\N
385	45	17	1	SEMANTIKO	Template: Creada y entregada a Pablo Pizarro ;  Environtment: Semantikos TEMP QA APP004			172.20.8.101		false	24	24	2018-04-04 18:26:10	2018-04-04 18:26:10	\N	1298	\N	\N
386	45	15	1	RESPIRATORIOAPS	Template: Creada y entreda a Sergio Roca ;  Environtment: Respiratorio QA	respiratorioqa.minsal.cl	respiratorioqa.minsal.cl	192.168.10.40	respiratorioqa	false	24	24	2018-04-04 18:26:10	2018-04-04 18:26:10	\N	1299	\N	\N
387	45	15	1	RESPIRATORIOAPS	Template: Creada y entreda a Sergio Roca ;  Environtment: Respiratorio Produccion	respiratorio.minsal.cl	respiratorio.minsal.cl	192.168.70.40	respiratorio	false	24	24	2018-04-04 18:26:10	2018-04-04 18:26:10	\N	1300	\N	\N
388	45	15	1	SIDOT	Template: Creada y entreda a Sergio Roca ;  Environtment: SIDOT			192.168.10.30		false	24	24	2018-04-04 18:26:10	2018-04-04 18:26:10	\N	1301	\N	\N
389	45	20	1	SURVIH	Template: Creada y entreda a Sergio Roca ;  Environtment: SirVIH	survihqa.minsal.cl 	survihqa.minsal.cl 	192.168.10.41	survihqa	false	24	24	2018-04-04 18:26:10	2018-04-04 18:26:10	\N	1302	\N	\N
390	45	15	1	SIMPO	Template: OVF ;  Environtment: SIMPO	simpoqa.minsal.cl	simpoqa.minsal.cl	192.168.10.42	simpoqa	false	24	24	2018-04-04 18:26:10	2018-04-04 18:26:10	\N	1303	\N	\N
391	45	15	1	SIGTE	Template: Sin informacion ;  Environtment: SIGTE			172.20.16.40		false	24	24	2018-04-04 18:26:10	2018-04-04 18:26:10	\N	1304	\N	\N
392	45	15	1	SIGTE	Template: Sin informacion ;  Environtment: SIGTE			172.20.16.41		false	24	24	2018-04-04 18:26:10	2018-04-04 18:26:10	\N	1305	\N	\N
393	45	15	1	PRAIS	Template: /ISO/MINSAL_PRAIS-clon ;  Environtment: PRAIS			192.168.10.20		false	24	24	2018-04-04 18:26:10	2018-04-04 18:26:10	\N	1306	\N	\N
394	45	18	1	DCM4CHEE	Template: Creada y entregada a Jorge herrera ;  Environtment: DCH4CHEE			192.168.70.38		false	24	24	2018-04-04 18:26:10	2018-04-04 18:26:10	\N	1307	\N	\N
395	45	20	1	SURVIH	Template: Creada y entreda a Sergio Roca ;  Environtment: SirVIH	survih.minsal.cl 	survih.minsal.cl 	192.168.70.34	survih	false	24	24	2018-04-04 18:26:10	2018-04-04 18:26:10	\N	1308	\N	\N
396	45	18	1	P CRONICOS	Template: Creada y entregada a Marcela Garcia ;  Environtment: 0			192.168.10.56		false	24	24	2018-04-04 18:26:10	2018-04-04 18:26:10	\N	1309	\N	\N
397	45	15	1	BD MYSQL	Template: Creada y entregada a Marcela Garcia ;  Environtment: 0			172.20.8.30		false	24	24	2018-04-04 18:26:10	2018-04-04 18:26:10	\N	1310	\N	\N
398	45	15	1	COMETIDO	Template: Creada y entregada a Sergio Roca ;  Environtment: SISTEMACOMETIDO			192.168.70.33		false	24	24	2018-04-04 18:26:10	2018-04-04 18:26:10	\N	1311	\N	\N
399	45	15	1	SAMU	Template: Creada y entregada a Sergio Roca ;  Environtment: PROYECTO SAMU			192.168.70.35		false	24	24	2018-04-04 18:26:10	2018-04-04 18:26:10	\N	1313	\N	\N
400	45	21	1	SIRH	Template: Creada y entregada a Maria Jose Lamas ;  Environtment: SIRH			192.168.60.15		false	24	24	2018-04-04 18:26:10	2018-04-04 18:26:10	\N	1314	\N	\N
401	45	21	1	SIRH	Template: Creada y entregada a Maria Jose Lamas ;  Environtment: SIRH			172.20.16.42		false	24	24	2018-04-04 18:26:10	2018-04-04 18:26:10	\N	1315	\N	\N
402	45	15	1	SIGTE	Template: Creada y entregada entregar a Yamil ;  Environtment: Tiempos de Espera			172.20.6.20		false	24	24	2018-04-04 18:26:10	2018-04-04 18:26:10	\N	1316	\N	\N
403	45	15	1	SIGTE	Template: Creada y entregada entregar a Yamil ;  Environtment: Tiempos de Espera			172.20.6.40		false	24	24	2018-04-04 18:26:10	2018-04-04 18:26:10	\N	1317	\N	\N
404	45	15	1	SIGTE	Template: Creada y entregada entregar a Yamil ;  Environtment: Tiempos de Espera			172.20.6.41		false	24	24	2018-04-04 18:26:10	2018-04-04 18:26:10	\N	1318	\N	\N
405	45	15	1	SIGTE	Template: Creada y entregada entregar a Yamil ;  Environtment: Tiempos de Espera	sigte.minsal.cl	sigte.minsal.cl	192.168.70.37	sigte	false	24	24	2018-04-04 18:26:10	2018-04-04 18:26:10	\N	1319	\N	\N
406	45	15	1	SIGTE	Template: Creada y entregada entregar a Yamil ;  Environtment: Tiempos de Espera			192.168.70.56		false	24	24	2018-04-04 18:26:10	2018-04-04 18:26:10	\N	1320	\N	\N
407	45	18	1	Gestin de Bodegas	Template: Creada y entregada a Hugo Nunez Tello ;  Environtment: Gestion de Bodegas			192.168.70.41		false	24	24	2018-04-04 18:26:10	2018-04-04 18:26:10	\N	1321	\N	\N
408	45	18	1	Gestin de Bodegas	Template: Creada y entregada a Hugo Nunez Tello ;  Environtment: Gestion de Bodegas			192.168.60.16		false	24	24	2018-04-04 18:26:10	2018-04-04 18:26:10	\N	1322	\N	\N
409	45	18	1	Gestin de Bodegas	Template: Creada y entregada a Hugo Nunez Tello ;  Environtment: Gestion de Bodegas			192.168.10.57		false	24	24	2018-04-04 18:26:10	2018-04-04 18:26:10	\N	1323	\N	\N
410	45	15	1	SIGTE	Template: Creada y entregada entregar a Yamil ;  Environtment: Tiempos de Espera			172.20.8.32		false	24	24	2018-04-04 18:26:10	2018-04-04 18:26:10	\N	1324	\N	\N
411	45	15	1	SIGTE	Template: Creada y entregada entregar a Yamil ;  Environtment: Tiempos de Espera	Sigte-web-qa.minsal.cl	Sigte-web-qa.minsal.cl	192.168.10.58	Sigte-web-qa	false	24	24	2018-04-04 18:26:10	2018-04-04 18:26:10	\N	1325	\N	\N
412	45	22	1	SIAC	Template: Creada y entregada a Rodrigo Baeza ;  Environtment: SIAC			192.168.70.42		false	24	24	2018-04-04 18:26:10	2018-04-04 18:26:10	\N	1326	\N	\N
413	45	22	1	SIAC	Template: Creada y entregada a Rodrigo Baeza ;  Environtment: SIAC			192.168.70.43		false	24	24	2018-04-04 18:26:10	2018-04-04 18:26:10	\N	1327	\N	\N
414	45	22	1	SIAC	Template: Creada y entregada a Rodrigo Baeza ;  Environtment: SIAC			192.168.70.44		false	24	24	2018-04-04 18:26:10	2018-04-04 18:26:10	\N	1328	\N	\N
415	45	22	1	SIAC	Template: Creada y entregada a Rodrigo Baeza ;  Environtment: SIAC			0		false	24	24	2018-04-04 18:26:10	2018-04-04 18:26:10	\N	1329	\N	\N
416	45	22	1	SIAC	Template: Creada y entregada a Rodrigo Baeza ;  Environtment: SIAC			192.168.10.60		false	24	24	2018-04-04 18:26:10	2018-04-04 18:26:10	\N	1330	\N	\N
417	45	22	1	SIAC	Template: Creada y entregada a Rodrigo Baeza ;  Environtment: SIAC			192.168.10.61 		false	24	24	2018-04-04 18:26:10	2018-04-04 18:26:10	\N	1331	\N	\N
418	45	22	1	SIAC	Template: Creada y entregada a Rodrigo Baeza ;  Environtment: SIAC			192.168.10.62 		false	24	24	2018-04-04 18:26:10	2018-04-04 18:26:10	\N	1332	\N	\N
419	45	22	1	SIAC	Template: Creada y entregada a Rodrigo Baeza ;  Environtment: SIAC			172.20.8.28		false	24	24	2018-04-04 18:26:10	2018-04-04 18:26:10	\N	1333	\N	\N
420	43	15	1	CANASTAS	Template: Creada y entregada a Pablo Pizarro ;  Environtment: CANASTAS			192.168.70.45		false	24	24	2018-04-04 18:26:10	2018-04-04 18:26:10	\N	1334	\N	\N
421	43	15	1	CANASTAS	Template: Creada y entregada a Pablo Pizarro ;  Environtment: CANASTAS			192.168.10.63		false	24	24	2018-04-04 18:26:10	2018-04-04 18:26:10	\N	1335	\N	\N
423	43	18	1	JMETER	Template: Creada y entregada a Pablo Pizarro ;  Environtment: JMETER			172.20.8.34		false	24	24	2018-04-04 18:26:10	2018-04-04 18:26:10	\N	1337	\N	\N
424	44	15	1	Cluster BD MySQL	Template: Creada y entregada a Ruben Aguilera ;  Environtment: Administrador			172.20.8.35		false	24	24	2018-04-04 18:26:10	2018-04-04 18:26:10	\N	1338	\N	\N
425	44	15	1	Cluster BD MySQL	Template: Creada y entregada a Ruben Aguilera ;  Environtment: Nodo MySQL 1			172.20.8.36		false	24	24	2018-04-04 18:26:10	2018-04-04 18:26:10	\N	1339	\N	\N
426	44	15	1	Cluster BD MySQL	Template: Creada y entregada a Ruben Aguilera ;  Environtment: Nodo MySQL 2			172.20.8.37		false	24	24	2018-04-04 18:26:10	2018-04-04 18:26:10	\N	1340	\N	\N
427	44	15	1	Cluster BD MySQL	Template: Creada y entregada a Ruben Aguilera ;  Environtment: Nodo de datos 1			172.20.8.38		false	24	24	2018-04-04 18:26:10	2018-04-04 18:26:10	\N	1341	\N	\N
428	44	15	1	Cluster BD MySQL	Template: Creada y entregada a Ruben Aguilera ;  Environtment: Nodo de datos 2			172.20.8.39		false	24	24	2018-04-04 18:26:10	2018-04-04 18:26:10	\N	1342	\N	\N
429	43	15	1	APP WORDPRESS QA	Template: Creada y entregada a Ruben Aguilera ;  Environtment: Servidor Wordpress QA			192.168.10.64		false	24	24	2018-04-04 18:26:10	2018-04-04 18:26:10	\N	1343	\N	\N
430	43	14	1	Active	Template: Creada y entregada  a Eugenio Diaz (Se migra a Puerto Montt ;  Environtment: ACTIVE MQ			172.20.8.41		false	24	24	2018-04-04 18:26:10	2018-04-04 18:26:10	\N	1344	\N	\N
431	43	14	1	Active	Template: Creada y entregada  a Eugenio Diaz (Se migra a Puerto Montt ;  Environtment: ACTIVE MQ			172.20.6.22		false	24	24	2018-04-04 18:26:10	2018-04-04 18:26:10	\N	1345	\N	\N
432	43	14	1	Active	Template: Creada y entregada  a Eugenio Diaz (Se migra a Puerto Montt ;  Environtment: ACTIVE MQ			172.20.6.23		false	24	24	2018-04-04 18:26:10	2018-04-04 18:26:10	\N	1346	\N	\N
433	43	29	1	BI	Template: Creada y entregada a Nabelka  ;  Environtment: BI TABLEAU	tableau.minsal.cl	tableau.minsal.cl	192.168.70.46	tableau	false	24	24	2018-04-04 18:26:10	2018-04-04 18:26:10	\N	1347	\N	\N
434	43	21	1	SIRH	Template: Creada y entregada a Sergio Roca ;  Environtment: Alfresco SIRH			192.168.60.17		false	24	24	2018-04-04 18:26:10	2018-04-04 18:26:10	\N	1348	\N	\N
435	43	15	1	COMPIN	Template: Creada y entregada a Javier con Enrique Corbalan ;  Environtment: Compin			192.168.70.51		false	24	24	2018-04-04 18:26:10	2018-04-04 18:26:10	\N	1349	\N	\N
436	43	15	1	RME	Template: Creada y entregada a Solange de Zeke ;  Environtment: Receta medica electronica			172.20.8.90		false	24	24	2018-04-04 18:26:10	2018-04-04 18:26:10	\N	1350	\N	\N
437	43	30	1	PORTAL PACIENTE	Template: Entregar a Jocelin ;  Environtment: Portal Pacientes	portalpaciente.minsal.cl 	portalpaciente.minsal.cl 	192.168.70.52	portalpaciente	false	24	24	2018-04-04 18:26:10	2018-04-04 18:26:10	\N	1351	\N	\N
438	43	30	1	PORTAL PACIENTE	Template: Entregar a Jocelin ;  Environtment: Portal Pacientes			192.168.70.53		false	24	24	2018-04-04 18:26:10	2018-04-04 18:26:10	\N	1352	\N	\N
439	43	18	1	OTROS	Template: Entregar a Jocelin ;  Environtment: Portal Pacientes			192.168.70.54		false	24	24	2018-04-04 18:26:10	2018-04-04 18:26:10	\N	1353	\N	\N
440	43	18	1	OTROS	Template: Entregar a Jocelin ;  Environtment: Portal Pacientes			192.168.70.55		false	24	24	2018-04-04 18:26:10	2018-04-04 18:26:10	\N	1354	\N	\N
441	43	18	1	OTROS	Template: Entregar a Jocelin ;  Environtment: Portal Pacientes	portalpaciente-test.minsal.cl 	portalpaciente-test.minsal.cl 	192.168.10.17	portalpaciente-test	false	24	24	2018-04-04 18:26:10	2018-04-04 18:26:10	\N	1355	\N	\N
442	44	15	1	Cluster BD MySQL PROD	Template: Creada y entregada a Ruben Aguilera ;  Environtment: Administrador			172.20.6.23		false	24	24	2018-04-04 18:26:10	2018-04-04 18:26:10	\N	1356	\N	\N
443	44	15	1	Cluster BD MySQL PROD	Template: Creada y entregada a Ruben Aguilera ;  Environtment: Nodo MySQL 1			172.20.6.24		false	24	24	2018-04-04 18:26:10	2018-04-04 18:26:10	\N	1357	\N	\N
444	44	15	1	Cluster BD MySQL PROD	Template: Creada y entregada a Ruben Aguilera ;  Environtment: Nodo de datos 1			172.20.6.25		false	24	24	2018-04-04 18:26:10	2018-04-04 18:26:10	\N	1358	\N	\N
445	44	15	1	Cluster Postgres QA	Template: Creada y entregada a Ruben Aguilera ;  Environtment: Administrador PSQL			172.20.8.42		false	24	24	2018-04-04 18:26:10	2018-04-04 18:26:10	\N	1359	\N	\N
446	44	15	1	Cluster Postgres QA	Template: Creada y entregada a Ruben Aguilera ;  Environtment: Nodo PGpool 1			172.20.8.43		false	24	24	2018-04-04 18:26:10	2018-04-04 18:26:10	\N	1360	\N	\N
447	44	15	1	Cluster Postgres QA	Template: Creada y entregada a Ruben Aguilera ;  Environtment: Nodo PGpool 2			172.20.8.44		false	24	24	2018-04-04 18:26:10	2018-04-04 18:26:10	\N	1361	\N	\N
448	44	15	1	Cluster Postgres QA	Template: Creada y entregada a Ruben Aguilera ;  Environtment: Noso de datos 1			172.20.8.45		false	24	24	2018-04-04 18:26:10	2018-04-04 18:26:10	\N	1362	\N	\N
449	44	15	1	Cluster Postgres QA	Template: Creada y entregada a Ruben Aguilera ;  Environtment: Nodo de datos 2			172.20.8.46		false	24	24	2018-04-04 18:26:10	2018-04-04 18:26:10	\N	1363	\N	\N
450	44	15	1	Cluster Postgres PROD	Template: Creada y entregada a Ruben Aguilera ;  Environtment: Nodo de PGpool 2			172.20.6.26		false	24	24	2018-04-04 18:26:10	2018-04-04 18:26:10	\N	1364	\N	\N
451	44	15	1	Cluster Postgres PROD	Template: Creada y entregada a Ruben Aguilera ;  Environtment: Nodo de datos 2			172.20.6.27		false	24	24	2018-04-04 18:26:10	2018-04-04 18:26:10	\N	1365	\N	\N
452	43	18	1	HL7	Template: Creada y entregada a Eugenio con Zeke ;  Environtment: HL7			172.20.8.47		false	24	24	2018-04-04 18:26:10	2018-04-04 18:26:10	\N	1366	\N	\N
453	43	18	1	HL7	Template: Creada y entregada a Eugenio con Zeke ;  Environtment: HL7			172.20.6.28		false	24	24	2018-04-04 18:26:10	2018-04-04 18:26:10	\N	1367	\N	\N
454	44	19	1	SINETSUR	Template: Creada y entregada a Gustavo ;  Environtment: BD Sinetsur			172.20.64.33		false	24	24	2018-04-04 18:26:10	2018-04-04 18:26:10	\N	1368	\N	\N
455	43	18	1	SNIP	Template: Creada y entregada  a Hugo Pino ;  Environtment: SNIP	snip.minsal.cl	snip.minsal.cl	192.168.70.60	snip	false	24	24	2018-04-04 18:26:10	2018-04-04 18:26:10	\N	1369	\N	\N
456	43	23	1	SISQ-SICARS	Template: Creada y entregada a Sergio Roca Vivianne ;  Environtment: SISQ-SICARS	sisq-qa.minsal.cl / sisq-g-qa-nuevo.minsal.cl / sicars-qa.minsal.cl           	sisq-qa.minsal.cl / sisq-g-qa-nuevo.minsal.cl / sicars-qa.minsal.cl           	192.168.10.66	sisq-qa	false	24	24	2018-04-04 18:26:10	2018-04-04 18:26:10	\N	1370	\N	\N
457	44	23	1	SISQ-SICARS	Template: Creada y entregada a Sergio Roca Vivianne ;  Environtment: BD SISQ-SICARS			172.20.8.49		false	24	24	2018-04-04 18:26:10	2018-04-04 18:26:10	\N	1371	\N	\N
458	43	17	1	SEMANTIKO	Template: Creada y entregada a Pablo Pizarro ;  Environtment: Semantikos APP			172.20.6.34		false	24	24	2018-04-04 18:26:10	2018-04-04 18:26:10	\N	1372	\N	\N
459	43	17	1	SEMANTIKO	Template: Creada y entregada a Pablo Pizarro ;  Environtment: Semantikos APP			172.20.6.35		false	24	24	2018-04-04 18:26:10	2018-04-04 18:26:10	\N	1373	\N	\N
460	43	17	1	SEMANTIKO	Template: Creada y entregada a Pablo Pizarro ;  Environtment: Semantikos APP			192.168.70.62		false	24	24	2018-04-04 18:26:10	2018-04-04 18:26:10	\N	1374	\N	\N
461	43	17	1	SEMANTIKO	Template: Creada y entregada a Pablo Pizarro ;  Environtment: Semantikos APP			192.168.70.63		false	24	24	2018-04-04 18:26:10	2018-04-04 18:26:10	\N	1375	\N	\N
462	43	18	1	DCM4CHEE	Template: Creada y entregada a Gabriela ;  Environtment: DCM4CHEE			192.168.60.18		false	24	24	2018-04-04 18:26:10	2018-04-04 18:26:10	\N	1376	\N	\N
463	43	15	1	SIDOT	Template: Creada y entregada a Rodrigo Baeza ;  Environtment: SIDOT			192.168.70.64		false	24	24	2018-04-04 18:26:10	2018-04-04 18:26:10	\N	1377	\N	\N
464	43	23	1	SISQ-SICARS	Template: Creada y entregada a Vivianne ;  Environtment: SISQ-SICARS	sisq-ag2.minsal.cl / sisq-app.minsal.cl / sicars.minsal.cl /  appsicars.minsal.cl /sisq.minsal.cl	sisq-ag2.minsal.cl / sisq-app.minsal.cl / sicars.minsal.cl /  appsicars.minsal.cl /sisq.minsal.cl	192.168.70.65	sisq-ag2	false	24	24	2018-04-04 18:26:10	2018-04-04 18:26:10	\N	1378	\N	\N
465	43	16	1	Suscripciones RHEL	Template: Creada ;  Environtment: Virt-who(Suscripciones RHEL)			192.168.70.66		false	24	24	2018-04-04 18:26:10	2018-04-04 18:26:10	\N	1379	\N	\N
466	43	18	1	FRENTE LABORATORIO	Template: Creada y entregada a Alejandro Gonzalez ;  Environtment: Frente Laboratorio			192.168.10.67		false	24	24	2018-04-04 18:26:10	2018-04-04 18:26:10	\N	1380	\N	\N
467	44	18	1	FRENTE LABORATORIO	Template: Creada y entregada a Alejandro Gonzalez ;  Environtment: Frente Laboratorio			172.20.8.51		false	24	24	2018-04-04 18:26:10	2018-04-04 18:26:10	\N	1381	\N	\N
468	43	18	1	FRENTE LABORATORIO	Template: Creada y entregada a Alejandro Gonzalez ;  Environtment: Frente Laboratorio			192.168.60.19		false	24	24	2018-04-04 18:26:10	2018-04-04 18:26:10	\N	1382	\N	\N
469	44	18	1	FRENTE LABORATORIO	Template: Creada y entregada a Alejandro Gonzalez ;  Environtment: Frente Laboratorio			172.20.16.20		false	24	24	2018-04-04 18:26:10	2018-04-04 18:26:10	\N	1383	\N	\N
470	43	23	1	SISQ-SICARS	Template: Creada y entregada a Vivianne ;  Environtment: SISQ-SICARS	gestorsisq.minsal.cl	gestorsisq.minsal.cl	192.168.70.17	gestorsisq	false	24	24	2018-04-04 18:26:10	2018-04-04 18:26:10	\N	1384	\N	\N
471	43	23	1	SISQ-SICARS	Template: Creada y entregada a Vivianne ;  Environtment: SISQ-SICARS	gestorsisq_qa.minsal.cl	gestorsisq_qa.minsal.cl	192.168.10.22	gestorsisq_qa	false	24	24	2018-04-04 18:26:10	2018-04-04 18:26:10	\N	1385	\N	\N
472	43	24	1	RIS	Template: Creada y entregada a Lucia Neira ;  Environtment: RIS			192.168.10.23		false	24	24	2018-04-04 18:26:10	2018-04-04 18:26:10	\N	1386	\N	\N
473	44	24	1	RIS	Template: Creada y entregada a Lucia Neira ;  Environtment: RIS			172.20.8.52		false	24	24	2018-04-04 18:26:10	2018-04-04 18:26:10	\N	1387	\N	\N
474	43	25	1	CHCC	Template: Creada y entregada a Nabelka y Sergio ;  Environtment: Chile-Crece			192.168.10.25		false	24	24	2018-04-04 18:26:10	2018-04-04 18:26:10	\N	1388	\N	\N
475	43	18	1	VIH DIGERA	Template: Creada y entregada a Sergio y Esteban ;  Environtment: VIH DIGERA			192.168.10.26		false	24	24	2018-04-04 18:26:10	2018-04-04 18:26:10	\N	1389	\N	\N
476	43	26	1	PAID	Template: Creada y entregada a Vivianne ;  Environtment: PAID			192.168.10.31		false	24	24	2018-04-04 18:26:10	2018-04-04 18:26:10	\N	1390	\N	\N
477	43	27	1	Catalogos de Imagenes	Template: Creada y entregada a Lucia Neira ;  Environtment: Catalogo de Imgenes Centralizada			192.168.60.20		false	24	24	2018-04-04 18:26:10	2018-04-04 18:26:10	\N	1391	\N	\N
478	43	15	1	COMPIN	Template: Creada y entregada  a Javier con Enrique Corbalan ;  Environtment: Compin			192.168.10.27		false	24	24	2018-04-04 18:26:10	2018-04-04 18:26:10	\N	1392	\N	\N
479	43	15	1	PRAIS	Template: Creada y entregada a Sergio Roca ;  Environtment: PRAIS	prais.minsal.cl	prais.minsal.cl	192.168.70.72	prais	false	24	24	2018-04-04 18:26:10	2018-04-04 18:26:10	\N	1393	\N	\N
480	43	15	1	SIGTE	Template: Creada y entregada  Yamil ;  Environtment: SIGTE			172.20.8.53		false	24	24	2018-04-04 18:26:10	2018-04-04 18:26:10	\N	1394	\N	\N
481	43	15	1	SIGTE	Template: Creada y entregada  Yamil ;  Environtment: SIGTE			172.20.8.54		false	24	24	2018-04-04 18:26:10	2018-04-04 18:26:10	\N	1395	\N	\N
482	43	15	1	MINSAL	Template: Crear y Entregar a Sergio Roca ;  Environtment: MINSAL			192.168.10.32		false	24	24	2018-04-04 18:26:10	2018-04-04 18:26:10	\N	1396	\N	\N
483	43	15	1	LOG	Template: Creada y entregada a Rodrigo Zamorano ;  Environtment: LOG			172.20.6.32		false	24	24	2018-04-04 18:26:10	2018-04-04 18:26:10	\N	1397	\N	\N
484	43	15	1	SIGED	Template: Creado y entregado a Sergio Roca ;  Environtment: SIGED			192.168.10.68		false	24	24	2018-04-04 18:26:10	2018-04-04 18:26:10	\N	1398	\N	\N
485	43	21	1	SIRH	Template: Creada y entregada a Hugo Nunez ;  Environtment: SIRH	sirhn.minsal.cl	sirhn.minsal.cl	192.168.10.70	sirhn	false	24	24	2018-04-04 18:26:10	2018-04-04 18:26:10	\N	1399	\N	\N
486	43	21	1	SIRH	Template: Creada y entregada a Hugo Nunez ;  Environtment: SIRH			192.168.10.71		false	24	24	2018-04-04 18:26:10	2018-04-04 18:26:10	\N	1400	\N	\N
487	43	21	1	SIRH	Template: Creada y entregada a Hugo Nunez ;  Environtment: SIRH			172.20.8.40		false	24	24	2018-04-04 18:26:10	2018-04-04 18:26:10	\N	1401	\N	\N
488	43	21	1	SIRH	Template: Creada y entregada a Hugo Nunez ;  Environtment: SIRH			172.20.8.41		false	24	24	2018-04-04 18:26:10	2018-04-04 18:26:10	\N	1402	\N	\N
489	43	28	1	IVE	Template: Creada y entregada a Hugo y Vivianne ;  Environtment: IVE			192.168.10.69		false	24	24	2018-04-04 18:26:10	2018-04-04 18:26:10	\N	1403	\N	\N
490	43	28	1	IVE	Template: Creada y entregada a Hugo y Vivianne ;  Environtment: IVE			192.168.70.67		false	24	24	2018-04-04 18:26:10	2018-04-04 18:26:10	\N	1404	\N	\N
491	43	15	1	MINSAL	Template: Crear y Entregar a Sergio Roca ;  Environtment: MINSAL			192.168.20.13 		false	24	24	2018-04-04 18:26:10	2018-04-04 18:26:10	\N	1405	\N	\N
492	43	15	1	SIGTE	Template: Crear y entregar a Maria Jose ;  Environtment: SIGTE			172.20.16.21		false	24	24	2018-04-04 18:26:10	2018-04-04 18:26:10	\N	1406	\N	\N
493	43	23	1	SISQ-SICARS	Template: Creada y entregada a Sergio Roca Vivianne ;  Environtment: SISQ-SICARS			192.168.70.68		false	24	24	2018-04-04 18:26:10	2018-04-04 18:26:10	\N	1407	\N	\N
494	43	31	1	DEMENCIA	Template: Creado y entregado a Vivianne ;  Environtment: DEMENCIA			192.168.70.69		false	24	24	2018-04-04 18:26:10	2018-04-04 18:26:10	\N	1408	\N	\N
495	43	23	1	SISQ-SICARS	Template: Creado y entregado a Sergio Roca ;  Environtment: SICARS			192.168.70.68		false	24	24	2018-04-04 18:26:10	2018-04-04 18:26:10	\N	1409	\N	\N
496	43	23	1	SISQ-SICARS	Template: Creado y entregado a Sergio Roca ;  Environtment: SISQ			192.168.70.70		false	24	24	2018-04-04 18:26:10	2018-04-04 18:26:10	\N	1410	\N	\N
497	44	15	1	Cluster Postgres PROD	Template: Creada y entregada a Ruben Aguilera ;  Environtment: Nodo de datos 3			172.20.6.42		false	24	24	2018-04-04 18:26:10	2018-04-04 18:26:10	\N	1411	\N	\N
498	43	18	1	IVE-ER	Template: Creada y entregada a Hugo ;  Environtment: IVE-ER			192.168.10.72		false	24	24	2018-04-04 18:26:10	2018-04-04 18:26:10	\N	1412	\N	\N
499	43	15	1	DNS	Template: Sin informacion ;  Environtment: DNS			172.20.33.15		false	24	24	2018-04-04 18:26:10	2018-04-04 18:26:10	\N	1413	\N	\N
500	43	32	1	Algoritmo de priorizacion	Template: Creado y entregado a Gabriela ;  Environtment: Algoritmo de priorizacion			192.168.60.21		false	24	24	2018-04-04 18:26:10	2018-04-04 18:26:10	\N	1414	\N	\N
501	43	33	1	PORTALCAUTIVO	Template: Entregado a Seguridad ;  Environtment: Portal Cautivo			192.168.70.27		false	24	24	2018-04-04 18:26:10	2018-04-04 18:26:10	\N	1415	\N	\N
502	45	15	1	SAMU	Template: Creada y entregada a Sergio Roca ;  Environtment: PROYECTO SAMU	alertatemprana.minsal.cl	alertatemprana.minsal.cl	192.168.70.36	alertatemprana	false	24	24	2018-04-04 18:26:10	2018-04-04 18:26:10	\N	1312	\N	\N
\.


--
-- TOC entry 3647 (class 0 OID 16424)
-- Dependencies: 206
-- Data for Name: aplicaciones_accesos; Type: TABLE DATA; Schema: public; Owner: postgres
--

COPY public.aplicaciones_accesos (id_aplicacion_acceso, id_aplicacion, id_servidor, usuario, clave, email, id_usuario_registra, id_usuario_modifica, created_at, updated_at, deleted_at, tipo_acceso) FROM stdin;
\.


--
-- TOC entry 3649 (class 0 OID 16433)
-- Dependencies: 208
-- Data for Name: aplicaciones_estados; Type: TABLE DATA; Schema: public; Owner: postgres
--

COPY public.aplicaciones_estados (id_aplicacion_estado, id_aplicacion, id_estado, id_usuario_registra, id_usuario_modifica, created_at, updated_at, deleted_at) FROM stdin;
\.


--
-- TOC entry 3651 (class 0 OID 16439)
-- Dependencies: 210
-- Data for Name: aplicaciones_tags; Type: TABLE DATA; Schema: public; Owner: postgres
--

COPY public.aplicaciones_tags (id_aplicacion_tag, id_aplicacion, id_tag, id_usuario_registra, id_usuario_modifica, created_at, updated_at, deleted_at) FROM stdin;
\.


--
-- TOC entry 3653 (class 0 OID 16445)
-- Dependencies: 212
-- Data for Name: aplicaciones_tecnologias; Type: TABLE DATA; Schema: public; Owner: postgres
--

COPY public.aplicaciones_tecnologias (id_aplicacion_tecnologia, id_aplicacion, id_tecnologia, id_usuario_registra, id_usuario_modifica, created_at, updated_at, deleted_at) FROM stdin;
\.


--
-- TOC entry 3655 (class 0 OID 16451)
-- Dependencies: 214
-- Data for Name: cargos; Type: TABLE DATA; Schema: public; Owner: postgres
--

COPY public.cargos (id_cargo, nom_cargo, det_cargo, id_usuario_registra, id_usuario_modifica, created_at, updated_at, deleted_at, cod_cargo) FROM stdin;
2	fd	sdfsd	4	4	2018-02-28 13:06:40	2018-02-28 13:06:42	2018-02-28 13:06:42	\N
5	fsdffd	fsdf	4	4	2018-03-06 06:27:08	2018-03-06 06:27:10	2018-03-06 06:27:10	sdf
6	cargo test	test detalle	4	4	2018-03-21 19:38:40	2018-03-21 19:38:45	2018-03-21 19:38:45	0
1	Desarrollador	Desarrollador	4	1	2018-02-28 12:36:44	2018-04-20 17:16:25	\N	desarrollador001
3	Lider de equipo	Lider de equipo	4	1	2018-03-06 06:26:40	2018-04-20 17:16:56	\N	liderequipo001
4	Jefe de Area	Jefe de Area	4	1	2018-03-06 06:26:56	2018-04-20 17:17:08	\N	jefearea001
\.


--
-- TOC entry 3657 (class 0 OID 16460)
-- Dependencies: 216
-- Data for Name: catalogos_servicios; Type: TABLE DATA; Schema: public; Owner: postgres
--

COPY public.catalogos_servicios (id_catalogo_servicio, id_servicio, asunto, det_catalogo, avatar, id_usuario_registra, id_usuario_modifica, created_at, updated_at, deleted_at) FROM stdin;
\.


--
-- TOC entry 3659 (class 0 OID 16469)
-- Dependencies: 218
-- Data for Name: catalogos_servicios_tags; Type: TABLE DATA; Schema: public; Owner: postgres
--

COPY public.catalogos_servicios_tags (id_catalogo_servicio_tag, id_catalogo_servicio, id_tag, id_usuario_registra, id_usuario_modifica, created_at, updated_at, deleted_at) FROM stdin;
\.


--
-- TOC entry 3661 (class 0 OID 16475)
-- Dependencies: 220
-- Data for Name: clusters; Type: TABLE DATA; Schema: public; Owner: postgres
--

COPY public.clusters (id_cluster, nom_cluster, det_cluster, id_usuario_registra, id_usuario_modifica, created_at, updated_at, deleted_at, cod_cluster, id_tipo_cluster) FROM stdin;
1	STGO-CLUSDATA-FLASH01	STGO-CLUSDATA-FLASH01	4	4	2018-03-26 13:11:40	2018-03-26 14:24:58	\N	scdf01	2
2	DATA NO FLASH	DATA NO FLASH	4	4	2018-03-26 13:11:40	2018-03-26 14:25:35	\N	dnf01	1
\.


--
-- TOC entry 3662 (class 0 OID 16482)
-- Dependencies: 221
-- Data for Name: comuna; Type: TABLE DATA; Schema: public; Owner: postgres
--

COPY public.comuna (id_comuna, id_region, nombre_comuna, created_at, updated_at, deleted_at) FROM stdin;
1101	1	Iquique	2017-10-31 11:06:00	2017-10-31 11:06:00	\N
1107	1	Alto Hospicio	2017-10-31 11:06:00	2017-10-31 11:06:00	\N
1401	1	Pozo Almonte	2017-10-31 11:06:00	2017-10-31 11:06:00	\N
1402	1	Camia	2017-10-31 11:06:00	2017-10-31 11:06:00	\N
1403	1	Colchane	2017-10-31 11:06:00	2017-10-31 11:06:00	\N
1404	1	Huara	2017-10-31 11:06:00	2017-10-31 11:06:00	\N
1405	1	Pica	2017-10-31 11:06:00	2017-10-31 11:06:00	\N
2101	2	Antofagasta	2017-10-31 11:06:00	2017-10-31 11:06:00	\N
2102	2	Mejillones	2017-10-31 11:06:00	2017-10-31 11:06:00	\N
2103	2	Sierra Gorda	2017-10-31 11:06:00	2017-10-31 11:06:00	\N
2104	2	Taltal	2017-10-31 11:06:00	2017-10-31 11:06:00	\N
2201	2	Calama	2017-10-31 11:06:00	2017-10-31 11:06:00	\N
2202	2	Ollage	2017-10-31 11:06:00	2017-10-31 11:06:00	\N
2203	2	San Pedro de Atacama	2017-10-31 11:06:00	2017-10-31 11:06:00	\N
2301	2	Tocopilla	2017-10-31 11:06:00	2017-10-31 11:06:00	\N
2302	2	Maria Elena	2017-10-31 11:06:00	2017-10-31 11:06:00	\N
3101	3	Copiapo	2017-10-31 11:06:00	2017-10-31 11:06:00	\N
3102	3	Caldera	2017-10-31 11:06:00	2017-10-31 11:06:00	\N
3103	3	Tierra Amarilla	2017-10-31 11:06:00	2017-10-31 11:06:00	\N
3201	3	Chaaral	2017-10-31 11:06:00	2017-10-31 11:06:00	\N
3202	3	Diego de Almagro	2017-10-31 11:06:00	2017-10-31 11:06:00	\N
3301	3	Vallenar	2017-10-31 11:06:00	2017-10-31 11:06:00	\N
3302	3	Alto del Carmen	2017-10-31 11:06:00	2017-10-31 11:06:00	\N
3303	3	Freirina	2017-10-31 11:06:00	2017-10-31 11:06:00	\N
3304	3	Huasco	2017-10-31 11:06:00	2017-10-31 11:06:00	\N
4101	4	La Serena	2017-10-31 11:06:00	2017-10-31 11:06:00	\N
4102	4	Coquimbo	2017-10-31 11:06:00	2017-10-31 11:06:00	\N
4103	4	Andacollo	2017-10-31 11:06:00	2017-10-31 11:06:00	\N
4104	4	La Higuera	2017-10-31 11:06:00	2017-10-31 11:06:00	\N
4105	4	Paiguano	2017-10-31 11:06:00	2017-10-31 11:06:00	\N
4106	4	Vicua	2017-10-31 11:06:00	2017-10-31 11:06:00	\N
4201	4	Illapel	2017-10-31 11:06:00	2017-10-31 11:06:00	\N
4202	4	Canela	2017-10-31 11:06:00	2017-10-31 11:06:00	\N
4203	4	Los Vilos	2017-10-31 11:06:00	2017-10-31 11:06:00	\N
4204	4	Salamanca	2017-10-31 11:06:00	2017-10-31 11:06:00	\N
4301	4	Ovalle	2017-10-31 11:06:00	2017-10-31 11:06:00	\N
4302	4	Combarbal	2017-10-31 11:06:00	2017-10-31 11:06:00	\N
4303	4	Monte Patria	2017-10-31 11:06:00	2017-10-31 11:06:00	\N
4304	4	Punitaqui	2017-10-31 11:06:00	2017-10-31 11:06:00	\N
4305	4	Ro Hurtado	2017-10-31 11:06:00	2017-10-31 11:06:00	\N
5101	5	Valparaiso	2017-10-31 11:06:00	2017-10-31 11:06:00	\N
5102	5	Casablanca	2017-10-31 11:06:00	2017-10-31 11:06:00	\N
5103	5	Con Con	2017-10-31 11:06:00	2017-10-31 11:06:00	\N
5104	5	Juan Fernndez	2017-10-31 11:06:00	2017-10-31 11:06:00	\N
5105	5	Puchuncav	2017-10-31 11:06:00	2017-10-31 11:06:00	\N
5107	5	Quintero	2017-10-31 11:06:00	2017-10-31 11:06:00	\N
5109	5	Via del Mar	2017-10-31 11:06:00	2017-10-31 11:06:00	\N
5201	5	Isla de Pascua	2017-10-31 11:06:00	2017-10-31 11:06:00	\N
5301	5	Los Andes	2017-10-31 11:06:00	2017-10-31 11:06:00	\N
5302	5	Calle Larga	2017-10-31 11:06:00	2017-10-31 11:06:00	\N
5303	5	Rinconada	2017-10-31 11:06:00	2017-10-31 11:06:00	\N
5304	5	San Esteban	2017-10-31 11:06:00	2017-10-31 11:06:00	\N
5401	5	La Ligua	2017-10-31 11:06:00	2017-10-31 11:06:00	\N
5402	5	Cabildo	2017-10-31 11:06:00	2017-10-31 11:06:00	\N
5403	5	Papudo	2017-10-31 11:06:00	2017-10-31 11:06:00	\N
5404	5	Petorca	2017-10-31 11:06:00	2017-10-31 11:06:00	\N
5405	5	Zapallar	2017-10-31 11:06:00	2017-10-31 11:06:00	\N
5501	5	Quillota	2017-10-31 11:06:00	2017-10-31 11:06:00	\N
5502	5	Calera	2017-10-31 11:06:00	2017-10-31 11:06:00	\N
5503	5	Hijuelas	2017-10-31 11:06:00	2017-10-31 11:06:00	\N
5504	5	La Cruz	2017-10-31 11:06:00	2017-10-31 11:06:00	\N
5506	5	Nogales	2017-10-31 11:06:00	2017-10-31 11:06:00	\N
5601	5	San Antonio	2017-10-31 11:06:00	2017-10-31 11:06:00	\N
5602	5	Algarrobo	2017-10-31 11:06:00	2017-10-31 11:06:00	\N
5603	5	Cartagena	2017-10-31 11:06:00	2017-10-31 11:06:00	\N
5604	5	El Quisco	2017-10-31 11:06:00	2017-10-31 11:06:00	\N
5605	5	El Tabo	2017-10-31 11:06:00	2017-10-31 11:06:00	\N
5606	5	Santo Domingo	2017-10-31 11:06:00	2017-10-31 11:06:00	\N
5701	5	San Felipe	2017-10-31 11:06:00	2017-10-31 11:06:00	\N
5702	5	Catemu	2017-10-31 11:06:00	2017-10-31 11:06:00	\N
5703	5	Llaillay	2017-10-31 11:06:00	2017-10-31 11:06:00	\N
5704	5	Panquehue	2017-10-31 11:06:00	2017-10-31 11:06:00	\N
5705	5	Putaendo	2017-10-31 11:06:00	2017-10-31 11:06:00	\N
5706	5	Santa Maria	2017-10-31 11:06:00	2017-10-31 11:06:00	\N
5801	5	Quilpue	2017-10-31 11:06:00	2017-10-31 11:06:00	\N
5802	5	Limache	2017-10-31 11:06:00	2017-10-31 11:06:00	\N
5803	5	Olmu	2017-10-31 11:06:00	2017-10-31 11:06:00	\N
5804	5	Villa Alemana	2017-10-31 11:06:00	2017-10-31 11:06:00	\N
6101	6	Rancagua	2017-10-31 11:06:00	2017-10-31 11:06:00	\N
6102	6	Codegua	2017-10-31 11:06:00	2017-10-31 11:06:00	\N
6103	6	Coinco	2017-10-31 11:06:00	2017-10-31 11:06:00	\N
6104	6	Coltauco	2017-10-31 11:06:00	2017-10-31 11:06:00	\N
6105	6	Doihue	2017-10-31 11:06:00	2017-10-31 11:06:00	\N
6106	6	Graneros	2017-10-31 11:06:00	2017-10-31 11:06:00	\N
6107	6	Las Cabras	2017-10-31 11:06:00	2017-10-31 11:06:00	\N
6108	6	Machal	2017-10-31 11:06:00	2017-10-31 11:06:00	\N
6109	6	Malloa	2017-10-31 11:06:00	2017-10-31 11:06:00	\N
6110	6	Mostazal	2017-10-31 11:06:00	2017-10-31 11:06:00	\N
6111	6	Olivar	2017-10-31 11:06:00	2017-10-31 11:06:00	\N
6112	6	Peumo	2017-10-31 11:06:00	2017-10-31 11:06:00	\N
6113	6	Pichidegua	2017-10-31 11:06:00	2017-10-31 11:06:00	\N
6114	6	Quinta de Tilcoco	2017-10-31 11:06:00	2017-10-31 11:06:00	\N
6115	6	Rengo	2017-10-31 11:06:00	2017-10-31 11:06:00	\N
6116	6	Requnoa	2017-10-31 11:06:00	2017-10-31 11:06:00	\N
6117	6	San Vicente	2017-10-31 11:06:00	2017-10-31 11:06:00	\N
6201	6	Pichilemu	2017-10-31 11:06:00	2017-10-31 11:06:00	\N
6202	6	La Estrella	2017-10-31 11:06:00	2017-10-31 11:06:00	\N
6203	6	Litueche	2017-10-31 11:06:00	2017-10-31 11:06:00	\N
6204	6	Marchihue	2017-10-31 11:06:00	2017-10-31 11:06:00	\N
6205	6	Navidad	2017-10-31 11:06:00	2017-10-31 11:06:00	\N
6206	6	Paredones	2017-10-31 11:06:00	2017-10-31 11:06:00	\N
6301	6	San Fernando	2017-10-31 11:06:00	2017-10-31 11:06:00	\N
6302	6	Chepica	2017-10-31 11:06:00	2017-10-31 11:06:00	\N
6303	6	Chimbarongo	2017-10-31 11:06:00	2017-10-31 11:06:00	\N
6304	6	Lolol	2017-10-31 11:06:00	2017-10-31 11:06:00	\N
6305	6	Nancagua	2017-10-31 11:06:00	2017-10-31 11:06:00	\N
6306	6	Palmilla	2017-10-31 11:06:00	2017-10-31 11:06:00	\N
6307	6	Peralillo	2017-10-31 11:06:00	2017-10-31 11:06:00	\N
6308	6	Placilla	2017-10-31 11:06:00	2017-10-31 11:06:00	\N
6309	6	Pumanque	2017-10-31 11:06:00	2017-10-31 11:06:00	\N
6310	6	Santa Cruz	2017-10-31 11:06:00	2017-10-31 11:06:00	\N
7101	7	Talca	2017-10-31 11:06:00	2017-10-31 11:06:00	\N
7102	7	Constitucin	2017-10-31 11:06:00	2017-10-31 11:06:00	\N
7103	7	Curepto	2017-10-31 11:06:00	2017-10-31 11:06:00	\N
7104	7	Empedrado	2017-10-31 11:06:00	2017-10-31 11:06:00	\N
7105	7	Maule	2017-10-31 11:06:00	2017-10-31 11:06:00	\N
7106	7	Pelarco	2017-10-31 11:06:00	2017-10-31 11:06:00	\N
7107	7	Pencahue	2017-10-31 11:06:00	2017-10-31 11:06:00	\N
7108	7	Ro Claro	2017-10-31 11:06:00	2017-10-31 11:06:00	\N
7109	7	San Clemente	2017-10-31 11:06:00	2017-10-31 11:06:00	\N
7110	7	San Rafael	2017-10-31 11:06:00	2017-10-31 11:06:00	\N
7201	7	Cauquenes	2017-10-31 11:06:00	2017-10-31 11:06:00	\N
7202	7	Chanco	2017-10-31 11:06:00	2017-10-31 11:06:00	\N
7203	7	Pelluhue	2017-10-31 11:06:00	2017-10-31 11:06:00	\N
7301	7	Curic	2017-10-31 11:06:00	2017-10-31 11:06:00	\N
7302	7	Huala	2017-10-31 11:06:00	2017-10-31 11:06:00	\N
7303	7	Licantn	2017-10-31 11:06:00	2017-10-31 11:06:00	\N
7304	7	Molina	2017-10-31 11:06:00	2017-10-31 11:06:00	\N
7305	7	Rauco	2017-10-31 11:06:00	2017-10-31 11:06:00	\N
7306	7	Romeral	2017-10-31 11:06:00	2017-10-31 11:06:00	\N
7307	7	Sagrada Familia	2017-10-31 11:06:00	2017-10-31 11:06:00	\N
7308	7	Teno	2017-10-31 11:06:00	2017-10-31 11:06:00	\N
7309	7	Vichuqun	2017-10-31 11:06:00	2017-10-31 11:06:00	\N
7401	7	Linares	2017-10-31 11:06:00	2017-10-31 11:06:00	\N
7402	7	Colbn	2017-10-31 11:06:00	2017-10-31 11:06:00	\N
7403	7	Longav	2017-10-31 11:06:00	2017-10-31 11:06:00	\N
7404	7	Parral	2017-10-31 11:06:00	2017-10-31 11:06:00	\N
7405	7	Retiro	2017-10-31 11:06:00	2017-10-31 11:06:00	\N
7406	7	San Javier	2017-10-31 11:06:00	2017-10-31 11:06:00	\N
7407	7	Villa Alegre	2017-10-31 11:06:00	2017-10-31 11:06:00	\N
7408	7	Yerbas Buenas	2017-10-31 11:06:00	2017-10-31 11:06:00	\N
8101	8	Concepcin	2017-10-31 11:06:00	2017-10-31 11:06:00	\N
8102	8	Coronel	2017-10-31 11:06:00	2017-10-31 11:06:00	\N
8103	8	Chiguayante	2017-10-31 11:06:00	2017-10-31 11:06:00	\N
8104	8	Florida	2017-10-31 11:06:00	2017-10-31 11:06:00	\N
8105	8	Hualqui	2017-10-31 11:06:00	2017-10-31 11:06:00	\N
8106	8	Lota	2017-10-31 11:06:00	2017-10-31 11:06:00	\N
8107	8	Penco	2017-10-31 11:06:00	2017-10-31 11:06:00	\N
8108	8	San Pedro de la Paz	2017-10-31 11:06:00	2017-10-31 11:06:00	\N
8109	8	Santa Juana	2017-10-31 11:06:00	2017-10-31 11:06:00	\N
8110	8	Talcahuano	2017-10-31 11:06:00	2017-10-31 11:06:00	\N
8111	8	Tome	2017-10-31 11:06:00	2017-10-31 11:06:00	\N
8112	8	Hualpn	2017-10-31 11:06:00	2017-10-31 11:06:00	\N
8201	8	Lebu	2017-10-31 11:06:00	2017-10-31 11:06:00	\N
8202	8	Arauco	2017-10-31 11:06:00	2017-10-31 11:06:00	\N
8203	8	Caete	2017-10-31 11:06:00	2017-10-31 11:06:00	\N
8204	8	Contulmo	2017-10-31 11:06:00	2017-10-31 11:06:00	\N
8205	8	Curanilahue	2017-10-31 11:06:00	2017-10-31 11:06:00	\N
8206	8	Los lamos	2017-10-31 11:06:00	2017-10-31 11:06:00	\N
8207	8	Tira	2017-10-31 11:06:00	2017-10-31 11:06:00	\N
8301	8	Los ngeles	2017-10-31 11:06:00	2017-10-31 11:06:00	\N
8302	8	Antuco	2017-10-31 11:06:00	2017-10-31 11:06:00	\N
8303	8	Cabrero	2017-10-31 11:06:00	2017-10-31 11:06:00	\N
8304	8	Laja	2017-10-31 11:06:00	2017-10-31 11:06:00	\N
8305	8	Mulchn	2017-10-31 11:06:00	2017-10-31 11:06:00	\N
8306	8	Nacimiento	2017-10-31 11:06:00	2017-10-31 11:06:00	\N
8307	8	Negrete	2017-10-31 11:06:00	2017-10-31 11:06:00	\N
8308	8	Quilaco	2017-10-31 11:06:00	2017-10-31 11:06:00	\N
8309	8	Quilleco	2017-10-31 11:06:00	2017-10-31 11:06:00	\N
8310	8	San Rosendo	2017-10-31 11:06:00	2017-10-31 11:06:00	\N
8311	8	Santa Brbara	2017-10-31 11:06:00	2017-10-31 11:06:00	\N
8312	8	Tucapel	2017-10-31 11:06:00	2017-10-31 11:06:00	\N
8313	8	Yumbel	2017-10-31 11:06:00	2017-10-31 11:06:00	\N
8314	8	Alto Biobo	2017-10-31 11:06:00	2017-10-31 11:06:00	\N
8401	8	Chilln 	2017-10-31 11:06:00	2017-10-31 11:06:00	\N
8402	8	Bulnes	2017-10-31 11:06:00	2017-10-31 11:06:00	\N
8403	8	Cobquecura	2017-10-31 11:06:00	2017-10-31 11:06:00	\N
8404	8	Coelemu	2017-10-31 11:06:00	2017-10-31 11:06:00	\N
8405	8	Coihueco	2017-10-31 11:06:00	2017-10-31 11:06:00	\N
8406	8	Chilln Viejo	2017-10-31 11:06:00	2017-10-31 11:06:00	\N
8407	8	El Carmen	2017-10-31 11:06:00	2017-10-31 11:06:00	\N
8408	8	Ninhue	2017-10-31 11:06:00	2017-10-31 11:06:00	\N
8409	8	iqun	2017-10-31 11:06:00	2017-10-31 11:06:00	\N
8410	8	Pemuco	2017-10-31 11:06:00	2017-10-31 11:06:00	\N
8411	8	Pinto	2017-10-31 11:06:00	2017-10-31 11:06:00	\N
8412	8	Portezuelo	2017-10-31 11:06:00	2017-10-31 11:06:00	\N
8413	8	Quilln	2017-10-31 11:06:00	2017-10-31 11:06:00	\N
8414	8	Quirihue	2017-10-31 11:06:00	2017-10-31 11:06:00	\N
8415	8	Rnquil	2017-10-31 11:06:00	2017-10-31 11:06:00	\N
8416	8	San Carlos	2017-10-31 11:06:00	2017-10-31 11:06:00	\N
8417	8	San Fabin	2017-10-31 11:06:00	2017-10-31 11:06:00	\N
8418	8	San Ignacio	2017-10-31 11:06:00	2017-10-31 11:06:00	\N
8419	8	San Nicols	2017-10-31 11:06:00	2017-10-31 11:06:00	\N
8420	8	Treguaco	2017-10-31 11:06:00	2017-10-31 11:06:00	\N
8421	8	Yungay	2017-10-31 11:06:00	2017-10-31 11:06:00	\N
9101	9	Temuco	2017-10-31 11:06:00	2017-10-31 11:06:00	\N
9102	9	Carahue	2017-10-31 11:06:00	2017-10-31 11:06:00	\N
9103	9	Cunco	2017-10-31 11:06:00	2017-10-31 11:06:00	\N
9104	9	Curarrehue	2017-10-31 11:06:00	2017-10-31 11:06:00	\N
9105	9	Freire	2017-10-31 11:06:00	2017-10-31 11:06:00	\N
9106	9	Galvarino	2017-10-31 11:06:00	2017-10-31 11:06:00	\N
9107	9	Gorbea	2017-10-31 11:06:00	2017-10-31 11:06:00	\N
9108	9	Lautaro	2017-10-31 11:06:00	2017-10-31 11:06:00	\N
9109	9	Loncoche	2017-10-31 11:06:00	2017-10-31 11:06:00	\N
9110	9	Melipeuco	2017-10-31 11:06:00	2017-10-31 11:06:00	\N
9111	9	Nueva Imperial	2017-10-31 11:06:00	2017-10-31 11:06:00	\N
9112	9	Padre Las Casas	2017-10-31 11:06:00	2017-10-31 11:06:00	\N
9113	9	Perquenco	2017-10-31 11:06:00	2017-10-31 11:06:00	\N
9114	9	Pitrufqun	2017-10-31 11:06:00	2017-10-31 11:06:00	\N
9115	9	Pucn	2017-10-31 11:06:00	2017-10-31 11:06:00	\N
9116	9	Saavedra	2017-10-31 11:06:00	2017-10-31 11:06:00	\N
9117	9	Teodoro Schmidt	2017-10-31 11:06:00	2017-10-31 11:06:00	\N
9118	9	Toltn	2017-10-31 11:06:00	2017-10-31 11:06:00	\N
9119	9	Vilcn	2017-10-31 11:06:00	2017-10-31 11:06:00	\N
9120	9	Villarrica	2017-10-31 11:06:00	2017-10-31 11:06:00	\N
9121	9	Cholchol	2017-10-31 11:06:00	2017-10-31 11:06:00	\N
9201	9	Angol	2017-10-31 11:06:00	2017-10-31 11:06:00	\N
9202	9	Collipulli	2017-10-31 11:06:00	2017-10-31 11:06:00	\N
9203	9	Curacautn	2017-10-31 11:06:00	2017-10-31 11:06:00	\N
9204	9	Ercilla	2017-10-31 11:06:00	2017-10-31 11:06:00	\N
9205	9	Lonquimay	2017-10-31 11:06:00	2017-10-31 11:06:00	\N
9206	9	Los Sauces	2017-10-31 11:06:00	2017-10-31 11:06:00	\N
9207	9	Lumaco	2017-10-31 11:06:00	2017-10-31 11:06:00	\N
9208	9	Purn	2017-10-31 11:06:00	2017-10-31 11:06:00	\N
9209	9	Renaico	2017-10-31 11:06:00	2017-10-31 11:06:00	\N
9210	9	Traigun	2017-10-31 11:06:00	2017-10-31 11:06:00	\N
9211	9	Victoria	2017-10-31 11:06:00	2017-10-31 11:06:00	\N
10101	10	Puerto Montt	2017-10-31 11:06:00	2017-10-31 11:06:00	\N
10102	10	Calbuco	2017-10-31 11:06:00	2017-10-31 11:06:00	\N
10103	10	Cocham	2017-10-31 11:06:00	2017-10-31 11:06:00	\N
10104	10	Fresia	2017-10-31 11:06:00	2017-10-31 11:06:00	\N
10105	10	Frutillar	2017-10-31 11:06:00	2017-10-31 11:06:00	\N
10106	10	Los Muermos	2017-10-31 11:06:00	2017-10-31 11:06:00	\N
10107	10	Llanquihue	2017-10-31 11:06:00	2017-10-31 11:06:00	\N
10108	10	Maulln	2017-10-31 11:06:00	2017-10-31 11:06:00	\N
10109	10	Puerto Varas	2017-10-31 11:06:00	2017-10-31 11:06:00	\N
10201	10	Castro	2017-10-31 11:06:00	2017-10-31 11:06:00	\N
10202	10	Ancud	2017-10-31 11:06:00	2017-10-31 11:06:00	\N
10203	10	Chonchi	2017-10-31 11:06:00	2017-10-31 11:06:00	\N
10204	10	Curaco de Vlez	2017-10-31 11:06:00	2017-10-31 11:06:00	\N
10205	10	Dalcahue	2017-10-31 11:06:00	2017-10-31 11:06:00	\N
10206	10	Puqueldn	2017-10-31 11:06:00	2017-10-31 11:06:00	\N
10207	10	Queiln	2017-10-31 11:06:00	2017-10-31 11:06:00	\N
10208	10	Quelln	2017-10-31 11:06:00	2017-10-31 11:06:00	\N
10209	10	Quemchi	2017-10-31 11:06:00	2017-10-31 11:06:00	\N
10210	10	Quinchao	2017-10-31 11:06:00	2017-10-31 11:06:00	\N
10301	10	Osorno	2017-10-31 11:06:00	2017-10-31 11:06:00	\N
10302	10	Puerto Octay	2017-10-31 11:06:00	2017-10-31 11:06:00	\N
10303	10	Purranque	2017-10-31 11:06:00	2017-10-31 11:06:00	\N
10304	10	Puyehue	2017-10-31 11:06:00	2017-10-31 11:06:00	\N
10305	10	Ro Negro	2017-10-31 11:06:00	2017-10-31 11:06:00	\N
10306	10	San Juan de la Costa	2017-10-31 11:06:00	2017-10-31 11:06:00	\N
10307	10	San Pablo	2017-10-31 11:06:00	2017-10-31 11:06:00	\N
10401	10	Chaitn	2017-10-31 11:06:00	2017-10-31 11:06:00	\N
10402	10	Futaleuf	2017-10-31 11:06:00	2017-10-31 11:06:00	\N
10403	10	Hualaihu	2017-10-31 11:06:00	2017-10-31 11:06:00	\N
10404	10	Palena	2017-10-31 11:06:00	2017-10-31 11:06:00	\N
11101	11	Coihaique	2017-10-31 11:06:00	2017-10-31 11:06:00	\N
11102	11	Lago Verde	2017-10-31 11:06:00	2017-10-31 11:06:00	\N
11201	11	Aisn	2017-10-31 11:06:00	2017-10-31 11:06:00	\N
11202	11	Cisnes	2017-10-31 11:06:00	2017-10-31 11:06:00	\N
11203	11	Guaitecas	2017-10-31 11:06:00	2017-10-31 11:06:00	\N
11301	11	Cochrane	2017-10-31 11:06:00	2017-10-31 11:06:00	\N
11302	11	O Higgins	2017-10-31 11:06:00	2017-10-31 11:06:00	\N
11303	11	Tortel	2017-10-31 11:06:00	2017-10-31 11:06:00	\N
11401	11	Chile Chico	2017-10-31 11:06:00	2017-10-31 11:06:00	\N
11402	11	Ro Ibez	2017-10-31 11:06:00	2017-10-31 11:06:00	\N
12101	12	Punta Arenas	2017-10-31 11:06:00	2017-10-31 11:06:00	\N
12102	12	Laguna Blanca	2017-10-31 11:06:00	2017-10-31 11:06:00	\N
12103	12	Ro Verde	2017-10-31 11:06:00	2017-10-31 11:06:00	\N
12104	12	San Gregorio	2017-10-31 11:06:00	2017-10-31 11:06:00	\N
12201	12	Cabo de Hornos	2017-10-31 11:06:00	2017-10-31 11:06:00	\N
12202	12	Antrtica	2017-10-31 11:06:00	2017-10-31 11:06:00	\N
12301	12	Porvenir	2017-10-31 11:06:00	2017-10-31 11:06:00	\N
12302	12	Primavera	2017-10-31 11:06:00	2017-10-31 11:06:00	\N
12303	12	Timaukel	2017-10-31 11:06:00	2017-10-31 11:06:00	\N
12401	12	Natales	2017-10-31 11:06:00	2017-10-31 11:06:00	\N
12402	12	Torres del Paine	2017-10-31 11:06:00	2017-10-31 11:06:00	\N
13101	13	Santiago	2017-10-31 11:06:00	2017-10-31 11:06:00	\N
13102	13	Cerrillos	2017-10-31 11:06:00	2017-10-31 11:06:00	\N
13103	13	Cerro Navia	2017-10-31 11:06:00	2017-10-31 11:06:00	\N
13104	13	Conchal	2017-10-31 11:06:00	2017-10-31 11:06:00	\N
13105	13	El Bosque	2017-10-31 11:06:00	2017-10-31 11:06:00	\N
13106	13	Estacin Central	2017-10-31 11:06:00	2017-10-31 11:06:00	\N
13107	13	Huechuraba	2017-10-31 11:06:00	2017-10-31 11:06:00	\N
13108	13	Independencia	2017-10-31 11:06:00	2017-10-31 11:06:00	\N
13109	13	La Cisterna	2017-10-31 11:06:00	2017-10-31 11:06:00	\N
13110	13	La Florida	2017-10-31 11:06:00	2017-10-31 11:06:00	\N
13111	13	La Granja	2017-10-31 11:06:00	2017-10-31 11:06:00	\N
13112	13	La Pintana	2017-10-31 11:06:00	2017-10-31 11:06:00	\N
13113	13	La Reina	2017-10-31 11:06:00	2017-10-31 11:06:00	\N
13114	13	Las Condes	2017-10-31 11:06:00	2017-10-31 11:06:00	\N
13115	13	Lo Barnechea	2017-10-31 11:06:00	2017-10-31 11:06:00	\N
13116	13	Lo Espejo	2017-10-31 11:06:00	2017-10-31 11:06:00	\N
13117	13	Lo Prado	2017-10-31 11:06:00	2017-10-31 11:06:00	\N
13118	13	Macul	2017-10-31 11:06:00	2017-10-31 11:06:00	\N
13119	13	Maipu	2017-10-31 11:06:00	2017-10-31 11:06:00	\N
13120	13	uoa	2017-10-31 11:06:00	2017-10-31 11:06:00	\N
13121	13	Pedro Aguirre Cerda	2017-10-31 11:06:00	2017-10-31 11:06:00	\N
13122	13	Pealoln	2017-10-31 11:06:00	2017-10-31 11:06:00	\N
13123	13	Providencia	2017-10-31 11:06:00	2017-10-31 11:06:00	\N
13124	13	Pudahuel	2017-10-31 11:06:00	2017-10-31 11:06:00	\N
13125	13	Quilicura	2017-10-31 11:06:00	2017-10-31 11:06:00	\N
13126	13	Quinta Normal	2017-10-31 11:06:00	2017-10-31 11:06:00	\N
13127	13	Recoleta	2017-10-31 11:06:00	2017-10-31 11:06:00	\N
13128	13	Renca	2017-10-31 11:06:00	2017-10-31 11:06:00	\N
13129	13	San Joaqun	2017-10-31 11:06:00	2017-10-31 11:06:00	\N
13130	13	San Miguel	2017-10-31 11:06:00	2017-10-31 11:06:00	\N
13131	13	San Ramn	2017-10-31 11:06:00	2017-10-31 11:06:00	\N
13132	13	Vitacura	2017-10-31 11:06:00	2017-10-31 11:06:00	\N
13201	13	Puente Alto	2017-10-31 11:06:00	2017-10-31 11:06:00	\N
13202	13	Pirque	2017-10-31 11:06:00	2017-10-31 11:06:00	\N
13203	13	San Jos de Maipo	2017-10-31 11:06:00	2017-10-31 11:06:00	\N
13301	13	Colina	2017-10-31 11:06:00	2017-10-31 11:06:00	\N
13302	13	Lampa	2017-10-31 11:06:00	2017-10-31 11:06:00	\N
13303	13	Tiltil	2017-10-31 11:06:00	2017-10-31 11:06:00	\N
13401	13	San Bernardo	2017-10-31 11:06:00	2017-10-31 11:06:00	\N
13402	13	Buin	2017-10-31 11:06:00	2017-10-31 11:06:00	\N
13403	13	Calera de Tango	2017-10-31 11:06:00	2017-10-31 11:06:00	\N
13404	13	Paine	2017-10-31 11:06:00	2017-10-31 11:06:00	\N
13501	13	Melipilla	2017-10-31 11:06:00	2017-10-31 11:06:00	\N
13502	13	Alhu	2017-10-31 11:06:00	2017-10-31 11:06:00	\N
13503	13	Curacav	2017-10-31 11:06:00	2017-10-31 11:06:00	\N
13504	13	Maria Pinto	2017-10-31 11:06:00	2017-10-31 11:06:00	\N
13505	13	San Pedro	2017-10-31 11:06:00	2017-10-31 11:06:00	\N
13601	13	Talagante	2017-10-31 11:06:00	2017-10-31 11:06:00	\N
13602	13	El Monte	2017-10-31 11:06:00	2017-10-31 11:06:00	\N
13603	13	Isla de Maipo	2017-10-31 11:06:00	2017-10-31 11:06:00	\N
13604	13	Padre Hurtado	2017-10-31 11:06:00	2017-10-31 11:06:00	\N
13605	13	Peaflor	2017-10-31 11:06:00	2017-10-31 11:06:00	\N
14101	14	Valdivia	2017-10-31 11:06:00	2017-10-31 11:06:00	\N
14102	14	Corral	2017-10-31 11:06:00	2017-10-31 11:06:00	\N
14103	14	Lanco	2017-10-31 11:06:00	2017-10-31 11:06:00	\N
14104	14	Los Lagos	2017-10-31 11:06:00	2017-10-31 11:06:00	\N
14105	14	Mfil	2017-10-31 11:06:00	2017-10-31 11:06:00	\N
14106	14	Mariquina	2017-10-31 11:06:00	2017-10-31 11:06:00	\N
14107	14	Paillaco	2017-10-31 11:06:00	2017-10-31 11:06:00	\N
14108	14	Panguipulli	2017-10-31 11:06:00	2017-10-31 11:06:00	\N
14201	14	La Unin	2017-10-31 11:06:00	2017-10-31 11:06:00	\N
14202	14	Futrono	2017-10-31 11:06:00	2017-10-31 11:06:00	\N
14203	14	Lago Ranco	2017-10-31 11:06:00	2017-10-31 11:06:00	\N
14204	14	Ro Bueno	2017-10-31 11:06:00	2017-10-31 11:06:00	\N
15101	15	Arica	2017-10-31 11:06:00	2017-10-31 11:06:00	\N
15102	15	Camarones	2017-10-31 11:06:00	2017-10-31 11:06:00	\N
15201	15	Putre	2017-10-31 11:06:00	2017-10-31 11:06:00	\N
15202	15	General Lagos	2017-10-31 11:06:00	2017-10-31 11:06:00	\N
\.


--
-- TOC entry 3664 (class 0 OID 16490)
-- Dependencies: 223
-- Data for Name: datacentros; Type: TABLE DATA; Schema: public; Owner: postgres
--

COPY public.datacentros (id_datacentro, nom_datacentro, id_usuario_registra, id_usuario_modifica, created_at, updated_at, deleted_at, det_datacentro, cod_datacentro) FROM stdin;
1	CPD	4	4	2018-03-06 01:31:31	2018-03-06 01:31:31	\N	Datacentro local en minsal	CPD001
2	Convergente	4	4	2018-03-06 01:32:08	2018-03-06 01:32:08	\N	Datacentro convergente ubicado en puerto montt.	CVGT001
3	asdfsdf	4	4	2018-03-06 06:46:05	2018-03-06 06:46:07	2018-03-06 06:46:07	afd	af
5	null	4	4	2018-03-21 19:06:13	2018-03-21 19:06:32	2018-03-21 19:06:32	null	null
4	null	4	4	2018-03-21 19:06:07	2018-03-21 19:06:37	2018-03-21 19:06:37	null	null
6	sdfdfasf	4	4	2018-03-21 19:32:31	2018-03-21 19:32:39	2018-03-21 19:32:39	adsfsa	0
7	Liray	1	1	2018-04-20 17:17:54	2018-04-20 17:17:54	\N	liray001	Liray
\.


--
-- TOC entry 3666 (class 0 OID 16499)
-- Dependencies: 225
-- Data for Name: dominios; Type: TABLE DATA; Schema: public; Owner: postgres
--

COPY public.dominios (id_dominio, nom_dominio, det_dominio, ip_publica, ip_balanceador, dns_asoc_dominio, id_usuario_registra, id_usuario_modifica, created_at, updated_at, deleted_at) FROM stdin;
1	Minsal	minsal.cl	5.5.5.5	5.5.5.5	2.2.2.2	4	4	2018-03-02 21:12:55	2018-03-03 17:21:51	\N
2	Red Salud	redsalud.gob.cl	0.0.0.0	0.0.0.0	0.0.0.0	4	4	2018-03-03 17:22:21	2018-03-03 17:22:21	\N
3	Gob	gob.cl	0.0.0.0	0.0.0.0	0.0.0.0	4	4	2018-03-03 17:22:46	2018-03-03 17:22:46	\N
4	ewqeq	qweqwe	1.1.1.1	1.1.1.1	1.1.1.1	4	4	2018-03-06 06:43:10	2018-03-06 06:43:15	2018-03-06 06:43:15
5	test	test	1.1.1.1	0	0	4	4	2018-03-21 19:28:39	2018-03-21 19:29:36	2018-03-21 19:29:36
\.


--
-- TOC entry 3668 (class 0 OID 16508)
-- Dependencies: 227
-- Data for Name: entregas_credenciales_usuarios; Type: TABLE DATA; Schema: public; Owner: postgres
--

COPY public.entregas_credenciales_usuarios (id_entrega_credencial_usuario, username, password, tiempo_expiracion, estado, id_usuario_registra, id_usuario_modifica, created_at, updated_at, deleted_at) FROM stdin;
\.


--
-- TOC entry 3669 (class 0 OID 16515)
-- Dependencies: 228
-- Data for Name: establecimientos; Type: TABLE DATA; Schema: public; Owner: postgres
--

COPY public.establecimientos (id_establecimiento, id_establecimiento_antiguo, id_servicio_salud, id_region, id_comuna, nombre_establecimiento, tipo_establecimiento, vigencia_desde, fecha_cierre, created_at, updated_at, deleted_at) FROM stdin;
\.


--
-- TOC entry 3671 (class 0 OID 16523)
-- Dependencies: 230
-- Data for Name: estados; Type: TABLE DATA; Schema: public; Owner: postgres
--

COPY public.estados (id_estado, nom_estado, cod_estado, id_usuario_registra, id_usuario_modifica, created_at, updated_at, deleted_at, det_estado) FROM stdin;
1	qwe	\N	1	1	2018-02-27 20:00:36	2018-02-27 20:00:54	2018-02-27 20:00:54	qwe
10	test	test	4	4	2018-03-19 20:31:37	2018-03-19 20:31:51	2018-03-19 20:31:51	test
9	test	test	4	4	2018-03-19 20:30:23	2018-03-19 20:31:58	2018-03-19 20:31:58	test
11	test	0	4	4	2018-03-21 19:26:04	2018-03-21 19:26:09	2018-03-21 19:26:09	test
3	Inactivo	inactivo001	4	4	2018-03-06 06:30:37	2018-04-04 20:34:15	\N	Inactivo
2	Activo	activo001	1	4	2018-02-27 20:18:02	2018-04-04 20:34:27	\N	Estado activo
8	Dado de baja	dadobaja001	4	4	2018-03-19 20:30:12	2018-04-04 20:34:41	\N	Estado para maquinas, usuarios, etc.
7	Contingencia en PM	contingencia001	4	4	2018-03-19 20:25:38	2018-04-04 20:34:51	\N	Estado para maquinas.
5	Vacaciones	vacaciones001	4	4	2018-03-06 06:30:55	2018-04-04 20:35:19	\N	Vacaciones
4	Ausente	ausente001	4	4	2018-03-06 06:30:45	2018-04-04 20:35:40	\N	Ausente
6	Apagada	apagada001	4	4	2018-03-19 20:25:12	2018-04-04 20:38:24	\N	Estado para maquinas, servidores, etc
\.


--
-- TOC entry 3673 (class 0 OID 16532)
-- Dependencies: 232
-- Data for Name: fuentes_aplicaciones; Type: TABLE DATA; Schema: public; Owner: postgres
--

COPY public.fuentes_aplicaciones (id_fuente_aplicacion, id_aplicacion, id_servicio, url_descarga, nom_fuente, det_fuente, id_usuario_registra, id_usuario_modifica, created_at, updated_at, deleted_at) FROM stdin;
\.


--
-- TOC entry 3675 (class 0 OID 16541)
-- Dependencies: 234
-- Data for Name: idiomas; Type: TABLE DATA; Schema: public; Owner: postgres
--

COPY public.idiomas (id_idioma, nom_idioma, det_idioma, id_usuario_registra, id_usuario_modifica, created_at, updated_at, deleted_at) FROM stdin;
1	Aleman	Aleman	\N	\N	\N	\N	\N
2	Espanol	Espanol	\N	\N	\N	\N	\N
3	Ingles	Ingles	\N	\N	\N	\N	\N
4	Portugues	Portugues	\N	\N	\N	\N	\N
5	Ruso	Ruso	\N	\N	\N	\N	\N
\.


--
-- TOC entry 3677 (class 0 OID 16550)
-- Dependencies: 236
-- Data for Name: log_navegacion; Type: TABLE DATA; Schema: public; Owner: postgres
--

COPY public.log_navegacion (id_log_navegacion, id_usuario, cod_establecimiento, nom_usuario, email_usuario, path_url, ip, latitude, longitude, created_at, updated_at, deleted_at) FROM stdin;
\.


--
-- TOC entry 3679 (class 0 OID 16559)
-- Dependencies: 238
-- Data for Name: mantenedores; Type: TABLE DATA; Schema: public; Owner: postgres
--

COPY public.mantenedores (id_mantenedor, url_mantenedor, nom_mantenedor, det_mantenedor, cod_mantenedor, id_usuario_registra, id_usuario_modifica, created_at, updated_at, deleted_at, imagen_mantenedor, font_icon_mantenedor) FROM stdin;
1	servicios	Servicio	servicio	servicio	4	4	2018-03-28 18:56:19	2018-03-28 18:56:26	2018-03-28 18:56:26	\N	\N
11	aplicaciones_accesos	Accesos aplicaciones	Mantenedor para administrar accesos de usuario al aplicativo.	aplicaciones_accesos01	4	4	2018-03-28 20:13:29	2018-03-28 20:13:29	\N	\N	\N
9	actividades	Actividades	Mantenedor para administrar actividades	actividades01	4	4	2018-03-28 20:11:42	2018-03-28 20:20:29	\N	\N	\N
8	servicios	Servicios	Mantenedor para administrar servicios	servicios01	4	4	2018-03-28 19:24:44	2018-03-28 20:21:19	\N	\N	\N
6	permisos	Permisos	Mantenedor para administrar permisos asociado a roles	permisos01	4	4	2018-03-28 19:17:35	2018-03-28 20:21:33	\N	\N	\N
4	usuarios	Usuarios	Mantenedor para administrar usuarios	usuarios01	4	4	2018-03-28 19:11:47	2018-03-28 20:21:46	\N	\N	\N
2	menus	Menus	Mantenedor para administrar menus	menus01	4	4	2018-03-28 19:09:01	2018-03-28 20:21:52	\N	\N	\N
3	mantenedores	Mantenedores	Mantenedor para administrar mantenedores	mantenedores01	4	4	2018-03-28 19:09:13	2018-03-28 20:22:00	\N	\N	\N
12	cargos	Cargos	Mantenedor para administrar cargos	cargos01	4	4	2018-03-28 20:22:40	2018-03-28 20:22:40	\N	\N	\N
13	clusters	Clusters	Mantenedor para administrar clusters	clusters01	4	4	2018-03-28 20:23:12	2018-03-28 20:23:12	\N	\N	\N
15	dominios	Dominios	Mantenedor para administrar dominios asociados a aplicativos locales	dominios01	4	4	2018-03-28 20:24:12	2018-03-28 20:24:12	\N	\N	\N
16	estados	Estados	Mantenedor para administrar estados de las entidades que los utilizan.	estados01	4	4	2018-03-28 20:25:54	2018-03-28 20:25:54	\N	\N	\N
17	servidores_accesos	Accesos Servidores	Mantenedor para administrar accesos a los servidores	servidores_accessos01	4	4	2018-03-28 20:27:11	2018-03-28 20:27:11	\N	\N	\N
18	sistemas_operativos	Sistemas Operativos	Mantenedor para administrar sistemas operativos	sistemas_operativos01	4	4	2018-03-28 20:27:44	2018-03-28 20:27:44	\N	\N	\N
20	tipos_aplicaciones	Tipos de Aplicaciones	Mantenedor para administrar los tipos de aplicaciones que se desarrollan	tipos_aplicaciones01	4	4	2018-03-28 20:28:53	2018-03-28 20:28:53	\N	\N	\N
19	tags	Tags	Mantenedor para administrar tags	tag01	4	4	2018-03-28 20:28:12	2018-03-29 05:20:28	2018-03-29 05:20:28	\N	\N
22	vlans	Vlan	Vlan, es un metodo para crear redes logicas independientes dentro de una misma red fisica	vlan001	4	4	2018-04-09 13:24:19	2018-04-09 13:24:19	\N	0	0
10	aplicaciones	Aplicaciones	Mantenedor para administrar aplicaciones, ver, crear, editar y eliminar, asociar a un servidor en especifico o realizar una bitacora especifica sobre una aplicacion en un servicio	aplicaciones01	4	4	2018-03-28 20:12:23	2018-04-09 13:27:42	\N	\N	\N
21	usuarios_bitacora_servicios	Bitacora Servicios	Bitacoras de servicios que detallan la actividad realizada sobre una aplicacion o servicio especifico	bitacora001	4	4	2018-03-30 19:38:44	2018-04-09 13:28:32	\N	0	0
5	roles	Roles	Mantenedor para administrar roles del sistema, se basan en perfiles con permisos para las acciones en el sistema	roles01	4	4	2018-03-28 19:17:17	2018-04-09 13:29:02	\N	\N	\N
7	servidores	Servidores	Mantenedor para administrar servidores, incorporacion o asociacion de aplicaciones, mantencion, revision y busqueda de informacion importante como claves de acceso a servidores o aplicativos	servidores01	4	4	2018-03-28 19:24:26	2018-04-09 13:29:49	\N	\N	\N
23	tipos_servidores	Tipos de Servidores	Mantenedor para administrar los tipos de servidores que se disponibilizan	tipos_servidores001	4	4	2018-04-09 20:02:42	2018-04-09 20:03:12	\N	0	0
24	tipos_respaldos_discos	Tipo Respaldo Discos	Mantenedor de tipos de respaldos que pueda tener un servidor	tipos_respaldos_discos001	4	4	2018-04-09 20:46:39	2018-04-09 20:46:39	\N	0	0
14	datacentros	Datacenters	Mantenedor para administrar datacenters	datacenter01	4	1	2018-03-28 20:23:48	2018-04-20 13:19:29	\N	\N	\N
\.


--
-- TOC entry 3681 (class 0 OID 16568)
-- Dependencies: 240
-- Data for Name: menus; Type: TABLE DATA; Schema: public; Owner: postgres
--

COPY public.menus (id_menu, url_menu, nom_menu, det_menu, cod_menu, id_usuario_registra, id_usuario_modifica, created_at, updated_at, deleted_at, imagen_menu, font_icon_menu) FROM stdin;
2	sdfdf	sdf	dsfds	fsdfds	4	4	2018-03-28 18:54:18	2018-03-28 18:54:35	2018-03-28 18:54:35	\N	\N
1	fdsa	dsf	sdf	sadf	4	4	2018-03-28 18:52:28	2018-03-28 18:54:40	2018-03-28 18:54:40	\N	\N
9	usuarios_bitacora_servicios	Bitacoras	bitacoras	bitacoras01	4	4	2018-03-28 19:08:33	2018-03-29 05:27:11	2018-03-29 05:27:11	\N	\N
7	actividades	Actividades	actividades	actividades01	4	4	2018-03-28 19:08:03	2018-04-04 05:00:17	2018-04-04 05:00:17	\N	\N
5	servidores	Servidores	servidores	servidores01	4	4	2018-03-28 19:07:03	2018-04-05 23:10:34	2018-04-05 23:10:34	\N	\N
6	aplicaciones	Aplicaciones	aplicacion	aplicacion01	4	4	2018-03-28 19:07:22	2018-04-05 23:10:40	2018-04-05 23:10:40	\N	\N
4	servicios	Servicios	Los servicios contienen informacion de servidores, aplicaciones y credenciales, aplicable para casos como herramienta de base informativa ante contingencias, buscando credenciales, puertos de acceso, ubicacion de un servidor, ips, bitacoras, ultima version de algun proyecto en especifico, asignacion y busqueda de informacion mantenida por el area de TI	servicios01	4	4	2018-03-28 19:05:04	2018-04-09 13:21:14	\N	/img/servicio.jpg	\N
3	home	Home	Home es el menu central	home01	4	1	2018-03-28 19:04:04	2018-04-17 14:08:35	\N	/img/mosaico.jpg	\N
8	servicios	Catalogo	El catalogo agrupa los servicios segun la usabilidad de sistema o aplicacion, esta funcion  estara disponible a medida que se use el sistema	catalogos01	4	1	2018-03-28 19:08:21	2018-04-18 01:09:49	\N	/img/catalogo.png	\N
\.


--
-- TOC entry 3682 (class 0 OID 16575)
-- Dependencies: 241
-- Data for Name: migrations; Type: TABLE DATA; Schema: public; Owner: postgres
--

COPY public.migrations (id, migration, batch) FROM stdin;
1	2014_10_12_000000_create_users_table	1
2	2014_10_12_100000_create_password_resets_table	1
\.


--
-- TOC entry 3684 (class 0 OID 16580)
-- Dependencies: 243
-- Data for Name: pais; Type: TABLE DATA; Schema: public; Owner: postgres
--

COPY public.pais (id_pais, nombre_pais, created_at, updated_at, deleted_at) FROM stdin;
4	AFGANISTN	2017-10-31 11:06:00	2017-10-31 11:06:00	\N
8	ALBANIA	2017-10-31 11:06:00	2017-10-31 11:06:00	\N
10	ANTRTIDA	2017-10-31 11:06:00	2017-10-31 11:06:00	\N
12	ARGEL	2017-10-31 11:06:00	2017-10-31 11:06:00	\N
16	SAMOA AMERICANA	2017-10-31 11:06:00	2017-10-31 11:06:00	\N
20	ANDORRA	2017-10-31 11:06:00	2017-10-31 11:06:00	\N
24	ANGOLA	2017-10-31 11:06:00	2017-10-31 11:06:00	\N
28	ANTIGUA Y BARBUDA	2017-10-31 11:06:00	2017-10-31 11:06:00	\N
31	AZERBAIYN	2017-10-31 11:06:00	2017-10-31 11:06:00	\N
32	ARGENTINA	2017-10-31 11:06:00	2017-10-31 11:06:00	\N
36	AUSTRALIA	2017-10-31 11:06:00	2017-10-31 11:06:00	\N
40	AUSTRIA	2017-10-31 11:06:00	2017-10-31 11:06:00	\N
44	BAHAMAS	2017-10-31 11:06:00	2017-10-31 11:06:00	\N
48	BAHRIN	2017-10-31 11:06:00	2017-10-31 11:06:00	\N
50	BANGLADESH	2017-10-31 11:06:00	2017-10-31 11:06:00	\N
51	ARMENIA	2017-10-31 11:06:00	2017-10-31 11:06:00	\N
52	BARBADOS	2017-10-31 11:06:00	2017-10-31 11:06:00	\N
56	BLGICA	2017-10-31 11:06:00	2017-10-31 11:06:00	\N
60	BERMUDAS	2017-10-31 11:06:00	2017-10-31 11:06:00	\N
64	BHUTN	2017-10-31 11:06:00	2017-10-31 11:06:00	\N
68	BOLIVIA	2017-10-31 11:06:00	2017-10-31 11:06:00	\N
70	BOSNIA Y HERZEGOVINA	2017-10-31 11:06:00	2017-10-31 11:06:00	\N
72	BOTSUANA	2017-10-31 11:06:00	2017-10-31 11:06:00	\N
74	ISLA BOUVET	2017-10-31 11:06:00	2017-10-31 11:06:00	\N
76	BRASIL	2017-10-31 11:06:00	2017-10-31 11:06:00	\N
84	BELICE	2017-10-31 11:06:00	2017-10-31 11:06:00	\N
86	TERRITORIO BRITNICO DEL OCANO NDICO	2017-10-31 11:06:00	2017-10-31 11:06:00	\N
90	ISLAS SOLOMN	2017-10-31 11:06:00	2017-10-31 11:06:00	\N
92	ISLAS VRGENES BRITNICAS	2017-10-31 11:06:00	2017-10-31 11:06:00	\N
96	BRUNI	2017-10-31 11:06:00	2017-10-31 11:06:00	\N
100	BULGARIA	2017-10-31 11:06:00	2017-10-31 11:06:00	\N
104	MYANMAR	2017-10-31 11:06:00	2017-10-31 11:06:00	\N
108	BURUNDI	2017-10-31 11:06:00	2017-10-31 11:06:00	\N
112	BELARS	2017-10-31 11:06:00	2017-10-31 11:06:00	\N
116	CAMBOYA	2017-10-31 11:06:00	2017-10-31 11:06:00	\N
120	CAMERN	2017-10-31 11:06:00	2017-10-31 11:06:00	\N
124	CANAD	2017-10-31 11:06:00	2017-10-31 11:06:00	\N
132	CABO VERDE	2017-10-31 11:06:00	2017-10-31 11:06:00	\N
136	ISLAS CAIMN	2017-10-31 11:06:00	2017-10-31 11:06:00	\N
140	REPBLICA CENTRO-AFRICANA	2017-10-31 11:06:00	2017-10-31 11:06:00	\N
144	SRI LANKA	2017-10-31 11:06:00	2017-10-31 11:06:00	\N
148	CHAD	2017-10-31 11:06:00	2017-10-31 11:06:00	\N
152	CHILE	2017-10-31 11:06:00	2017-10-31 11:06:00	\N
156	CHINA	2017-10-31 11:06:00	2017-10-31 11:06:00	\N
158	TAIWN	2017-10-31 11:06:00	2017-10-31 11:06:00	\N
162	ISLAS CHRISTMAS	2017-10-31 11:06:00	2017-10-31 11:06:00	\N
166	ISLAS COCOS	2017-10-31 11:06:00	2017-10-31 11:06:00	\N
170	COLOMBIA	2017-10-31 11:06:00	2017-10-31 11:06:00	\N
174	COMOROS	2017-10-31 11:06:00	2017-10-31 11:06:00	\N
175	MAYOTTE	2017-10-31 11:06:00	2017-10-31 11:06:00	\N
178	CONGO	2017-10-31 11:06:00	2017-10-31 11:06:00	\N
184	ISLAS COOK	2017-10-31 11:06:00	2017-10-31 11:06:00	\N
188	COSTA RICA	2017-10-31 11:06:00	2017-10-31 11:06:00	\N
191	CROACIA	2017-10-31 11:06:00	2017-10-31 11:06:00	\N
192	CUBA	2017-10-31 11:06:00	2017-10-31 11:06:00	\N
196	CHIPRE	2017-10-31 11:06:00	2017-10-31 11:06:00	\N
203	REPBLICA CHECA	2017-10-31 11:06:00	2017-10-31 11:06:00	\N
204	BENIN	2017-10-31 11:06:00	2017-10-31 11:06:00	\N
208	DINAMARCA	2017-10-31 11:06:00	2017-10-31 11:06:00	\N
212	DOMNICA	2017-10-31 11:06:00	2017-10-31 11:06:00	\N
214	REPBLICA DOMINICANA	2017-10-31 11:06:00	2017-10-31 11:06:00	\N
218	ECUADOR	2017-10-31 11:06:00	2017-10-31 11:06:00	\N
222	EL SALVADOR	2017-10-31 11:06:00	2017-10-31 11:06:00	\N
226	GUINEA ECUATORIAL	2017-10-31 11:06:00	2017-10-31 11:06:00	\N
231	ETIOPA	2017-10-31 11:06:00	2017-10-31 11:06:00	\N
232	ERITREA	2017-10-31 11:06:00	2017-10-31 11:06:00	\N
233	ESTONIA	2017-10-31 11:06:00	2017-10-31 11:06:00	\N
234	ISLAS FAROE	2017-10-31 11:06:00	2017-10-31 11:06:00	\N
238	ISLAS MALVINAS	2017-10-31 11:06:00	2017-10-31 11:06:00	\N
239	GEORGIA DEL SUR E ISLAS SANDWICH DEL SUR	2017-10-31 11:06:00	2017-10-31 11:06:00	\N
242	FIJI	2017-10-31 11:06:00	2017-10-31 11:06:00	\N
246	FINLANDIA	2017-10-31 11:06:00	2017-10-31 11:06:00	\N
248	ISLAS LAND	2017-10-31 11:06:00	2017-10-31 11:06:00	\N
250	FRANCIA	2017-10-31 11:06:00	2017-10-31 11:06:00	\N
254	GUAYANA FRANCESA	2017-10-31 11:06:00	2017-10-31 11:06:00	\N
258	POLINESIA FRANCESA	2017-10-31 11:06:00	2017-10-31 11:06:00	\N
260	TERRITORIOS AUSTRALES FRANCESES	2017-10-31 11:06:00	2017-10-31 11:06:00	\N
262	YIBUTI	2017-10-31 11:06:00	2017-10-31 11:06:00	\N
266	GABN	2017-10-31 11:06:00	2017-10-31 11:06:00	\N
268	GEORGIA	2017-10-31 11:06:00	2017-10-31 11:06:00	\N
270	GAMBIA	2017-10-31 11:06:00	2017-10-31 11:06:00	\N
275	PALESTINA	2017-10-31 11:06:00	2017-10-31 11:06:00	\N
276	ALEMANIA	2017-10-31 11:06:00	2017-10-31 11:06:00	\N
288	GHANA	2017-10-31 11:06:00	2017-10-31 11:06:00	\N
292	GIBRALTAR	2017-10-31 11:06:00	2017-10-31 11:06:00	\N
296	KIRIBATI	2017-10-31 11:06:00	2017-10-31 11:06:00	\N
300	GRECIA	2017-10-31 11:06:00	2017-10-31 11:06:00	\N
304	GROENLANDIA	2017-10-31 11:06:00	2017-10-31 11:06:00	\N
308	GRANADA	2017-10-31 11:06:00	2017-10-31 11:06:00	\N
312	GUADALUPE	2017-10-31 11:06:00	2017-10-31 11:06:00	\N
316	GUAM	2017-10-31 11:06:00	2017-10-31 11:06:00	\N
320	GUATEMALA	2017-10-31 11:06:00	2017-10-31 11:06:00	\N
324	GUINEA	2017-10-31 11:06:00	2017-10-31 11:06:00	\N
328	GUAYANA	2017-10-31 11:06:00	2017-10-31 11:06:00	\N
332	HAIT	2017-10-31 11:06:00	2017-10-31 11:06:00	\N
334	ISLAS HEARD Y MCDONALD	2017-10-31 11:06:00	2017-10-31 11:06:00	\N
336	CIUDAD DEL VATICANO	2017-10-31 11:06:00	2017-10-31 11:06:00	\N
340	HONDURAS	2017-10-31 11:06:00	2017-10-31 11:06:00	\N
344	HONG KONG	2017-10-31 11:06:00	2017-10-31 11:06:00	\N
348	HUNGRA	2017-10-31 11:06:00	2017-10-31 11:06:00	\N
352	ISLANDIA	2017-10-31 11:06:00	2017-10-31 11:06:00	\N
356	INDIA	2017-10-31 11:06:00	2017-10-31 11:06:00	\N
360	INDONESIA	2017-10-31 11:06:00	2017-10-31 11:06:00	\N
364	IRN	2017-10-31 11:06:00	2017-10-31 11:06:00	\N
368	IRAK	2017-10-31 11:06:00	2017-10-31 11:06:00	\N
372	IRLANDA	2017-10-31 11:06:00	2017-10-31 11:06:00	\N
376	ISRAEL	2017-10-31 11:06:00	2017-10-31 11:06:00	\N
380	ITALIA	2017-10-31 11:06:00	2017-10-31 11:06:00	\N
384	COSTA DE MARFIL	2017-10-31 11:06:00	2017-10-31 11:06:00	\N
388	JAMAICA	2017-10-31 11:06:00	2017-10-31 11:06:00	\N
392	JAPN	2017-10-31 11:06:00	2017-10-31 11:06:00	\N
398	KAZAJSTN	2017-10-31 11:06:00	2017-10-31 11:06:00	\N
400	JORDANIA	2017-10-31 11:06:00	2017-10-31 11:06:00	\N
404	KENIA	2017-10-31 11:06:00	2017-10-31 11:06:00	\N
408	COREA DEL NORTE	2017-10-31 11:06:00	2017-10-31 11:06:00	\N
410	COREA DEL SUR	2017-10-31 11:06:00	2017-10-31 11:06:00	\N
414	KUWAIT	2017-10-31 11:06:00	2017-10-31 11:06:00	\N
417	KIRGUISTN	2017-10-31 11:06:00	2017-10-31 11:06:00	\N
418	LAOS	2017-10-31 11:06:00	2017-10-31 11:06:00	\N
422	LBANO	2017-10-31 11:06:00	2017-10-31 11:06:00	\N
426	LESOTHO	2017-10-31 11:06:00	2017-10-31 11:06:00	\N
428	LETONIA	2017-10-31 11:06:00	2017-10-31 11:06:00	\N
430	LIBERIA	2017-10-31 11:06:00	2017-10-31 11:06:00	\N
434	LIBIA	2017-10-31 11:06:00	2017-10-31 11:06:00	\N
438	LIECHTENSTEIN	2017-10-31 11:06:00	2017-10-31 11:06:00	\N
440	LITUANIA	2017-10-31 11:06:00	2017-10-31 11:06:00	\N
442	LUXEMBURGO	2017-10-31 11:06:00	2017-10-31 11:06:00	\N
446	MACAO	2017-10-31 11:06:00	2017-10-31 11:06:00	\N
450	MADAGASCAR	2017-10-31 11:06:00	2017-10-31 11:06:00	\N
454	MALAWI	2017-10-31 11:06:00	2017-10-31 11:06:00	\N
458	MALASIA	2017-10-31 11:06:00	2017-10-31 11:06:00	\N
462	MALDIVAS	2017-10-31 11:06:00	2017-10-31 11:06:00	\N
466	MALI	2017-10-31 11:06:00	2017-10-31 11:06:00	\N
470	MALTA	2017-10-31 11:06:00	2017-10-31 11:06:00	\N
474	MARTINICA	2017-10-31 11:06:00	2017-10-31 11:06:00	\N
478	MAURITANIA	2017-10-31 11:06:00	2017-10-31 11:06:00	\N
480	MAURICIO	2017-10-31 11:06:00	2017-10-31 11:06:00	\N
484	MXICO	2017-10-31 11:06:00	2017-10-31 11:06:00	\N
492	MNACO	2017-10-31 11:06:00	2017-10-31 11:06:00	\N
496	MONGOLIA	2017-10-31 11:06:00	2017-10-31 11:06:00	\N
498	MOLDOVA	2017-10-31 11:06:00	2017-10-31 11:06:00	\N
499	MONTENEGRO	2017-10-31 11:06:00	2017-10-31 11:06:00	\N
500	MONTSERRAT	2017-10-31 11:06:00	2017-10-31 11:06:00	\N
504	MARRUECOS	2017-10-31 11:06:00	2017-10-31 11:06:00	\N
508	MOZAMBIQUE	2017-10-31 11:06:00	2017-10-31 11:06:00	\N
512	OMN	2017-10-31 11:06:00	2017-10-31 11:06:00	\N
516	NAMIBIA	2017-10-31 11:06:00	2017-10-31 11:06:00	\N
520	NAURU	2017-10-31 11:06:00	2017-10-31 11:06:00	\N
524	NEPAL	2017-10-31 11:06:00	2017-10-31 11:06:00	\N
528	PASES BAJOS	2017-10-31 11:06:00	2017-10-31 11:06:00	\N
530	ANTILLAS NEERLANDESAS	2017-10-31 11:06:00	2017-10-31 11:06:00	\N
533	ARUBA	2017-10-31 11:06:00	2017-10-31 11:06:00	\N
540	NUEVA CALEDONIA	2017-10-31 11:06:00	2017-10-31 11:06:00	\N
548	VANUATU	2017-10-31 11:06:00	2017-10-31 11:06:00	\N
554	NUEVA ZELANDA	2017-10-31 11:06:00	2017-10-31 11:06:00	\N
558	NICARAGUA	2017-10-31 11:06:00	2017-10-31 11:06:00	\N
562	NGER	2017-10-31 11:06:00	2017-10-31 11:06:00	\N
566	NIGERIA	2017-10-31 11:06:00	2017-10-31 11:06:00	\N
570	NIUE	2017-10-31 11:06:00	2017-10-31 11:06:00	\N
574	ISLAS NORKFOLK	2017-10-31 11:06:00	2017-10-31 11:06:00	\N
578	NORUEGA	2017-10-31 11:06:00	2017-10-31 11:06:00	\N
583	MICRONESIA	2017-10-31 11:06:00	2017-10-31 11:06:00	\N
584	ISLAS MARSHALL	2017-10-31 11:06:00	2017-10-31 11:06:00	\N
585	ISLAS PALAOS	2017-10-31 11:06:00	2017-10-31 11:06:00	\N
586	PAKISTN	2017-10-31 11:06:00	2017-10-31 11:06:00	\N
591	PANAM	2017-10-31 11:06:00	2017-10-31 11:06:00	\N
598	PAPA NUEVA GUINEA	2017-10-31 11:06:00	2017-10-31 11:06:00	\N
600	PARAGUAY	2017-10-31 11:06:00	2017-10-31 11:06:00	\N
604	PER	2017-10-31 11:06:00	2017-10-31 11:06:00	\N
608	FILIPINAS	2017-10-31 11:06:00	2017-10-31 11:06:00	\N
612	ISLAS PITCAIRN	2017-10-31 11:06:00	2017-10-31 11:06:00	\N
616	POLONIA	2017-10-31 11:06:00	2017-10-31 11:06:00	\N
620	PORTUGAL	2017-10-31 11:06:00	2017-10-31 11:06:00	\N
624	GUINEA-BISSAU	2017-10-31 11:06:00	2017-10-31 11:06:00	\N
626	TIMOR-LESTE	2017-10-31 11:06:00	2017-10-31 11:06:00	\N
630	PUERTO RICO	2017-10-31 11:06:00	2017-10-31 11:06:00	\N
634	QATAR	2017-10-31 11:06:00	2017-10-31 11:06:00	\N
638	REUNIN	2017-10-31 11:06:00	2017-10-31 11:06:00	\N
642	RUMANA	2017-10-31 11:06:00	2017-10-31 11:06:00	\N
643	RUSIA	2017-10-31 11:06:00	2017-10-31 11:06:00	\N
646	RUANDA	2017-10-31 11:06:00	2017-10-31 11:06:00	\N
652	SAN BARTOLOM	2017-10-31 11:06:00	2017-10-31 11:06:00	\N
654	SANTA ELENA	2017-10-31 11:06:00	2017-10-31 11:06:00	\N
659	SAN CRISTBAL Y NIEVES	2017-10-31 11:06:00	2017-10-31 11:06:00	\N
660	ANGUILA	2017-10-31 11:06:00	2017-10-31 11:06:00	\N
662	SANTA LUCA	2017-10-31 11:06:00	2017-10-31 11:06:00	\N
666	SAN PEDRO Y MIQUELN	2017-10-31 11:06:00	2017-10-31 11:06:00	\N
670	SAN VICENTE Y LAS GRANADINAS	2017-10-31 11:06:00	2017-10-31 11:06:00	\N
674	SAN MARINO	2017-10-31 11:06:00	2017-10-31 11:06:00	\N
678	SANTO TOM Y PRNCIPE	2017-10-31 11:06:00	2017-10-31 11:06:00	\N
682	ARABIA SAUDITA	2017-10-31 11:06:00	2017-10-31 11:06:00	\N
686	SENEGAL	2017-10-31 11:06:00	2017-10-31 11:06:00	\N
688	SERBIA Y MONTENEGRO	2017-10-31 11:06:00	2017-10-31 11:06:00	\N
690	SEYCHELLES	2017-10-31 11:06:00	2017-10-31 11:06:00	\N
694	SIERRA LEONA	2017-10-31 11:06:00	2017-10-31 11:06:00	\N
702	SINGAPUR	2017-10-31 11:06:00	2017-10-31 11:06:00	\N
703	ESLOVAQUIA	2017-10-31 11:06:00	2017-10-31 11:06:00	\N
704	VIETNAM	2017-10-31 11:06:00	2017-10-31 11:06:00	\N
705	ESLOVENIA	2017-10-31 11:06:00	2017-10-31 11:06:00	\N
706	SOMALIA	2017-10-31 11:06:00	2017-10-31 11:06:00	\N
710	SUDFRICA	2017-10-31 11:06:00	2017-10-31 11:06:00	\N
724	ESPAA	2017-10-31 11:06:00	2017-10-31 11:06:00	\N
732	SAHARA OCCIDENTAL	2017-10-31 11:06:00	2017-10-31 11:06:00	\N
736	SUDN	2017-10-31 11:06:00	2017-10-31 11:06:00	\N
740	SURINAM	2017-10-31 11:06:00	2017-10-31 11:06:00	\N
744	ISLAS SVALBARD Y JAN MAYEN	2017-10-31 11:06:00	2017-10-31 11:06:00	\N
748	SUAZILANDIA	2017-10-31 11:06:00	2017-10-31 11:06:00	\N
752	SUECIA	2017-10-31 11:06:00	2017-10-31 11:06:00	\N
756	SUIZA	2017-10-31 11:06:00	2017-10-31 11:06:00	\N
760	SIRIA	2017-10-31 11:06:00	2017-10-31 11:06:00	\N
762	TAYIKISTN	2017-10-31 11:06:00	2017-10-31 11:06:00	\N
764	TAILANDIA	2017-10-31 11:06:00	2017-10-31 11:06:00	\N
768	TOGO	2017-10-31 11:06:00	2017-10-31 11:06:00	\N
772	TOKELAU	2017-10-31 11:06:00	2017-10-31 11:06:00	\N
776	TONGA	2017-10-31 11:06:00	2017-10-31 11:06:00	\N
780	TRINIDAD Y TOBAGO	2017-10-31 11:06:00	2017-10-31 11:06:00	\N
784	EMIRATOS RABES UNIDOS	2017-10-31 11:06:00	2017-10-31 11:06:00	\N
788	TNEZ	2017-10-31 11:06:00	2017-10-31 11:06:00	\N
792	TURQUA	2017-10-31 11:06:00	2017-10-31 11:06:00	\N
795	TURKMENISTN	2017-10-31 11:06:00	2017-10-31 11:06:00	\N
796	ISLAS TURCAS Y CAICOS	2017-10-31 11:06:00	2017-10-31 11:06:00	\N
798	TUVALU	2017-10-31 11:06:00	2017-10-31 11:06:00	\N
800	UGANDA	2017-10-31 11:06:00	2017-10-31 11:06:00	\N
804	UCRANIA	2017-10-31 11:06:00	2017-10-31 11:06:00	\N
807	MACEDONIA	2017-10-31 11:06:00	2017-10-31 11:06:00	\N
818	EGIPTO	2017-10-31 11:06:00	2017-10-31 11:06:00	\N
826	REINO UNIDO	2017-10-31 11:06:00	2017-10-31 11:06:00	\N
831	GUERNSEY	2017-10-31 11:06:00	2017-10-31 11:06:00	\N
832	JERSEY	2017-10-31 11:06:00	2017-10-31 11:06:00	\N
833	ISLA DE MAN	2017-10-31 11:06:00	2017-10-31 11:06:00	\N
834	TANZANIA	2017-10-31 11:06:00	2017-10-31 11:06:00	\N
840	ESTADOS UNIDOS DE AMRICA	2017-10-31 11:06:00	2017-10-31 11:06:00	\N
850	ISLAS VRGENES DE LOS ESTADOS UNIDOS DE AMRICA	2017-10-31 11:06:00	2017-10-31 11:06:00	\N
854	BURKINA FASO	2017-10-31 11:06:00	2017-10-31 11:06:00	\N
858	URUGUAY	2017-10-31 11:06:00	2017-10-31 11:06:00	\N
860	UZBEKISTN	2017-10-31 11:06:00	2017-10-31 11:06:00	\N
862	VENEZUELA	2017-10-31 11:06:00	2017-10-31 11:06:00	\N
876	WALLIS Y FUTUNA	2017-10-31 11:06:00	2017-10-31 11:06:00	\N
882	SAMOA	2017-10-31 11:06:00	2017-10-31 11:06:00	\N
887	YEMEN	2017-10-31 11:06:00	2017-10-31 11:06:00	\N
\.


--
-- TOC entry 3685 (class 0 OID 16586)
-- Dependencies: 244
-- Data for Name: password_resets; Type: TABLE DATA; Schema: public; Owner: postgres
--

COPY public.password_resets (email, token, created_at) FROM stdin;
\.


--
-- TOC entry 3687 (class 0 OID 16594)
-- Dependencies: 246
-- Data for Name: permisos; Type: TABLE DATA; Schema: public; Owner: postgres
--

COPY public.permisos (id_permiso, nom_permiso, det_permiso, cod_permiso, id_usuario_registra, id_usuario_modifica, created_at, updated_at, deleted_at) FROM stdin;
18	sda	asdsada	\N	\N	\N	2018-02-26 21:18:26	2018-02-26 21:18:32	2018-02-26 21:18:32
19	wqeqwe	qweq	\N	1	1	2018-02-27 19:29:29	2018-02-27 19:29:36	2018-02-27 19:29:36
15	R	R representa read, tiene permisos nivel 1 y puede solo visualizar.	1	\N	4	2018-02-20 21:41:31	2018-02-28 23:06:43	\N
17	D	D representa delete, tiene permisos nivel 4 y puede visualizar, crear, editar y hasta eliminar.	4	\N	4	2018-02-20 21:42:31	2018-02-28 23:06:53	\N
14	C	C representa create, tiene permisos nivel 2 y puede crear y visualizar.	2	\N	4	2018-02-20 21:41:09	2018-02-28 23:09:03	\N
16	U	U representa update, tiene permisos nivel 3 y puede visualizar, crear y editar.	3	\N	4	2018-02-20 21:42:05	2018-03-01 00:14:25	\N
20	H	Triple combo kill	\N	4	4	2018-03-06 05:58:57	2018-03-07 13:50:48	2018-03-07 13:50:48
21	null	null	\N	4	4	2018-03-19 21:35:49	2018-03-21 19:06:57	2018-03-21 19:06:57
22	asfd	sadf	\N	4	4	2018-03-21 19:12:45	2018-03-21 19:13:37	2018-03-21 19:13:37
\.


--
-- TOC entry 3688 (class 0 OID 16601)
-- Dependencies: 247
-- Data for Name: region; Type: TABLE DATA; Schema: public; Owner: postgres
--

COPY public.region (id_region, nombre_region, alias, orden, created_at, updated_at, deleted_at) FROM stdin;
1	De Tarapac	I	2	2017-10-31 11:06:00	2017-10-31 11:06:00	\N
2	De Antofagasta	II	3	2017-10-31 11:06:00	2017-10-31 11:06:00	\N
3	De Atacama	III	4	2017-10-31 11:06:00	2017-10-31 11:06:00	\N
4	De Coquimbo	IV	5	2017-10-31 11:06:00	2017-10-31 11:06:00	\N
5	De Valparaso	V	6	2017-10-31 11:06:00	2017-10-31 11:06:00	\N
6	Del Libertador B. OHiggins	VI	8	2017-10-31 11:06:00	2017-10-31 11:06:00	\N
7	Del Maule	VII	9	2017-10-31 11:06:00	2017-10-31 11:06:00	\N
8	Del Biobo	VIII	10	2017-10-31 11:06:00	2017-10-31 11:06:00	\N
9	De La Araucana	IX	11	2017-10-31 11:06:00	2017-10-31 11:06:00	\N
10	De Los Lagos	X	13	2017-10-31 11:06:00	2017-10-31 11:06:00	\N
11	De Aisn del Gral.C.Ibaez del Campo	XI	14	2017-10-31 11:06:00	2017-10-31 11:06:00	\N
12	De Magallanes  y de La Antrtica chilena	XII	15	2017-10-31 11:06:00	2017-10-31 11:06:00	\N
13	Metropolitana De Santiago	RM	7	2017-10-31 11:06:00	2017-10-31 11:06:00	\N
14	De Los Rios	XIV	12	2017-10-31 11:06:00	2017-10-31 11:06:00	\N
15	De Arica y Parinacota	XV	1	2017-10-31 11:06:00	2017-10-31 11:06:00	\N
\.


--
-- TOC entry 3690 (class 0 OID 16609)
-- Dependencies: 249
-- Data for Name: roles; Type: TABLE DATA; Schema: public; Owner: postgres
--

COPY public.roles (id_role, nom_role, det_role, id_usuario_registra, id_usuario_modifica, created_at, updated_at, deleted_at) FROM stdin;
55	Nivel 3	Nivel 3	\N	\N	2018-02-23 23:00:17	2018-02-26 15:27:01	2018-02-26 15:27:01
56	Role Enrolable	Role remain	\N	\N	2018-02-24 01:00:09	2018-02-26 15:30:07	2018-02-26 15:30:07
57	57 sdfsdf	dsfsdfsd\nfsad\n sdfda d\n ff sd f\ndsf \nads f\nsdf\n asd\nfsd \nfsda	\N	\N	2018-02-25 02:17:05	2018-02-26 15:49:13	2018-02-26 15:49:13
59	fsfsd	fsd	\N	\N	2018-02-26 16:18:34	2018-02-26 16:18:38	2018-02-26 16:18:38
58	role	role	\N	\N	2018-02-26 15:49:22	2018-02-26 16:19:04	2018-02-26 16:19:04
61	no editable	pq no se peue	\N	\N	2018-02-26 19:30:21	2018-02-26 20:22:37	2018-02-26 20:22:37
60	role	role	\N	\N	2018-02-26 16:19:11	2018-02-26 20:22:39	2018-02-26 20:22:39
65	role new	role a.s,da	\N	\N	2018-02-27 19:29:06	2018-02-27 19:29:19	2018-02-27 19:29:19
67	dfasfd	fasdf	\N	\N	2018-03-06 05:51:18	2018-03-06 05:51:22	2018-03-06 05:51:22
68	sfdafsdf	sdfsdf	4	4	2018-03-06 07:05:15	2018-03-07 13:51:02	2018-03-07 13:51:02
63	Jefe de Area	El Role Jefe de Area es igual al role administrador, tiene todos los permisos.	\N	4	2018-02-26 20:22:57	2018-03-19 15:05:22	\N
62	Administrador	El Role administrador del sistema tiene permisos completos.	\N	4	2018-02-26 20:22:50	2018-03-19 15:05:30	\N
64	Lider Equipo	El Role Lider Equipo es igual al role administrador, tiene todos los permisos,	\N	4	2018-02-26 20:23:13	2018-03-19 15:06:06	\N
66	App Manager	El Role App Manager, tiene permisos de lectura, escritura y modificacion de datos.	\N	4	2018-02-28 23:44:07	2018-03-19 15:07:38	\N
69	Jefe Proyecto	El Role Jefe Proyecto, tiene permisos de lectura y escritura.	4	4	2018-03-19 15:08:12	2018-03-19 15:08:12	\N
71	Visitante	El Role Visitante, tiene permisos de lectura.	4	4	2018-03-19 15:11:21	2018-03-19 15:11:21	\N
72	role test	role test	4	4	2018-03-21 19:01:30	2018-03-21 19:01:37	2018-03-21 19:01:37
70	Desarrollador	El Role Desarrollador, tiene permisos de lectura.	4	1	2018-03-19 15:10:26	2018-04-20 17:23:23	\N
\.


--
-- TOC entry 3692 (class 0 OID 16618)
-- Dependencies: 251
-- Data for Name: roles_permisos; Type: TABLE DATA; Schema: public; Owner: postgres
--

COPY public.roles_permisos (id_role_permiso, id_role, id_permiso, id_usuario_registra, id_usuario_modifica, created_at, updated_at, deleted_at) FROM stdin;
10	11	14	\N	\N	2018-02-22 14:08:23	2018-02-22 14:08:23	\N
11	12	14	\N	\N	2018-02-22 14:08:28	2018-02-22 14:08:28	\N
12	13	14	\N	\N	2018-02-22 14:08:33	2018-02-22 14:08:33	\N
13	10	15	\N	\N	2018-02-22 14:08:40	2018-02-22 14:08:40	\N
14	10	16	\N	\N	2018-02-22 14:08:44	2018-02-22 14:08:44	\N
15	10	17	\N	\N	2018-02-22 14:08:48	2018-02-22 14:08:48	\N
16	10	14	\N	\N	2018-02-22 14:19:50	2018-02-22 14:19:50	\N
9	10	10	\N	\N	2018-02-22 14:06:15	2018-02-22 18:22:22	\N
17	19	17	\N	\N	2018-02-22 21:09:18	2018-02-22 21:09:18	\N
18	20	15	\N	\N	2018-02-22 21:17:22	2018-02-22 21:17:22	\N
19	21	16	\N	\N	2018-02-22 21:18:26	2018-02-22 21:18:26	\N
20	22	17	\N	\N	2018-02-22 21:23:26	2018-02-22 21:23:26	\N
21	23	15	\N	\N	2018-02-22 21:23:49	2018-02-22 21:23:49	\N
22	24	17	\N	\N	2018-02-22 21:25:02	2018-02-22 21:25:02	\N
23	25	17	\N	\N	2018-02-23 04:12:59	2018-02-23 04:12:59	\N
24	26	17	\N	\N	2018-02-23 04:13:18	2018-02-23 04:13:18	\N
25	27	15	\N	\N	2018-02-23 12:47:06	2018-02-23 12:47:06	\N
26	28	15	\N	\N	2018-02-23 14:07:27	2018-02-23 14:07:27	\N
27	29	15	\N	\N	2018-02-23 14:40:08	2018-02-23 14:40:08	\N
28	30	15	\N	\N	2018-02-23 14:58:07	2018-02-23 14:58:07	\N
29	31	15	\N	\N	2018-02-23 14:59:58	2018-02-23 14:59:58	\N
30	32	15	\N	\N	2018-02-23 15:01:16	2018-02-23 15:01:16	\N
31	33	15	\N	\N	2018-02-23 15:02:09	2018-02-23 15:02:09	\N
32	34	15	\N	\N	2018-02-23 15:03:23	2018-02-23 15:03:23	\N
33	35	16	\N	\N	2018-02-23 15:05:13	2018-02-23 15:05:13	\N
34	36	17	\N	\N	2018-02-23 15:05:28	2018-02-23 15:05:28	\N
35	37	15	\N	\N	2018-02-23 15:07:06	2018-02-23 15:07:06	\N
37	39	14	\N	\N	2018-02-23 15:13:35	2018-02-23 19:28:48	\N
38	40	15	\N	\N	2018-02-23 15:14:26	2018-02-23 19:29:14	\N
36	38	14	\N	\N	2018-02-23 15:08:30	2018-02-23 19:29:34	\N
39	41	17	\N	\N	2018-02-23 20:21:08	2018-02-23 20:21:08	\N
40	42	15	\N	\N	2018-02-23 20:21:21	2018-02-23 20:21:21	\N
41	43	17	\N	\N	2018-02-23 21:11:42	2018-02-23 21:11:42	\N
42	44	17	\N	\N	2018-02-23 21:25:52	2018-02-23 21:25:52	\N
43	45	17	\N	\N	2018-02-23 21:26:29	2018-02-23 21:26:29	\N
44	46	16	\N	\N	2018-02-23 21:29:32	2018-02-23 21:29:32	\N
45	47	15	\N	\N	2018-02-23 21:32:38	2018-02-23 21:32:38	\N
46	48	15	\N	\N	2018-02-23 21:33:53	2018-02-23 21:33:53	\N
47	49	15	\N	\N	2018-02-23 21:35:51	2018-02-23 21:35:51	\N
48	50	16	\N	\N	2018-02-23 21:36:12	2018-02-23 21:36:12	\N
49	51	15	\N	\N	2018-02-23 21:37:10	2018-02-23 21:37:10	\N
50	52	15	\N	\N	2018-02-23 21:38:13	2018-02-23 21:38:13	\N
51	53	15	\N	\N	2018-02-23 21:44:27	2018-02-23 21:44:27	\N
52	54	15	\N	\N	2018-02-23 21:48:38	2018-02-23 21:48:38	\N
53	55	16	\N	\N	2018-02-23 23:00:17	2018-02-26 15:27:01	2018-02-26 15:27:01
54	56	16	\N	\N	2018-02-24 01:00:09	2018-02-26 15:30:07	2018-02-26 15:30:07
55	57	16	\N	\N	2018-02-25 02:17:05	2018-02-26 15:49:13	2018-02-26 15:49:13
57	59	14	\N	\N	2018-02-26 16:18:34	2018-02-26 16:18:38	2018-02-26 16:18:38
56	58	15	\N	\N	2018-02-26 15:49:22	2018-02-26 16:19:04	2018-02-26 16:19:04
59	61	16	\N	\N	2018-02-26 19:30:21	2018-02-26 20:22:37	2018-02-26 20:22:37
58	60	15	\N	\N	2018-02-26 16:19:11	2018-02-26 20:22:39	2018-02-26 20:22:39
63	65	17	\N	\N	2018-02-27 19:29:06	2018-02-27 19:29:19	2018-02-27 19:29:19
65	67	17	\N	\N	2018-03-06 05:51:18	2018-03-06 05:51:22	2018-03-06 05:51:22
66	68	14	\N	\N	2018-03-06 07:05:15	2018-03-07 13:51:02	2018-03-07 13:51:02
60	62	17	\N	4	2018-02-26 20:22:50	2018-03-19 14:57:16	\N
61	63	17	\N	4	2018-02-26 20:22:57	2018-03-19 15:04:31	\N
62	64	17	\N	4	2018-02-26 20:23:13	2018-03-19 15:06:06	\N
64	66	16	\N	4	2018-02-28 23:44:07	2018-03-19 15:07:38	\N
67	69	14	4	4	2018-03-19 15:08:12	2018-03-19 15:08:12	\N
68	70	15	4	4	2018-03-19 15:10:26	2018-03-19 15:10:26	\N
69	71	15	4	4	2018-03-19 15:11:21	2018-03-19 15:11:21	\N
70	72	15	4	4	2018-03-21 19:01:30	2018-03-21 19:01:37	2018-03-21 19:01:37
\.


--
-- TOC entry 3693 (class 0 OID 16622)
-- Dependencies: 252
-- Data for Name: servicio_salud; Type: TABLE DATA; Schema: public; Owner: postgres
--

COPY public.servicio_salud (id_servicio_salud, id_region, nombre_servicio_salud, orden, created_at, updated_at, deleted_at) FROM stdin;
1	15	Arica	1	2017-10-31 11:06:00	2017-10-31 11:06:00	\N
2	1	Iquique	2	2017-10-31 11:06:00	2017-10-31 11:06:00	\N
3	2	Antofagasta	3	2017-10-31 11:06:00	2017-10-31 11:06:00	\N
4	3	Atacama	4	2017-10-31 11:06:00	2017-10-31 11:06:00	\N
5	4	Coquimbo	5	2017-10-31 11:06:00	2017-10-31 11:06:00	\N
6	5	Valparaso San Antonio	6	2017-10-31 11:06:00	2017-10-31 11:06:00	\N
7	5	Via del Mar Quillota	7	2017-10-31 11:06:00	2017-10-31 11:06:00	\N
8	5	Aconcagua	8	2017-10-31 11:06:00	2017-10-31 11:06:00	\N
9	13	Metropolitano Norte	9	2017-10-31 11:06:00	2017-10-31 11:06:00	\N
10	13	Metropolitano Occidente	10	2017-10-31 11:06:00	2017-10-31 11:06:00	\N
11	13	Metropolitano Central	11	2017-10-31 11:06:00	2017-10-31 11:06:00	\N
12	13	Metropolitano Oriente	12	2017-10-31 11:06:00	2017-10-31 11:06:00	\N
13	13	Metropolitano Sur	13	2017-10-31 11:06:00	2017-10-31 11:06:00	\N
14	13	Metropolitano Sur Oriente	14	2017-10-31 11:06:00	2017-10-31 11:06:00	\N
15	6	Del Libertador B. OHiggins	15	2017-10-31 11:06:00	2017-10-31 11:06:00	\N
16	7	Del Maule	16	2017-10-31 11:06:00	2017-10-31 11:06:00	\N
17	8	uble	17	2017-10-31 11:06:00	2017-10-31 11:06:00	\N
18	8	Concepcin	18	2017-10-31 11:06:00	2017-10-31 11:06:00	\N
19	8	Talcahuano	20	2017-10-31 11:06:00	2017-10-31 11:06:00	\N
20	8	Biobo	21	2017-10-31 11:06:00	2017-10-31 11:06:00	\N
21	9	Araucana Sur	23	2017-10-31 11:06:00	2017-10-31 11:06:00	\N
22	14	Valdivia	24	2017-10-31 11:06:00	2017-10-31 11:06:00	\N
23	10	Osorno	25	2017-10-31 11:06:00	2017-10-31 11:06:00	\N
24	10	Del Reloncav	26	2017-10-31 11:06:00	2017-10-31 11:06:00	\N
25	11	Aisn	28	2017-10-31 11:06:00	2017-10-31 11:06:00	\N
26	12	Magallanes	29	2017-10-31 11:06:00	2017-10-31 11:06:00	\N
28	8	Arauco	19	2017-10-31 11:06:00	2017-10-31 11:06:00	\N
29	9	Araucana Norte	22	2017-10-31 11:06:00	2017-10-31 11:06:00	\N
33	10	Chilo	27	2017-10-31 11:06:00	2017-10-31 11:06:00	\N
\.


--
-- TOC entry 3695 (class 0 OID 16630)
-- Dependencies: 254
-- Data for Name: servicios; Type: TABLE DATA; Schema: public; Owner: postgres
--

COPY public.servicios (id_servicio, id_actividad, nom_servicio, det_servicio, id_usuario_registra, id_usuario_modifica, created_at, updated_at, deleted_at) FROM stdin;
5	7	eqweqwe	wqe	4	4	2018-03-06 06:39:50	2018-03-06 06:39:53	2018-03-06 06:39:53
6	10	sdaf	fsadf	4	4	2018-03-06 06:41:42	2018-03-06 06:41:45	2018-03-06 06:41:45
8	7	SDFS	DFSD	4	4	2018-03-28 12:38:02	2018-03-28 12:38:07	2018-03-28 12:38:07
9	9	sadf	sadf	1	1	2018-03-28 12:50:17	2018-03-28 12:50:28	2018-03-28 12:50:28
10	11	sadf	sadf	4	4	2018-03-28 13:04:56	2018-03-28 15:21:41	2018-03-28 15:21:41
11	7	asdf	sdf	4	4	2018-03-28 15:23:21	2018-03-28 16:10:47	2018-03-28 16:10:47
4	4	Web Minsal	Desarrollos relacionados al servicio web minsal	1	4	2018-02-27 19:35:43	2018-04-04 18:49:11	2018-04-04 18:49:11
7	1	Sigte	Sistema de gestion de tiempos de espera	4	4	2018-03-07 13:52:04	2018-04-04 18:49:20	2018-04-04 18:49:20
3	4	Sitios en Yii	Desarrollos que se han realizado en Yii Framework.	1	4	2018-02-27 19:04:06	2018-04-04 18:49:45	2018-04-04 18:49:45
2	4	Wordpress	Servicio que se encarga de mantener y administrar los sitios hechos en wordpress	1	4	2018-02-27 19:04:06	2018-04-04 18:50:01	2018-04-04 18:50:01
1	4	Sitios Web	Servicio que realiza el equipo de soporte	1	4	2018-02-27 18:58:58	2018-04-04 18:50:09	2018-04-04 18:50:09
12	4	GATEWAY HEALTHCARE	GATEWAY HEALTHCARE	4	4	2018-04-04 18:50:41	2018-04-04 18:50:41	\N
13	4	AFIS	AFIS	4	4	2018-04-04 18:50:57	2018-04-04 18:50:57	\N
15	4	INTERNOS	INTERNOS	4	4	2018-04-04 18:51:53	2018-04-04 18:51:53	\N
16	1	OPERACIONES	OPERACIONES	4	4	2018-04-04 18:52:05	2018-04-04 18:52:05	\N
17	7	SERVIDOR TERMINOLOGICO	SERVIDOR TERMINOLOGICO	4	4	2018-04-04 18:52:35	2018-04-04 18:52:35	\N
18	2	OTROS	OTROS	4	4	2018-04-04 18:52:55	2018-04-04 18:52:55	\N
19	4	SOLUCION HIS HOSTIPAL MAIPU	SOLUCION HIS HOSTIPAL MAIPU	4	4	2018-04-04 18:53:42	2018-04-04 18:53:42	\N
20	4	SURVIH	SURVIH	4	4	2018-04-04 18:54:02	2018-04-04 18:54:02	\N
21	4	SIRH	SIRH	4	4	2018-04-04 18:54:15	2018-04-04 18:54:15	\N
22	4	SIAC	SIAC	4	4	2018-04-04 18:54:26	2018-04-04 18:54:26	\N
23	4	SITE INTESIS	SITE INTESIS	4	4	2018-04-04 18:54:47	2018-04-04 18:54:47	\N
24	4	RIS	RIS	4	4	2018-04-04 18:55:02	2018-04-04 18:55:08	\N
25	4	CHCC	CHCC	4	4	2018-04-04 18:55:22	2018-04-04 18:55:22	\N
26	4	PAID	PAID	4	4	2018-04-04 18:55:34	2018-04-04 18:55:34	\N
27	4	CATALOGO DE IMAGENES	CATALOGO DE IMAGENES	4	4	2018-04-04 18:55:46	2018-04-04 18:55:46	\N
28	4	INTERRUPCION VOLUNTARIA DEL EMBARAZO	INTERRUPCION VOLUNTARIA DEL EMBARAZO	4	4	2018-04-04 18:56:20	2018-04-04 18:56:20	\N
29	7	TABLEAU SERVER	TABLEAU SERVER	4	4	2018-04-04 19:26:43	2018-04-04 19:26:43	\N
14	7	BIGDATA	BI	4	1	2018-04-04 18:51:33	2018-04-20 17:27:48	\N
30	3	PORTAL PACIENTE	PORTAL PACIENTE	1	1	2018-04-20 17:29:56	2018-04-20 17:29:56	\N
31	3	DEMENCIA	DEMENCIA	1	1	2018-04-20 17:31:49	2018-04-20 17:31:49	\N
32	3	ALGORITMO DE PRIORIZACION	ALGORITMO DE PRIORIZACION	1	1	2018-04-20 17:33:52	2018-04-20 17:33:52	\N
33	3	PORTALCAUTIVO	PORTALCAUTIVO	1	1	2018-04-20 17:34:09	2018-04-20 17:34:09	\N
\.


--
-- TOC entry 3697 (class 0 OID 16639)
-- Dependencies: 256
-- Data for Name: servicios_estados; Type: TABLE DATA; Schema: public; Owner: postgres
--

COPY public.servicios_estados (id_servicio_estado, id_servicio, id_estado, id_usuario_registra, id_usuario_modifica, created_at, updated_at, deleted_at) FROM stdin;
\.


--
-- TOC entry 3699 (class 0 OID 16645)
-- Dependencies: 258
-- Data for Name: servicios_permisos; Type: TABLE DATA; Schema: public; Owner: postgres
--

COPY public.servicios_permisos (id_servicio_permiso, id_servicio, id_permiso, id_usuario_registra, id_usuario_modifica, created_at, updated_at, deleted_at) FROM stdin;
\.


--
-- TOC entry 3701 (class 0 OID 16651)
-- Dependencies: 260
-- Data for Name: servicios_tags; Type: TABLE DATA; Schema: public; Owner: postgres
--

COPY public.servicios_tags (id_servicio_tag, id_servicio, id_tag, id_usuario_registra, id_usuario_modifica, created_at, updated_at, deleted_at) FROM stdin;
\.


--
-- TOC entry 3703 (class 0 OID 16657)
-- Dependencies: 262
-- Data for Name: servicios_usuarios; Type: TABLE DATA; Schema: public; Owner: postgres
--

COPY public.servicios_usuarios (id_servicio_usuario, id_servicio, id_usuario, id_usuario_registra, id_usuario_modifica, created_at, updated_at, deleted_at) FROM stdin;
14	12	4	4	4	2018-04-11 15:21:59	2018-04-11 17:27:51	2018-04-11 17:27:51
15	12	4	4	4	2018-04-11 15:29:56	2018-04-11 17:35:06	2018-04-11 17:35:06
18	12	9	4	4	2018-04-11 15:50:04	2018-04-11 17:35:10	2018-04-11 17:35:10
16	12	11	4	4	2018-04-11 15:29:59	2018-04-11 17:35:12	2018-04-11 17:35:12
19	12	9	4	4	2018-04-11 17:35:37	2018-04-11 17:35:39	2018-04-11 17:35:39
17	12	11	4	4	2018-04-11 15:30:00	2018-04-11 17:35:51	2018-04-11 17:35:51
22	12	9	4	4	2018-04-11 17:35:49	2018-04-11 17:36:07	2018-04-11 17:36:07
21	12	12	4	4	2018-04-11 17:35:47	2018-04-11 17:36:08	2018-04-11 17:36:08
20	12	4	4	4	2018-04-11 17:35:45	2018-04-11 17:36:09	2018-04-11 17:36:09
24	12	12	4	4	2018-04-11 17:36:14	2018-04-11 17:36:30	2018-04-11 17:36:30
29	12	10	4	4	2018-04-11 17:36:27	2018-04-11 17:36:31	2018-04-11 17:36:31
28	12	9	4	4	2018-04-11 17:36:23	2018-04-11 17:36:32	2018-04-11 17:36:32
26	12	4	4	4	2018-04-11 17:36:19	2018-04-11 17:36:35	2018-04-11 17:36:35
23	12	8	4	4	2018-04-11 17:36:13	2018-04-11 17:36:35	2018-04-11 17:36:35
27	12	9	4	4	2018-04-11 17:36:22	2018-04-11 17:36:36	2018-04-11 17:36:36
25	12	24	4	4	2018-04-11 17:36:17	2018-04-11 17:36:38	2018-04-11 17:36:38
30	12	10	4	4	2018-04-11 17:36:40	2018-04-11 17:36:41	2018-04-11 17:36:41
33	12	4	4	4	2018-04-11 17:37:45	2018-04-11 17:37:47	2018-04-11 17:37:47
32	12	10	4	4	2018-04-11 17:37:42	2018-04-11 17:37:55	2018-04-11 17:37:55
31	12	12	4	4	2018-04-11 17:37:40	2018-04-11 17:37:57	2018-04-11 17:37:57
34	12	4	4	4	2018-04-11 17:37:59	2018-04-11 17:38:01	2018-04-11 17:38:01
35	12	4	4	4	2018-04-11 17:38:01	2018-04-11 17:38:02	2018-04-11 17:38:02
36	12	24	4	4	2018-04-11 20:33:43	2018-04-11 20:33:45	2018-04-11 20:33:45
40	12	9	4	4	2018-04-11 20:58:12	2018-04-11 20:58:13	2018-04-11 20:58:13
38	12	11	4	4	2018-04-11 20:58:07	2018-04-11 20:58:13	2018-04-11 20:58:13
37	12	8	4	4	2018-04-11 20:58:05	2018-04-11 20:58:14	2018-04-11 20:58:14
39	12	1	4	4	2018-04-11 20:58:08	2018-04-11 20:58:16	2018-04-11 20:58:16
41	15	11	4	4	2018-04-15 18:28:52	2018-04-15 18:28:52	\N
42	15	24	4	4	2018-04-15 18:28:54	2018-04-15 18:28:54	\N
43	15	10	4	4	2018-04-15 18:28:56	2018-04-15 18:28:56	\N
44	12	24	4	4	2018-04-16 00:49:52	2018-04-16 00:49:52	\N
46	12	4	4	4	2018-04-16 00:49:56	2018-04-16 00:49:56	\N
48	12	1	1	1	2018-04-20 15:54:50	2018-04-20 15:54:51	2018-04-20 15:54:51
47	12	10	4	4	2018-04-16 00:49:59	2018-04-20 15:54:52	2018-04-20 15:54:52
45	12	9	4	4	2018-04-16 00:49:54	2018-04-20 15:54:52	2018-04-20 15:54:52
49	12	8	1	1	2018-04-20 15:55:00	2018-04-20 15:55:00	\N
50	12	12	1	1	2018-04-20 15:55:02	2018-04-20 15:55:02	\N
\.


--
-- TOC entry 3707 (class 0 OID 16667)
-- Dependencies: 266
-- Data for Name: servidores; Type: TABLE DATA; Schema: public; Owner: postgres
--

COPY public.servidores (id_servidor, id_datacentro, id_sistema_operativo, nom_servidor, ip_servidor, id_usuario_registra, id_usuario_modifica, created_at, updated_at, deleted_at, det_servidor, ram, memoria_dd, swap, procesador, frec_procesador, nucleos, usuarios_pactados, mac, nodo, interface, id_ambiente, modelo_procesador, id_cluster, agente_instana_instalado, id_servicio, id_vlan, id_tipo_servidor, id_tipo_respaldo_disco, id_template, id_environment) FROM stdin;
1166	2	33	MNCASPROD_API01	172.20.34.10	24	24	2018-04-04 18:26:10	2018-04-04 18:26:10	\N	PRODUCTION APPLICATION	16384	307200	0	intel	2400	8	0	0	\N	\N	5	E5-2699v3	1	false	12	5	1	\N	\N	\N
1167	2	33	MNCASPROD_API02	172.20.34.11	24	24	2018-04-04 18:26:10	2018-04-04 18:26:10	\N	PRODUCTION APPLICATION	16384	307200	0	intel	2400	8	0	0	\N	\N	5	E5-2699v3	1	false	12	5	1	\N	\N	\N
1168	2	33	MNCASPROD_API03	172.20.34.12	24	24	2018-04-04 18:26:10	2018-04-04 18:26:10	\N	PRODUCTION APPLICATION	16384	307200	0	intel	2400	8	0	0	\N	\N	5	E5-2699v3	1	false	12	5	1	\N	\N	\N
1169	2	33	MNMPPROD_API01	172.20.34.13	24	24	2018-04-04 18:26:10	2018-04-04 18:26:10	\N	PRODUCTION APPLICATION	8192	204800	0	intel	2400	8	0	0	\N	\N	5	E5-2699v3	1	false	12	5	1	\N	\N	\N
1170	2	33	MNMPPROD_API02	172.20.34.14	24	24	2018-04-04 18:26:10	2018-04-04 18:26:10	\N	PRODUCTION APPLICATION	8192	204800	0	intel	2400	8	0	0	\N	\N	5	E5-2699v3	1	false	12	5	1	\N	\N	\N
1171	2	33	MNAPPROD_API01	172.20.34.15	24	24	2018-04-04 18:26:10	2018-04-04 18:26:10	\N	PRODUCTION APPLICATION	16384	1048576	0	intel	2400	8	0	0	\N	\N	5	E5-2699v3	1	false	12	5	1	\N	\N	\N
1172	2	33	MNAPPROD_API02	172.20.34.16	24	24	2018-04-04 18:26:10	2018-04-04 18:26:10	\N	PRODUCTION APPLICATION	16384	1048576	0	intel	2400	8	0	0	\N	\N	5	E5-2699v3	1	false	12	5	1	\N	\N	\N
1173	2	33	MNQSPROD_API01	172.20.34.17	24	24	2018-04-04 18:26:10	2018-04-04 18:26:10	\N	PRODUCTION APPLICATION	16384	512000	0	intel	2400	8	0	0	\N	\N	5	E5-2699v3	1	false	12	5	1	\N	\N	\N
1174	2	33	MNQSPROD_API02	172.20.34.18	24	24	2018-04-04 18:26:10	2018-04-04 18:26:10	\N	PRODUCTION APPLICATION	16384	512000	0	intel	2400	8	0	0	\N	\N	5	E5-2699v3	1	false	12	5	1	\N	\N	\N
1175	2	33	MNOLDAPPROD_API01	172.20.34.19	24	24	2018-04-04 18:26:10	2018-04-04 18:26:10	\N	PRODUCTION APPLICATION	8192	102400	0	intel	2400	4	0	0	\N	\N	5	E5-2699v3	1	false	12	5	1	\N	\N	\N
1176	2	33	MNOLDAPPROD_API02	172.20.34.20	24	24	2018-04-04 18:26:10	2018-04-04 18:26:10	\N	PRODUCTION APPLICATION	8192	102400	0	intel	2400	4	0	0	\N	\N	5	E5-2699v3	1	false	12	5	1	\N	\N	\N
1177	2	33	MNMSUPROD_API01	172.20.34.21	24	24	2018-04-04 18:26:10	2018-04-04 18:26:10	\N	PRODUCTION APPLICATION	8192	102400	0	intel	2400	4	0	0	\N	\N	5	E5-2699v3	1	false	12	5	1	\N	\N	\N
1178	2	33	MNMSUPROD_API02	172.20.34.22	24	24	2018-04-04 18:26:10	2018-04-04 18:26:10	\N	PRODUCTION APPLICATION	8192	102400	0	intel	2400	4	0	0	\N	\N	5	E5-2699v3	1	false	12	5	1	\N	\N	\N
1179	2	33	MNDSDEVQA_API01	172.20.34.23	24	24	2018-04-04 18:26:10	2018-04-04 18:26:10	\N	DEV QA APPLICATION	16384	307200	0	intel	2400	8	0	0	\N	\N	5	E5-2699v3	1	false	12	5	1	\N	\N	\N
1180	2	33	MNS1DEVQA_API01	172.20.34.24	24	24	2018-04-04 18:26:10	2018-04-04 18:26:10	\N	DEV QA APPLICATION	16384	204800	0	intel	2400	8	0	0	\N	\N	5	E5-2699v3	1	false	12	5	1	\N	\N	\N
1181	2	33	MNS2DEVQA_API02	172.20.34.25	24	24	2018-04-04 18:26:10	2018-04-04 18:26:10	\N	DEV QA APPLICATION	16384	204800	0	intel	2400	8	0	0	\N	\N	5	E5-2699v3	1	false	12	5	1	\N	\N	\N
1182	2	33	MNAMQPRO_AFIS01	172.20.34.26	24	24	2018-04-04 18:26:10	2018-04-04 18:26:10	\N	AFIS-APPLICATION	32768	256000	0	intel	2400	8	0	0	\N	\N	1	E5-2699v3	1	false	13	5	1	\N	\N	\N
1183	2	33	MNAMQPRO_AFIS02	172.20.34.27	24	24	2018-04-04 18:26:10	2018-04-04 18:26:10	\N	AFIS-APPLICATION	32768	256000	0	intel	2400	8	0	0	\N	\N	1	E5-2699v3	1	false	13	5	1	\N	\N	\N
1184	2	33	MNAMQPRO_AFIS03	172.20.34.28	24	24	2018-04-04 18:26:10	2018-04-04 18:26:10	\N	AFIS-APPLICATION	32768	256000	0	intel	2400	8	0	0	\N	\N	1	E5-2699v3	1	false	13	5	1	\N	\N	\N
1185	2	45	MNIBASEDPROD_ZEKE	172.20.34.29	24	24	2018-04-04 18:26:10	2018-04-04 18:26:10	\N	PRODUCTION APPLICATION	32768	143360	0	intel	2400	8	0	0	\N	\N	1	Sin definir	2	false	14	5	1	\N	\N	\N
1186	2	33	MNEASYRPROD_ZEKE	172.20.34.30	24	24	2018-04-04 18:26:10	2018-04-04 18:26:10	\N	PRODUCTION APPLICATION	8192	121856	0	intel	2400	8	0	0	\N	\N	1	Sin definir	2	false	15	5	1	\N	\N	\N
1187	2	33	MNSVNPROD_ZEKE	172.20.34.31	24	24	2018-04-04 18:26:10	2018-04-04 18:26:10	\N	PRODUCTION APPLICATION	4096	70656	0	intel	2400	2	0	0	\N	\N	1	Sin definir	2	false	16	5	1	\N	\N	\N
1188	2	33	MNCMDBPROD_ZEKE	192.168.20.17 	24	24	2018-04-04 18:26:10	2018-04-04 18:26:10	\N	PRODUCTION APPLICATION	16384	173056	0	intel	2400	8	0	0	\N	\N	1	Sin definir	2	false	16	5	1	\N	\N	\N
1189	2	33	MNNAGIOSPROD_ZEKE	192.168.20.16 	24	24	2018-04-04 18:26:10	2018-04-04 18:26:10	\N	PRODUCTION APPLICATION	16384	173056	0	intel	2400	4	0	0	\N	\N	1	Sin definir	2	false	16	5	1	\N	\N	\N
1190	2	33	MNWIKIPROD_ZEKE	172.20.34.34	24	24	2018-04-04 18:26:10	2018-04-04 18:26:10	\N	PRODUCTION APPLICATION	8192	70656	0	intel	2400	2	0	0	\N	\N	1	Sin definir	2	false	15	5	1	\N	\N	\N
1191	2	33	MNLICMETPROD_ZEKE	172.20.34.35	24	24	2018-04-04 18:26:10	2018-04-04 18:26:10	\N	PRODUCTION APPLICATION	8192	102400	0	intel	2400	2	0	0	\N	\N	1	Sin definir	2	false	15	5	1	\N	\N	\N
1192	2	43	MNMONITOREOPROD001_NOUS	172.20.34.36	24	24	2018-04-04 18:26:10	2018-04-04 18:26:10	\N	PRODUCTION APPLICATION	4096	409600	0	intel	2400	2	0	0	\N	\N	5	Sin definir	2	false	18	5	1	\N	\N	\N
1193	2	43	MNMONITOREOPROD002_NOUS	172.20.34.37	24	24	2018-04-04 18:26:10	2018-04-04 18:26:10	\N	PRODUCTION APPLICATION	4096	409600	0	intel	2400	2	0	0	\N	\N	5	Sin definir	2	false	18	5	1	\N	\N	\N
1194	2	42	MNPROXYBKPVM	172.20.34.38	24	24	2018-04-04 18:26:10	2018-04-04 18:26:10	\N	PRODUCTION APPLICATION	16384	81920	0	intel	2400	2	0	0	\N	\N	1	Sin definir	2	true	15	5	1	\N	\N	\N
1195	2	33	MNSEMANTIKOS_AC_APP01	192.168.10.50	24	24	2018-04-04 18:26:10	2018-04-04 18:26:10	\N	PRODUCTION APPLICATION	6144	51200	0	intel	2400	4	0	0	\N	\N	5	Sin definir	2	false	17	5	1	\N	\N	\N
1196	2	33	MNSEMANTIKOS_AC_APP02	192.168.10.51	24	24	2018-04-04 18:26:10	2018-04-04 18:26:10	\N	PRODUCTION APPLICATION	6144	51200	0	intel	2400	4	0	0	\N	\N	5	Sin definir	2	false	17	5	1	\N	\N	\N
1197	2	33	MNSEMANTIKOS_PS_APP03	192.168.10.52	24	24	2018-04-04 18:26:10	2018-04-04 18:26:10	\N	PRODUCTION APPLICATION	6144	51200	0	intel	2400	4	0	0	\N	\N	5	Sin definir	2	false	17	5	1	\N	\N	\N
1198	2	33	MNSEMANTIKOS_AC_BD01	172.20.65.10	24	24	2018-04-04 18:26:10	2018-04-04 18:26:10	\N	PRODUCTION APPLICATION	16384	102400	0	intel	2400	4	0	0	\N	\N	5	Sin definir	2	false	17	5	2	\N	\N	\N
1199	2	33	MNSEMANTIKOS_AC_BD02	172.20.65.11	24	24	2018-04-04 18:26:10	2018-04-04 18:26:10	\N	PRODUCTION APPLICATION	16384	102400	0	intel	2400	4	0	0	\N	\N	5	Sin definir	2	false	17	5	2	\N	\N	\N
1200	2	33	MNSEMANTIKOS_PS_BD03	172.20.65.12	24	24	2018-04-04 18:26:10	2018-04-04 18:26:10	\N	PRODUCTION APPLICATION	16384	102400	0	intel	2400	4	0	0	\N	\N	5	Sin definir	2	false	17	5	2	\N	\N	\N
1201	2	35	MNIBMIBASEPROD_ZEKE	172.20.34.39	24	24	2018-04-04 18:26:10	2018-04-04 18:26:10	\N	0	16384	122880	0	intel	2400	4	0	0	\N	\N	1	Sin definir	2	false	14	5	7	\N	\N	\N
1202	2	35	MNIBMI2ANALYTSPROD_ZEKE	172.20.34.40	24	24	2018-04-04 18:26:10	2018-04-04 18:26:10	\N	0	16384	122880	0	intel	2400	4	0	0	\N	\N	1	Sin definir	2	false	14	5	7	\N	\N	\N
1203	2	32	MNHadoop_MNG_1	172.20.34.41	24	24	2018-04-04 18:26:10	2018-04-04 18:26:10	\N	PRODUCTION APPLICATION	32768	1048576	0	intel	2400	4	0	0	\N	\N	1	Sin definir	2	false	14	5	7	\N	\N	\N
1204	2	32	MNHadoop_MNG_2	172.20.34.42	24	24	2018-04-04 18:26:10	2018-04-04 18:26:10	\N	PRODUCTION APPLICATION	32768	1048576	0	intel	2400	4	0	0	\N	\N	1	Sin definir	2	false	14	5	7	\N	\N	\N
1205	2	32	MNHadoop_DAT_1	172.20.34.43	24	24	2018-04-04 18:26:10	2018-04-04 18:26:10	\N	PRODUCTION APPLICATION	32768	1048576	0	intel	2400	4	0	0	\N	\N	1	Sin definir	2	false	14	5	7	\N	\N	\N
1206	2	32	MNHadoop_DAT_2	172.20.34.44	24	24	2018-04-04 18:26:10	2018-04-04 18:26:10	\N	PRODUCTION APPLICATION	32768	1048576	0	intel	2400	4	0	0	\N	\N	1	Sin definir	2	false	14	5	7	\N	\N	\N
1207	2	32	MNHadoop_DAT_3	172.20.34.45	24	24	2018-04-04 18:26:10	2018-04-04 18:26:10	\N	PRODUCTION APPLICATION	32768	1048576	0	intel	2400	4	0	0	\N	\N	1	Sin definir	2	false	14	5	7	\N	\N	\N
1208	2	33	MNFTP_Traspasos_APP	172.20.34.46	24	24	2018-04-04 18:26:10	2018-04-04 18:26:10	\N	Produccion	4096	307200	0	intel	2400	2	0	0	\N	\N	1	Sin definir	2	false	15	5	7	\N	\N	\N
1209	2	17	MNQASEMANTIKOS_APP01	192.168.10.53	24	24	2018-04-04 18:26:10	2018-04-04 18:26:10	\N	QA	8192	112640	0	intel	2400	4	0	0	\N	\N	3	Sin definir	2	false	17	5	1	\N	\N	\N
1210	2	17	MNQASEMANTIKOS_DB01	172.20.8.15	24	24	2018-04-04 18:26:10	2018-04-04 18:26:10	\N	QA	8192	112640	0	intel	2400	4	0	0	\N	\N	3	Sin definir	2	false	17	5	2	\N	\N	\N
1211	2	40	MNOIRS_DEV_QA	172.20.16.20	24	24	2018-04-04 18:26:10	2018-04-04 18:26:10	\N	DEV-QA	4096	71680	0	intel	2400	4	0	0	\N	\N	5	Sin definir	2	false	18	5	3	\N	\N	\N
1212	2	32	MNANALITYC_APP	172.20.34.47	24	24	2018-04-04 18:26:10	2018-04-04 18:26:10	\N	PRODUCTION APPLICATION	32768	225280	0	intel	2400	2	0	0	\N	\N	1	Sin definir	2	false	14	5	3	\N	\N	\N
1213	2	45	MNSPSSStatistics_APP	172.20.34.48	24	24	2018-04-04 18:26:10	2018-04-04 18:26:10	\N	PRODUCTION APPLICATION	32768	61440	0	intel	2400	2	0	0	\N	\N	1	Sin definir	2	true	14	5	3	\N	\N	\N
1214	2	17	MNSIACINTDEV_APP01	192.168.60.10	24	24	2018-04-04 18:26:10	2018-04-04 18:26:10	\N	PRODUCTION APPLICATION	2048	30720	0	intel	2400	2	0	0	\N	\N	4	Sin definir	2	false	15	5	3	\N	\N	\N
1215	2	17	MNSIACWORDPRESSDEV_APP01	192.168.60.11	24	24	2018-04-04 18:26:10	2018-04-04 18:26:10	\N	PRODUCTION APPLICATION	2048	30720	0	intel	2400	2	0	0	\N	\N	4	Sin definir	2	false	15	5	3	\N	\N	\N
1216	2	33	MNMPPRODDMZ_API01	192.168.70.10	24	24	2018-04-04 18:26:10	2018-04-04 18:26:10	\N	PRODUCTION APPLICATION	16384	153600	0	intel	2400	8	0	0	\N	\N	1	Sin definir	1	false	12	2	3	\N	\N	\N
1217	2	33	MNMPPRODDMZ_API02	192.168.70.11	24	24	2018-04-04 18:26:10	2018-04-04 18:26:10	\N	PRODUCTION APPLICATION	16384	153600	0	intel	2400	8	0	0	\N	\N	1	Sin definir	1	false	12	2	3	\N	\N	\N
1218	2	33	MNMPPRODBE_API01	172.20.89.10	24	24	2018-04-04 18:26:10	2018-04-04 18:26:10	\N	PRODUCTION APPLICATION	16384	153600	0	intel	2400	8	0	0	\N	\N	1	Sin definir	1	false	12	3	3	\N	\N	\N
1219	2	33	MNMPPRODBE_API02	172.20.89.11	24	24	2018-04-04 18:26:10	2018-04-04 18:26:10	\N	PRODUCTION APPLICATION	16384	153600	0	intel	2400	8	0	0	\N	\N	1	Sin definir	1	false	12	3	3	\N	\N	\N
1220	2	33	MNCASPROD_API01	172.20.34.10	24	24	2018-04-04 18:26:10	2018-04-04 18:26:10	\N	PRODUCTION APPLICATION	16384	307200	0	intel	2400	8	0	0	\N	\N	5	E5-2699v3	1	false	12	5	1	\N	\N	\N
1221	2	33	MNCASPROD_API02	172.20.34.11	24	24	2018-04-04 18:26:10	2018-04-04 18:26:10	\N	PRODUCTION APPLICATION	16384	307200	0	intel	2400	8	0	0	\N	\N	5	E5-2699v3	1	false	12	5	1	\N	\N	\N
1222	2	33	MNCASPROD_API03	172.20.34.12	24	24	2018-04-04 18:26:10	2018-04-04 18:26:10	\N	PRODUCTION APPLICATION	16384	307200	0	intel	2400	8	0	0	\N	\N	5	E5-2699v3	1	false	12	5	1	\N	\N	\N
1223	2	33	MNAPPROD_API01	172.20.34.15	24	24	2018-04-04 18:26:10	2018-04-04 18:26:10	\N	PRODUCTION APPLICATION	16384	1048576	0	intel	2400	8	0	0	\N	\N	5	E5-2699v3	1	false	12	5	1	\N	\N	\N
1224	2	33	MNDEVPORPROD_API01	172.20.90.14	24	24	2018-04-04 18:26:10	2018-04-04 18:26:10	\N	PRODUCTION APPLICATION	2048	20480	0	intel	2400	2	0	0	\N	\N	1	Sin definir	1	false	12	3	3	\N	\N	\N
1225	2	33	MNQSPROD_API01	172.20.34.17	24	24	2018-04-04 18:26:10	2018-04-04 18:26:10	\N	PRODUCTION APPLICATION	16384	512000	0	intel	2400	8	0	0	\N	\N	5	E5-2699v3	1	false	12	5	1	\N	\N	\N
1226	2	33	MNQSPROD_API02	172.20.34.18	24	24	2018-04-04 18:26:10	2018-04-04 18:26:10	\N	PRODUCTION APPLICATION	16384	512000	0	intel	2400	8	0	0	\N	\N	5	E5-2699v3	1	false	12	5	1	\N	\N	\N
1227	2	33	MNMSUPROD_API01	172.20.34.21	24	24	2018-04-04 18:26:10	2018-04-04 18:26:10	\N	PRODUCTION APPLICATION	8192	102400	0	intel	2400	4	0	0	\N	\N	5	E5-2699v3	1	false	12	5	1	\N	\N	\N
1228	2	33	MNMPDEVDMZ_API01	192.168.60.12	24	24	2018-04-04 18:26:10	2018-04-04 18:26:10	\N	PRODUCTION APPLICATION	16384	204800	0	intel	2400	8	0	0	\N	\N	1	Sin definir	1	false	12	2	3	\N	\N	\N
1229	2	33	MNMPDEVDMZ_API02	192.168.60.13	24	24	2018-04-04 18:26:10	2018-04-04 18:26:10	\N	PRODUCTION APPLICATION	16384	204800	0	intel	2400	8	0	0	\N	\N	1	Sin definir	1	false	12	2	3	\N	\N	\N
1230	2	33	MNMPDEVBE_API01	172.20.34.20	24	24	2018-04-04 18:26:10	2018-04-04 18:26:10	\N	PRODUCTION APPLICATION	16384	204800	0	intel	2400	8	0	0	\N	\N	1	Sin definir	1	false	12	3	3	\N	\N	\N
1231	2	33	MNMPDEVBE_API02	172.20.34.21	24	24	2018-04-04 18:26:10	2018-04-04 18:26:10	\N	PRODUCTION APPLICATION	16384	204800	0	intel	2400	8	0	0	\N	\N	1	Sin definir	1	false	12	3	3	\N	\N	\N
1232	2	33	MNMSUDEV_API01	172.20.34.22	24	24	2018-04-04 18:26:10	2018-04-04 18:26:10	\N	PRODUCTION APPLICATION	16384	307200	0	intel	2400	8	0	0	\N	\N	1	Sin definir	1	false	12	3	3	\N	\N	\N
1233	2	33	MNMSUDEV_API02	172.20.34.23	24	24	2018-04-04 18:26:10	2018-04-04 18:26:10	\N	PRODUCTION APPLICATION	16384	307200	0	intel	2400	8	0	0	\N	\N	1	Sin definir	1	false	12	3	3	\N	\N	\N
1234	2	33	MNAPDEV_API01	172.20.34.24	24	24	2018-04-04 18:26:10	2018-04-04 18:26:10	\N	PRODUCTION APPLICATION	4096	204800	0	intel	2400	8	0	0	\N	\N	1	Sin definir	1	false	12	3	3	\N	\N	\N
1235	2	33	MNAPDEV_API02	172.20.34.25	24	24	2018-04-04 18:26:10	2018-04-04 18:26:10	\N	PRODUCTION APPLICATION	4096	204800	0	intel	2400	8	0	0	\N	\N	1	Sin definir	1	false	12	3	3	\N	\N	\N
1236	2	34	MNREPPIVPROD_API01	172.20.34.49	24	24	2018-04-04 18:26:10	2018-04-04 18:26:10	\N	PRODUCTION APPLICATION	4096	102400	0	intel	2400	1	0	0	\N	\N	1	Sin definir	2	false	12	3	3	\N	\N	\N
1237	2	45	MNBIDEV_001	172.20.16.25	24	24	2018-04-04 18:26:10	2018-04-04 18:26:10	\N	DEV	8192	102400	0	intel	2400	4	0	0	\N	\N	4	Sin definir	2	false	14	5	3	\N	\N	\N
1238	2	42	MNDATASTAGEPROD_001	172.20.34.50	24	24	2018-04-04 18:26:10	2018-04-04 18:26:10	\N	PRODUCTION APPLICATION	16384	51200	0	intel	2400	2	0	0	\N	\N	1	Sin definir	2	false	14	5	3	\N	\N	\N
1239	2	31	MNINFOSPHERESTREAMS_001	172.20.34.51	24	24	2018-04-04 18:26:10	2018-04-04 18:26:10	\N	PRODUCTION APPLICATION	16384	143360	0	intel	2400	1	0	0	\N	\N	1	Sin definir	2	false	14	5	3	\N	\N	\N
1240	2	42	MNCOGNOSBIPROD_001	172.20.34.52	24	24	2018-04-04 18:26:10	2018-04-04 18:26:10	\N	PRODUCTION APPLICATION	32768	102400	0	intel	2400	4	0	0	\N	\N	1	Sin definir	2	false	14	5	3	\N	\N	\N
1241	2	42	MNSPSSSTATICS_CLIENT_001	172.20.34.53	24	24	2018-04-04 18:26:10	2018-04-04 18:26:10	\N	PRODUCTION APPLICATION	32768	51200	0	intel	2400	2	0	0	\N	\N	1	Sin definir	2	false	14	5	3	\N	\N	\N
1242	2	47	MNCOMGESDEV_001	172.20.8.17	24	24	2018-04-04 18:26:10	2018-04-04 18:26:10	\N	PRODUCTION APPLICATION	18432	204800	0	intel	2400	2	0	0	\N	\N	4	Sin definir	2	false	15	5	3	\N	\N	\N
1243	2	33	MNACTIVEMQDEV_001	172.20.8.18	24	24	2018-04-04 18:26:10	2018-04-04 18:26:10	\N	PRODUCTION APPLICATION	4096	107520	0	intel	2400	2	0	0	\N	\N	4	Sin definir	2	false	14	5	3	\N	\N	\N
1244	2	27	MNMINSAL_PROD	192.168.70.61	24	24	2018-04-04 18:26:10	2018-04-04 18:26:10	\N	PRODUCCION	8192	133120	0	intel	2400	2	0	0	\N	\N	1	Sin definir	2	false	15	5	3	\N	\N	\N
1245	2	52	MNOIRS_PROD	192.168.20.14	24	24	2018-04-04 18:26:10	2018-04-04 18:26:10	\N	PRODUCCION	12288	512000	0	intel	2400	8	0	0	\N	\N	1	Sin definir	2	false	15	5	3	\N	\N	\N
1246	2	33	MNSFTPL_PROD	192.168.20.15	24	24	2018-04-04 18:26:10	2018-04-04 18:26:10	\N	DEV	8192	81920	0	intel	2400	4	0	0	\N	\N	1	Sin definir	2	false	15	5	3	\N	\N	\N
1247	2	58	MNOIRS_DEV	172.20.16.18	24	24	2018-04-04 18:26:10	2018-04-04 18:26:10	\N	DEV	12288	307200	0	intel	2400	8	0	0	\N	\N	5	Sin definir	2	false	15	5	3	\N	\N	\N
1248	2	53	MNMINSAL_BD_DEV	172.20.64.21	24	24	2018-04-04 18:26:10	2018-04-04 18:26:10	\N	DEV	8192	102400	0	intel	2400	4	0	0	\N	\N	5	Sin definir	2	false	15	5	3	\N	\N	\N
1249	2	58	MNOIRS_BD_DEV	172.20.64.22	24	24	2018-04-04 18:26:10	2018-04-04 18:26:10	\N	DEV	8192	358400	0	intel	2400	4	0	0	\N	\N	5	Sin definir	2	false	15	5	3	\N	\N	\N
1250	2	42	MNWSUSMINSAL_001	172.20.6.10	24	24	2018-04-04 18:26:10	2018-04-04 18:26:10	\N	PRODUCCION	12288	51200	0	intel	2400	4	0	0	\N	\N	1	Sin definir	2	false	16	3	3	\N	\N	\N
1251	2	41	MNPROXYBKPVM_001	172.20.33.20	24	24	2018-04-04 18:26:10	2018-04-04 18:26:10	\N	PRODUCTION APPLICATION	16384	81920	0	intel	2400	2	0	0	\N	\N	1	Sin definir	2	false	16	5	3	\N	\N	\N
1252	2	17	MNNESSUSCONV_001	192.168.20.12	24	24	2018-04-04 18:26:10	2018-04-04 18:26:10	\N	PRODUCTION APPLICATION	16384	112640	0	intel	2400	4	0	0	\N	\N	5	Sin definir	2	false	16	5	3	\N	\N	\N
1253	2	33	MNACTIVEMQQA_001	172.20.8.22	24	24	2018-04-04 18:26:10	2018-04-04 18:26:10	\N	QA	8192	194560	0	intel	2400	6	0	0	\N	\N	3	Sin definir	2	false	14	5	3	\N	\N	\N
1254	2	33	MNACTIVEMQPROD_001	172.20.6.11	24	24	2018-04-04 18:26:10	2018-04-04 18:26:10	\N	PRODUCTION APPLICATION	16384	194560	0	intel	2400	8	0	0	\N	\N	1	Sin definir	2	false	14	5	3	\N	\N	\N
1255	2	33	MNACTIVEMQPROD_002	172.20.6.12	24	24	2018-04-04 18:26:10	2018-04-04 18:26:10	\N	PRODUCTION APPLICATION	16384	194560	0	intel	2400	8	0	0	\N	\N	1	Sin definir	2	false	14	5	3	\N	\N	\N
1256	2	42	MNWSUSMINSAL_002	172.20.6.13	24	24	2018-04-04 18:26:10	2018-04-04 18:26:10	\N	PRODUCCION	12288	51200	0	intel	2400	4	0	0	\N	\N	1	Sin definir	2	false	16	3	3	\N	\N	\N
1257	2	42	MNWSUSMINSAL_003	172.20.6.14	24	24	2018-04-04 18:26:10	2018-04-04 18:26:10	\N	PRODUCCION	12288	51200	0	intel	2400	4	0	0	\N	\N	1	Sin definir	2	false	16	3	3	\N	\N	\N
1258	2	33	MNCMDBDEV_ZEKE	172.20.16.19	24	24	2018-04-04 18:26:10	2018-04-04 18:26:10	\N	PRODUCTION APPLICATION	16384	173056	0	intel	2400	8	0	0	\N	\N	4	Sin definir	2	false	16	5	3	\N	\N	\N
1259	2	15	MNTRANSPARENCIA_QA	172.20.8.23	24	24	2018-04-04 18:26:10	2018-04-04 18:26:10	\N	QA	2048	337920	0	intel	2400	2	0	0	\N	\N	5	Sin definir	2	false	15	5	3	\N	\N	\N
1260	2	33	MNCOMGESBD_PROD	172.20.6.15	24	24	2018-04-04 18:26:10	2018-04-04 18:26:10	\N	PRODUCCION	8192	197632	0	intel	2400	2	0	0	\N	\N	5	Sin definir	2	false	15	3	3	\N	\N	\N
1261	2	27	MNSEMANTIKOSAPP_DEV	172.20.16.26	24	24	2018-04-04 18:26:10	2018-04-04 18:26:10	\N	DEV	4096	34816	0	intel	2400	2	0	0	\N	\N	4	Sin definir	2	false	17	3	3	\N	\N	\N
1262	2	27	MNSEMANTIKOSWEB_DEV	192.168.60.14	24	24	2018-04-04 18:26:10	2018-04-04 18:26:10	\N	DEV	4096	34816	0	intel	2400	2	0	0	\N	\N	4	Sin definir	2	false	17	2	3	\N	\N	\N
1263	2	27	MNSEMANTIKOSAPP001_QA	172.20.8.24	24	24	2018-04-04 18:26:10	2018-04-04 18:26:10	\N	QA	8192	55296	0	intel	2400	4	0	0	\N	\N	3	Sin definir	2	false	17	3	3	\N	\N	\N
1264	2	27	MNSEMANTIKOSAPP002_QA	172.20.8.26	24	24	2018-04-04 18:26:10	2018-04-04 18:26:10	\N	QA	8192	55296	0	intel	2400	4	0	0	\N	\N	3	Sin definir	2	false	17	3	3	\N	\N	\N
1265	2	27	MNSEMANTIKOSWEB001_QA	192.168.10.54	24	24	2018-04-04 18:26:10	2018-04-04 18:26:10	\N	QA	8192	34816	0	intel	2400	2	0	0	\N	\N	3	Sin definir	2	false	17	2	3	\N	\N	\N
1266	2	27	MNSEMANTIKPSWEB002_QA	192.168.10.55	24	24	2018-04-04 18:26:10	2018-04-04 18:26:10	\N	QA	8192	34816	0	intel	2400	2	0	0	\N	\N	3	Sin definir	2	false	17	2	3	\N	\N	\N
1267	2	46	MSMOTORSQL_PROD	172.20.64.24	24	24	2018-04-04 18:26:10	2018-04-04 18:26:10	\N	PRODUCCION 	32768	51200	0	intel	2400	8	0	0	\N	\N	1	Sin definir	2	true	15	3	3	\N	\N	\N
1268	2	42	MNGALILEO_APP1_PROD	172.20.33.30	24	24	2018-04-04 18:26:10	2018-04-04 18:26:10	\N	PRODUCCION	8192	122880	0	intel	2400	4	0	0	\N	\N	1	Sin definir	2	true	19	3	3	\N	\N	\N
1269	2	33	MNMONGO_PROD	172.20.33.25	24	24	2018-04-04 18:26:10	2018-04-04 18:26:10	\N	PRODUCCION	4096	153600	0	intel	2400	4	0	0	\N	\N	1	Sin definir	2	false	19	3	3	\N	\N	\N
1270	2	33	MNPROXY2_PROD	192.168.70.21	24	24	2018-04-04 18:26:10	2018-04-04 18:26:10	\N	PRODUCCION	4096	51200	0	intel	2400	4	0	0	\N	\N	1	Sin definir	2	false	19	2	3	\N	\N	\N
1271	2	33	MNSESIONSRV_PROD	172.20.33.32	24	24	2018-04-04 18:26:10	2018-04-04 18:26:10	\N	PRODUCCION	4096	51200	0	intel	2400	4	0	0	\N	\N	1	Sin definir	2	false	19	3	3	\N	\N	\N
1272	2	42	MNGALILEO_APP2_PROD	172.20.33.29	24	24	2018-04-04 18:26:10	2018-04-04 18:26:10	\N	PRODUCCION	8192	122880	0	intel	2400	4	0	0	\N	\N	1	Sin definir	2	true	19	3	3	\N	\N	\N
1273	2	33	MNPROXY1_PROD	192.168.70.22	24	24	2018-04-04 18:26:10	2018-04-04 18:26:10	\N	PRODUCCION	4096	51200	0	intel	2400	4	0	0	\N	\N	1	Sin definir	2	false	19	2	3	\N	\N	\N
1274	2	33	MNPROXYGALILEO_PROD	192.168.70.20	24	24	2018-04-04 18:26:10	2018-04-04 18:26:10	\N	PRODUCCION	4096	51200	0	intel	2400	4	0	0	\N	\N	1	Sin definir	2	false	19	2	3	\N	\N	\N
1275	2	42	MNSINETSFTP_PROD	172.20.33.31	24	24	2018-04-04 18:26:10	2018-04-04 18:26:10	\N	PRODUCCION	4096	131072	0	intel	2400	4	0	0	\N	\N	1	Sin definir	2	true	19	3	3	\N	\N	\N
1276	2	42	MNSINETSUR_APP1_PROD	172.20.33.28	24	24	2018-04-04 18:26:10	2018-04-04 18:26:10	\N	PRODUCCION	8192	128000	0	intel	2400	4	0	0	\N	\N	1	Sin definir	2	true	19	3	3	\N	\N	\N
1277	2	42	MNSINETSUR_APP2_PROD	172.20.33.27	24	24	2018-04-04 18:26:10	2018-04-04 18:26:10	\N	PRODUCCION	8192	128000	0	intel	2400	4	0	0	\N	\N	1	Sin definir	2	true	19	3	3	\N	\N	\N
1278	2	42	MNSINETSUR_APP3_PROD	172.20.33.26	24	24	2018-04-04 18:26:10	2018-04-04 18:26:10	\N	PRODUCCION	8192	128000	0	intel	2400	4	0	0	\N	\N	1	Sin definir	2	true	19	3	3	\N	\N	\N
1279	2	19	MNSEGSIDA_PROD	192.168.70.23	24	24	2018-04-04 18:26:10	2018-04-04 18:26:10	\N	PRODUCCION	32768	51200	0	intel	2400	4	0	0	\N	\N	1	Sin definir	2	false	15	2	3	\N	\N	\N
1280	2	42	MNGALILEO_APP1_DEV	172.20.33.40	24	24	2018-04-04 18:26:10	2018-04-04 18:26:10	\N	DESARROLLO	8192	122880	0	intel	2400	4	0	0	\N	\N	4	Sin definir	2	false	19	3	3	\N	\N	\N
1281	2	33	MNMONGO_DEV	172.20.33.41	24	24	2018-04-04 18:26:10	2018-04-04 18:26:10	\N	DESARROLLO	4096	153600	0	intel	2400	4	0	0	\N	\N	4	Sin definir	2	false	19	3	3	\N	\N	\N
1282	2	33	MNPROXY2_DEV	192.168.70.30	24	24	2018-04-04 18:26:10	2018-04-04 18:26:10	\N	DESARROLLO	4096	51200	0	intel	2400	4	0	0	\N	\N	4	Sin definir	2	false	19	2	3	\N	\N	\N
1283	2	33	MNSESIONSRV_DEV	172.20.33.42	24	24	2018-04-04 18:26:10	2018-04-04 18:26:10	\N	DESARROLLO	4096	51200	0	intel	2400	4	0	0	\N	\N	4	Sin definir	2	false	19	3	3	\N	\N	\N
1284	2	42	MNGALILEO_APP2_DEV	172.20.33.43	24	24	2018-04-04 18:26:10	2018-04-04 18:26:10	\N	DESARROLLO	8192	122880	0	intel	2400	4	0	0	\N	\N	4	Sin definir	2	false	19	3	3	\N	\N	\N
1285	2	33	MNPROXY1_DEV	192.168.70.31	24	24	2018-04-04 18:26:10	2018-04-04 18:26:10	\N	DESARROLLO	4096	51200	0	intel	2400	4	0	0	\N	\N	4	Sin definir	2	false	19	2	3	\N	\N	\N
1286	2	33	MNPROXYGALILEO_DEV	192.168.70.32	24	24	2018-04-04 18:26:10	2018-04-04 18:26:10	\N	DESARROLLO	4096	51200	0	intel	2400	4	0	0	\N	\N	4	Sin definir	2	false	19	2	3	\N	\N	\N
1287	2	42	MNSINETSFTP_DEV	172.20.33.44	24	24	2018-04-04 18:26:10	2018-04-04 18:26:10	\N	DESARROLLO	4096	131072	0	intel	2400	4	0	0	\N	\N	4	Sin definir	2	false	19	3	3	\N	\N	\N
1288	2	42	MNSINETSUR_APP1_DEV	172.20.33.45	24	24	2018-04-04 18:26:10	2018-04-04 18:26:10	\N	DESARROLLO	8192	128000	0	intel	2400	4	0	0	\N	\N	4	Sin definir	2	false	19	3	3	\N	\N	\N
1289	2	42	MNSINETSUR_APP2_DEV	172.20.33.46	24	24	2018-04-04 18:26:10	2018-04-04 18:26:10	\N	DESARROLLO	8192	128000	0	intel	2400	4	0	0	\N	\N	4	Sin definir	2	false	19	3	3	\N	\N	\N
1290	2	42	MNSINETSUR_APP3_DEV	172.20.33.47	24	24	2018-04-04 18:26:10	2018-04-04 18:26:10	\N	DESARROLLO	8192	128000	0	intel	2400	4	0	0	\N	\N	4	Sin definir	2	false	19	3	3	\N	\N	\N
1291	2	19	MNSEGSIDA_DEV	172.20.16.30	24	24	2018-04-04 18:26:10	2018-04-04 18:26:10	\N	DESARROLLO	32768	51200	0	intel	2400	4	0	0	\N	\N	4	Sin definir	2	false	15	2	3	\N	\N	\N
1292	2	17	MNTRANSPARENCIA_PROD	192.168.70.15	24	24	2018-04-04 18:26:10	2018-04-04 18:26:10	\N	PRODUCCION	12288	337920	0	intel	2400	4	0	0	\N	\N	1	Sin definir	2	false	15	2	3	\N	\N	\N
1293	2	19	MNSEGSIDA_QA	172.20.8.27	24	24	2018-04-04 18:26:10	2018-04-04 18:26:10	\N	QA	32768	51200	0	intel	2400	4	0	0	\N	\N	3	Sin definir	2	false	15	2	3	\N	\N	\N
1294	2	28	MNCOMPINAPP_PROD	192.168.70.26	24	24	2018-04-04 18:26:10	2018-04-04 18:26:10	\N	PRODUCCION	16384	112640	0	intel	2400	4	0	0	\N	\N	1	Sin definir	2	false	15	2	3	\N	\N	\N
1295	2	28	MNCOMPINBD_PROD	172.20.64.26	24	24	2018-04-04 18:26:10	2018-04-04 18:26:10	\N	PRODUCCION	49152	266240	0	intel	2400	6	0	0	\N	\N	1	Sin definir	2	false	15	3	3	\N	\N	\N
1296	2	28	MNCOMPINIMG_PROD	172.20.6.19	24	24	2018-04-04 18:26:10	2018-04-04 18:26:10	\N	PRODUCCION	4096	624640	0	intel	2400	2	0	0	\N	\N	1	Sin definir	2	false	15	3	3	\N	\N	\N
1297	2	27	MNSEMANTIKOSAPP003_QA	172.20.8.100	24	24	2018-04-04 18:26:10	2018-04-04 18:26:10	\N	QA	8192	55296	0	intel	2400	4	0	0	\N	\N	3	Sin definir	2	false	17	3	3	\N	\N	\N
1298	2	27	MNSEMANTIKOSAPP004_QA	172.20.8.101	24	24	2018-04-04 18:26:10	2018-04-04 18:26:10	\N	QA	8192	55296	0	intel	2400	4	0	0	\N	\N	3	Sin definir	2	false	17	3	3	\N	\N	\N
1299	2	46	MNRESPIRATIOAPP_QA	192.168.10.40	24	24	2018-04-04 18:26:10	2018-04-04 18:26:10	\N	QA	16384	409600	0	intel	2400	8	0	0	\N	\N	3	Sin definir	2	false	15	2	3	\N	\N	\N
1300	2	46	MNRESPIRATIOAPP_PROD	192.168.70.40	24	24	2018-04-04 18:26:10	2018-04-04 18:26:10	\N	PRODUCCION	16384	409600	0	intel	2400	8	0	0	\N	\N	1	Sin definir	2	true	15	2	3	\N	\N	\N
1301	2	17	MNSIDOTAPP_QA	192.168.10.30	24	24	2018-04-04 18:26:10	2018-04-04 18:26:10	\N	QA	12288	133120	0	intel	2400	6	0	0	\N	\N	3	Sin definir	2	false	15	5	3	\N	\N	\N
1302	2	57	MNSURVIHAPP_QA	192.168.10.41	24	24	2018-04-04 18:26:10	2018-04-04 18:26:10	\N	QA	12288	61440	0	intel	2400	8	0	0	\N	\N	3	Sin definir	2	false	20	5	3	\N	\N	\N
1303	2	14	MNSIMPO_QA	192.168.10.42	24	24	2018-04-04 18:26:10	2018-04-04 18:26:10	\N	QA	1024	51200	0	intel	2400	1	0	0	\N	\N	3	Sin definir	2	false	15	5	3	\N	\N	\N
1304	2	56	MNSIGTE_SOAP_DEV	172.20.16.40	24	24	2018-04-04 18:26:10	2018-04-04 18:26:10	\N	DEV	2048	20480	0	intel	2400	2	0	0	\N	\N	4	Sin definir	2	false	15	3	3	\N	\N	\N
1305	2	56	MNSIGTE_WEB_DEV	172.20.16.41	24	24	2018-04-04 18:26:10	2018-04-04 18:26:10	\N	DEV	2048	20480	0	intel	2400	2	0	0	\N	\N	4	Sin definir	2	false	15	3	3	\N	\N	\N
1306	2	41	MNPRAIS_APP_QA	192.168.10.20	24	24	2018-04-04 18:26:10	2018-04-04 18:26:10	\N	QA	8192	81920	0	intel	2400	2	0	0	\N	\N	3	Sin definir	2	false	15	2	3	\N	\N	\N
1307	2	19	MNDCM4CHEEAPP_PROD	192.168.70.38	24	24	2018-04-04 18:26:10	2018-04-04 18:26:10	\N	PRODUCCION	32768	2097152	0	intel	2400	8	0	0	\N	\N	1	Sin definir	2	false	18	2	3	\N	\N	\N
1308	2	57	MNSURVIHAPP_PROD	192.168.70.34	24	24	2018-04-04 18:26:10	2018-04-04 18:26:10	\N	PRODUCCION	4096	102400	0	intel	2400	4	0	0	\N	\N	1	Sin definir	2	true	20	2	3	\N	\N	\N
1309	2	19	MNPCRONICOS_QA	192.168.10.56	24	24	2018-04-04 18:26:10	2018-04-04 18:26:10	\N	QA	4096	204800	0	intel	2400	4	0	0	\N	\N	3	Sin definir	2	false	18	2	3	\N	\N	\N
1310	2	19	MNBDMYSQL_QA	172.20.8.30	24	24	2018-04-04 18:26:10	2018-04-04 18:26:10	\N	QA	4096	307200	0	intel	2400	4	0	0	\N	\N	3	Sin definir	2	false	15	3	3	\N	\N	\N
1311	2	16	MNSISCOM_PROD	192.168.70.33	24	24	2018-04-04 18:26:10	2018-04-04 18:26:10	\N	PRODUCCION	16384	102400	0	intel	2400	4	0	0	\N	\N	1	Sin definir	2	false	15	2	3	\N	\N	\N
1312	2	57	MSSAMU_APP1_PROD	192.168.70.36	24	24	2018-04-04 18:26:10	2018-04-04 18:26:10	\N	PRODUCCION	4096	66560	0	intel	2400	2	0	0	\N	\N	1	Sin definir	2	false	15	2	3	\N	\N	\N
1313	2	57	MSSAMU_APP2_PROD	192.168.70.35	24	24	2018-04-04 18:26:10	2018-04-04 18:26:10	\N	PRODUCCION	4096	71680	0	intel	2400	2	0	0	\N	\N	1	Sin definir	2	false	15	2	3	\N	\N	\N
1314	2	46	MNSIRHFE_APP1_DEV	192.168.60.15	24	24	2018-04-04 18:26:10	2018-04-04 18:26:10	\N	DEV	16384	204800	0	intel	2400	4	0	0	\N	\N	4	Sin definir	2	false	21	2	3	\N	\N	\N
1315	2	46	MNSIRHBE_APP1_DEV	172.20.16.42	24	24	2018-04-04 18:26:10	2018-04-04 18:26:10	\N	DEV	16384	204800	0	intel	2400	4	0	0	\N	\N	4	Sin definir	2	false	21	3	3	\N	\N	\N
1316	2	16	MNTSSOAP_PROD	172.20.6.20	24	24	2018-04-04 18:26:10	2018-04-04 18:26:10	\N	PRODUCCION	24576	40960	0	intel	2400	8	0	0	\N	\N	1	Sin definir	2	false	15	3	3	\N	\N	\N
1317	2	16	MNTSSOAP002_PROD	172.20.6.40	24	24	2018-04-04 18:26:10	2018-04-04 18:26:10	\N	PRODUCCION	24576	40960	0	intel	2400	8	0	0	\N	\N	1	Sin definir	2	false	15	3	3	\N	\N	\N
1318	2	16	MNTSCRON001_PROD	172.20.6.41	24	24	2018-04-04 18:26:10	2018-04-04 18:26:10	\N	PRODUCCION	65536	40960	0	intel	2400	16	0	0	\N	\N	1	Sin definir	2	false	15	3	3	\N	\N	\N
1319	2	16	MNTSWEB_PROD	192.168.70.37	24	24	2018-04-04 18:26:10	2018-04-04 18:26:10	\N	PRODUCCION	16384	30720	0	intel	2400	8	0	0	\N	\N	1	Sin definir	2	false	15	2	3	\N	\N	\N
1320	2	16	MNTSWEB002_PROD	192.168.70.56	24	24	2018-04-04 18:26:10	2018-04-04 18:26:10	\N	PRODUCCION	16384	30720	0	intel	2400	8	0	0	\N	\N	1	Sin definir	2	false	15	2	3	\N	\N	\N
1321	2	17	MNGESBO_PROD	192.168.70.41	24	24	2018-04-04 18:26:10	2018-04-04 18:26:10	\N	PRODUCCION	8192	153600	0	intel	2400	4	0	0	\N	\N	1	Sin definir	2	false	18	2	3	\N	\N	\N
1322	2	50	MNGESBO_DEV	192.168.60.16	24	24	2018-04-04 18:26:10	2018-04-04 18:26:10	\N	DEV	8192	153600	0	intel	2400	4	0	0	\N	\N	4	Sin definir	2	false	18	2	3	\N	\N	\N
1323	2	50	MNGESBO_QA	192.168.10.57	24	24	2018-04-04 18:26:10	2018-04-04 18:26:10	\N	QA	8192	153600	0	intel	2400	4	0	0	\N	\N	3	Sin definir	2	false	18	2	3	\N	\N	\N
1324	2	16	MNTSSOAP_QA	172.20.8.32	24	24	2018-04-04 18:26:10	2018-04-04 18:26:10	\N	QA	4096	40960	0	intel	2400	4	0	0	\N	\N	3	Sin definir	2	false	15	3	3	\N	\N	\N
1325	2	16	MNTSWEB_QA	192.168.10.58	24	24	2018-04-04 18:26:10	2018-04-04 18:26:10	\N	QA	4096	30720	0	intel	2400	4	0	0	\N	\N	3	Sin definir	2	false	15	2	3	\N	\N	\N
1326	2	19	MNSIACPORTAL_PROD	192.168.70.42	24	24	2018-04-04 18:26:10	2018-04-04 18:26:10	\N	PRODUCCION	2048	21504	0	intel	2400	2	0	0	\N	\N	1	Sin definir	2	false	22	2	3	\N	\N	\N
1327	2	19	MNSIACENC_PROD	192.168.70.43	24	24	2018-04-04 18:26:10	2018-04-04 18:26:10	\N	PRODUCCION	2048	21504	0	intel	2400	2	0	0	\N	\N	1	Sin definir	2	false	22	2	3	\N	\N	\N
1328	2	19	MNSIACAPPBACK_PROD	192.168.70.44	24	24	2018-04-04 18:26:10	2018-04-04 18:26:10	\N	PRODUCCION	16384	81920	0	intel	2400	8	0	0	\N	\N	1	Sin definir	2	false	22	2	3	\N	\N	\N
1329	2	19	MNSIACAPPBD_PROD	0	24	24	2018-04-04 18:26:10	2018-04-04 18:26:10	\N	PRODUCCION	16384	81920	0	intel	2400	8	0	0	\N	\N	1	Sin definir	2	false	22	3	3	\N	\N	\N
1330	2	19	MNSIACPORTAL_QA	192.168.10.60	24	24	2018-04-04 18:26:10	2018-04-04 18:26:10	\N	QA	2048	21504	0	intel	2400	2	0	0	\N	\N	3	Sin definir	2	false	22	2	3	\N	\N	\N
1331	2	19	MNSIACENC_QA	192.168.10.61 	24	24	2018-04-04 18:26:10	2018-04-04 18:26:10	\N	QA	2048	21504	0	intel	2400	2	0	0	\N	\N	3	Sin definir	2	false	22	2	3	\N	\N	\N
1332	2	19	MNSIACAPPBACK_QA	192.168.10.62 	24	24	2018-04-04 18:26:10	2018-04-04 18:26:10	\N	QA	16384	81920	0	intel	2400	8	0	0	\N	\N	3	Sin definir	2	false	22	2	3	\N	\N	\N
1333	2	19	MNSIACAPPBD_QA	172.20.8.28	24	24	2018-04-04 18:26:10	2018-04-04 18:26:10	\N	QA	16384	81920	0	intel	2400	8	0	0	\N	\N	3	Sin definir	2	false	22	3	3	\N	\N	\N
1334	2	17	MNCANASTAS_PROD	192.168.70.45	24	24	2018-04-04 18:26:10	2018-04-04 18:26:10	\N	PRODUCCION	4096	40960	0	intel	2400	2	0	0	\N	\N	1	Sin definir	2	false	15	2	1	\N	\N	\N
1335	2	17	MNCANASTAS_QA	192.168.10.63	24	24	2018-04-04 18:26:10	2018-04-04 18:26:10	\N	QA	4096	40960	0	intel	2400	2	0	0	\N	\N	3	Sin definir	2	false	15	2	1	\N	\N	\N
1336	2	17	MNJEMETER001_QA	172.20.8.33	24	24	2018-04-04 18:26:10	2018-04-04 18:26:10	\N	QA	4096	40960	0	intel	2400	4	0	0	\N	\N	3	Sin definir	2	false	18	3	1	\N	\N	\N
1337	2	17	MNJEMETER002_QA	172.20.8.34	24	24	2018-04-04 18:26:10	2018-04-04 18:26:10	\N	QA	4096	40960	0	intel	2400	4	0	0	\N	\N	3	Sin definir	2	false	18	3	1	\N	\N	\N
1338	2	17	MNCL1_MANAGEMENT_NODE_QA	172.20.8.35	24	24	2018-04-04 18:26:10	2018-04-04 18:26:10	\N	QA	4096	15360	0	intel	2400	2	0	0	\N	\N	3	Sin definir	2	false	15	3	2	\N	\N	\N
1339	2	17	MNCL1_MYSQL_NODE_1_QA	172.20.8.36	24	24	2018-04-04 18:26:10	2018-04-04 18:26:10	\N	QA	8192	15360	0	intel	2400	4	0	0	\N	\N	3	Sin definir	2	false	15	3	2	\N	\N	\N
1340	2	17	MNCL1_MYSQL_NODE_2_QA	172.20.8.37	24	24	2018-04-04 18:26:10	2018-04-04 18:26:10	\N	QA	8192	15360	0	intel	2400	4	0	0	\N	\N	3	Sin definir	2	false	15	3	2	\N	\N	\N
1341	2	17	MNCL1_DATA_NODE_1_QA	172.20.8.38	24	24	2018-04-04 18:26:10	2018-04-04 18:26:10	\N	QA	4096	25600	0	intel	2400	2	0	0	\N	\N	3	Sin definir	2	false	15	3	2	\N	\N	\N
1342	2	17	MNCL1_DATA_NODE_2_QA	172.20.8.39	24	24	2018-04-04 18:26:10	2018-04-04 18:26:10	\N	QA	4096	25600	0	intel	2400	2	0	0	\N	\N	3	Sin definir	2	false	15	3	2	\N	\N	\N
1343	2	17	MNWRDPRSS_QA	192.168.10.64	24	24	2018-04-04 18:26:10	2018-04-04 18:26:10	\N	QA	4096	15360	0	intel	2400	2	0	0	\N	\N	3	Sin definir	2	false	15	3	1	\N	\N	\N
1344	2	33	MNACTIVEMQQA_001_PM	172.20.8.41	24	24	2018-04-04 18:26:10	2018-04-04 18:26:10	\N	QA	8192	194560	0	intel	2400	6	0	0	\N	\N	5	Sin definir	2	false	14	3	1	\N	\N	\N
1345	2	33	MNACTIVEMQPROD_001_PM	172.20.6.22	24	24	2018-04-04 18:26:10	2018-04-04 18:26:10	\N	PRODUCCION	16384	194560	0	intel	2400	8	0	0	\N	\N	5	Sin definir	2	false	14	3	1	\N	\N	\N
1346	2	33	MNACTIVEMQPROD_002_PM	172.20.6.23	24	24	2018-04-04 18:26:10	2018-04-04 18:26:10	\N	PRODUCCION	16384	194560	0	intel	2400	8	0	0	\N	\N	5	Sin definir	2	false	14	3	1	\N	\N	\N
1347	2	46	MNBITABLEAUPROD_001	192.168.70.46	24	24	2018-04-04 18:26:10	2018-04-04 18:26:10	\N	PRODUCCION	65536	204800	0	intel	2400	8	0	0	\N	\N	1	Sin definir	2	true	29	2	1	\N	\N	\N
1348	2	17	MNALFRESCOSIRHDEV_001	192.168.60.17	24	24	2018-04-04 18:26:10	2018-04-04 18:26:10	\N	DEV	4096	40960	0	intel	2400	4	0	0	\N	\N	4	Sin definir	2	false	21	2	1	\N	\N	\N
1349	2	28	MNCOMPINAPP002_PROD	192.168.70.51	24	24	2018-04-04 18:26:10	2018-04-04 18:26:10	\N	PRODUCCION	16384	68608	0	intel	2400	4	0	0	\N	\N	1	Sin definir	2	false	15	2	1	\N	\N	\N
1350	2	33	MNRME001_QA	172.20.8.90	24	24	2018-04-04 18:26:10	2018-04-04 18:26:10	\N	QA	32768	204800	0	intel	2400	8	0	0	\N	\N	3	Sin definir	2	false	15	3	1	\N	\N	\N
1351	2	19	MNAPPPORPA001_PROD	192.168.70.52	24	24	2018-04-04 18:26:10	2018-04-04 18:26:10	\N	PRODUCCION	24576	61440	0	intel	2400	8	0	0	\N	\N	1	Sin definir	2	false	30	2	1	\N	\N	\N
1352	2	19	MNAPPPORPA002_PROD	192.168.70.53	24	24	2018-04-04 18:26:10	2018-04-04 18:26:10	\N	PRODUCCION	24576	61440	0	intel	2400	8	0	0	\N	\N	1	Sin definir	2	false	30	2	1	\N	\N	\N
1353	2	19	MNELASTICSEARCH001_PROD	192.168.70.54	24	24	2018-04-04 18:26:10	2018-04-04 18:26:10	\N	PRODUCCION	32768	102400	0	intel	2400	8	0	0	\N	\N	1	Sin definir	2	false	18	2	1	\N	\N	\N
1354	2	19	MNSTAGING001_PROD	192.168.70.55	24	24	2018-04-04 18:26:10	2018-04-04 18:26:10	\N	PRODUCCION	24576	215040	0	intel	2400	8	0	0	\N	\N	1	Sin definir	2	false	18	2	1	\N	\N	\N
1355	2	19	MNPORPA01_QA	192.168.10.17	24	24	2018-04-04 18:26:10	2018-04-04 18:26:10	\N	QA	24576	102400	0	intel	2400	8	0	0	\N	\N	3	Sin definir	2	false	18	2	1	\N	\N	\N
1356	2	17	MNCL1_MANAGEMENT_NODE_PROD	172.20.6.23	24	24	2018-04-04 18:26:10	2018-04-04 18:26:10	\N	PRODUCCION	4096	15360	0	intel	2400	2	0	0	\N	\N	1	Sin definir	2	false	15	3	2	\N	\N	\N
1357	2	17	MNCL1_MYSQL_NODE_1_PROD	172.20.6.24	24	24	2018-04-04 18:26:10	2018-04-04 18:26:10	\N	PRODUCCION	16384	15360	0	intel	2400	8	0	0	\N	\N	1	Sin definir	2	false	15	3	2	\N	\N	\N
1358	2	17	MNCL1_DATA_NODE_4_PROD	172.20.6.25	24	24	2018-04-04 18:26:10	2018-04-04 18:26:10	\N	PRODUCCION	16384	409600	0	intel	2400	8	0	0	\N	\N	1	Sin definir	2	false	15	3	2	\N	\N	\N
1359	2	17	MNCL1_MANAGEMENTPGQL_NODE_QA	172.20.8.42	24	24	2018-04-04 18:26:10	2018-04-04 18:26:10	\N	QA	4096	15360	0	intel	2400	2	0	0	\N	\N	3	Sin definir	2	false	15	3	2	\N	\N	\N
1360	2	17	MNCL1_PGQLPOOL_NODE_1_QA	172.20.8.43	24	24	2018-04-04 18:26:10	2018-04-04 18:26:10	\N	QA	4096	15360	0	intel	2400	2	0	0	\N	\N	3	Sin definir	2	false	15	3	2	\N	\N	\N
1361	2	17	MNCL1_PGQLPOOL_NODE_2_QA	172.20.8.44	24	24	2018-04-04 18:26:10	2018-04-04 18:26:10	\N	QA	4096	15360	0	intel	2400	2	0	0	\N	\N	3	Sin definir	2	false	15	3	2	\N	\N	\N
1362	2	17	MNCL1_PGQLDATA_NODE_1_QA	172.20.8.45	24	24	2018-04-04 18:26:10	2018-04-04 18:26:10	\N	QA	4096	15360	0	intel	2400	2	0	0	\N	\N	3	Sin definir	2	false	15	3	2	\N	\N	\N
1363	2	17	MNCL1_PGQLDATA_NODE_2_QA	172.20.8.46	24	24	2018-04-04 18:26:10	2018-04-04 18:26:10	\N	QA	4096	15360	0	intel	2400	2	0	0	\N	\N	3	Sin definir	2	false	15	3	2	\N	\N	\N
1364	2	17	MNCL1_PGQLPOOL_NODE_2_PROD	172.20.6.26	24	24	2018-04-04 18:26:10	2018-04-04 18:26:10	\N	PRODUCCION	16384	20480	0	intel	2400	8	0	0	\N	\N	1	Sin definir	2	false	15	3	2	\N	\N	\N
1365	2	17	MNCL1_PGQLDATA_NODE_2_PROD	172.20.6.27	24	24	2018-04-04 18:26:10	2018-04-04 18:26:10	\N	PRODUCCION	16384	102400	0	intel	2400	8	0	0	\N	\N	1	Sin definir	2	false	15	3	2	\N	\N	\N
1366	2	33	MNHL7001_QA	172.20.8.47	24	24	2018-04-04 18:26:10	2018-04-04 18:26:10	\N	QA	16384	153600	0	intel	2400	6	0	0	\N	\N	3	Sin definir	2	false	18	3	1	\N	\N	\N
1367	2	33	MNHL7001_PROD	172.20.6.28	24	24	2018-04-04 18:26:10	2018-04-04 18:26:10	\N	PRODUCCION	16384	256000	0	intel	2400	8	0	0	\N	\N	1	Sin definir	2	false	18	3	1	\N	\N	\N
1368	2	54	MNBDSINETSUR001_PROD	172.20.64.33	24	24	2018-04-04 18:26:10	2018-04-04 18:26:10	\N	PRODUCCION	65536	358400	0	intel	2400	8	0	0	\N	\N	1	Sin definir	2	false	19	3	2	\N	\N	\N
1369	2	46	MNSNIP001_PROD	192.168.70.60	24	24	2018-04-04 18:26:10	2018-04-04 18:26:10	\N	PRODUCCION	8192	51200	0	intel	2400	4	0	0	\N	\N	1	Sin definir	2	true	18	2	1	\N	\N	\N
1370	2	46	MNSISQSICARS_APP_QA	192.168.10.66	24	24	2018-04-04 18:26:10	2018-04-04 18:26:10	\N	QA	16384	204800	0	intel	2400	8	0	0	\N	\N	3	Sin definir	2	false	23	2	1	\N	\N	\N
1371	2	46	MNSISQSICARS_BD_QA	172.20.8.49	24	24	2018-04-04 18:26:10	2018-04-04 18:26:10	\N	QA	8192	122880	0	intel	2400	4	0	0	\N	\N	3	Sin definir	2	false	23	3	2	\N	\N	\N
1372	2	27	MNSEMANTIKOSAPP001_PROD	172.20.6.34	24	24	2018-04-04 18:26:10	2018-04-04 18:26:10	\N	PRODUCCION	8192	51200	0	intel	2400	4	0	0	\N	\N	1	Sin definir	2	false	17	3	1	\N	\N	\N
1373	2	27	MNSEMANTIKOSAPP002_PROD	172.20.6.35	24	24	2018-04-04 18:26:10	2018-04-04 18:26:10	\N	PRODUCCION	8192	51200	0	intel	2400	4	0	0	\N	\N	1	Sin definir	2	false	17	3	1	\N	\N	\N
1374	2	27	MNSEMANTIKOSWEB001_PROD	192.168.70.62	24	24	2018-04-04 18:26:10	2018-04-04 18:26:10	\N	PRODUCCION	4096	34816	0	intel	2400	2	0	0	\N	\N	1	Sin definir	2	false	17	2	1	\N	\N	\N
1375	2	27	MNSEMANTIKOSWEB002_PROD	192.168.70.63	24	24	2018-04-04 18:26:10	2018-04-04 18:26:10	\N	PRODUCCION	4096	34816	0	intel	2400	2	0	0	\N	\N	1	Sin definir	2	false	17	2	1	\N	\N	\N
1376	2	19	MNDCM4CHEEAPP_DEV	192.168.60.18	24	24	2018-04-04 18:26:10	2018-04-04 18:26:10	\N	QA	32768	102400	0	intel	2400	8	0	0	\N	\N	3	Sin definir	2	false	18	2	1	\N	\N	\N
1377	2	19	MNSIDOTAPP_PROD	192.168.70.64	24	24	2018-04-04 18:26:10	2018-04-04 18:26:10	\N	PRODUCCION	4096	40960	0	intel	2400	2	0	0	\N	\N	1	Sin definir	2	false	15	2	1	\N	\N	\N
1378	2	46	MNSISQ_SICARS_PROD	192.168.70.65	24	24	2018-04-04 18:26:10	2018-04-04 18:26:10	\N	PRODUCCION	34816	409600	0	intel	2400	16	0	0	\N	\N	1	Sin definir	2	true	23	2	1	\N	\N	\N
1379	2	32	MNVIRTV-WHORHEL_PROD	192.168.70.66	24	24	2018-04-04 18:26:10	2018-04-04 18:26:10	\N	PRODUCCION	8192	40960	0	intel	2400	4	0	0	\N	\N	1	Sin definir	2	false	16	2	1	\N	\N	\N
1380	2	46	MNFLABORATORIOAPP001_QA	192.168.10.67	24	24	2018-04-04 18:26:10	2018-04-04 18:26:10	\N	QA	8192	102400	0	intel	2400	2	0	0	\N	\N	3	Sin definir	2	false	18	2	1	\N	\N	\N
1381	2	46	MNFLABORATORIOBD001_QA	172.20.8.51	24	24	2018-04-04 18:26:10	2018-04-04 18:26:10	\N	QA	8192	102400	0	intel	2400	2	0	0	\N	\N	3	Sin definir	2	false	18	3	2	\N	\N	\N
1382	2	46	MNFLABORATORIOAPP001_DEV	192.168.60.19	24	24	2018-04-04 18:26:10	2018-04-04 18:26:10	\N	DEV	8192	102400	0	intel	2400	2	0	0	\N	\N	4	Sin definir	2	false	18	2	1	\N	\N	\N
1383	2	46	MNFLABORATORIOBD001_DEV	172.20.16.20	24	24	2018-04-04 18:26:10	2018-04-04 18:26:10	\N	DEV	8192	102400	0	intel	2400	2	0	0	\N	\N	4	Sin definir	2	false	18	3	2	\N	\N	\N
1384	2	17	MNGESDOCP_PROD	192.168.70.17	24	24	2018-04-04 18:26:10	2018-04-04 18:26:10	\N	PRODUCCION	8192	512000	0	intel	2400	4	0	0	\N	\N	1	Sin definir	2	false	23	2	1	\N	\N	\N
1385	2	17	MNGESDOCQA_QA	192.168.10.22	24	24	2018-04-04 18:26:10	2018-04-04 18:26:10	\N	QA	4096	204800	0	intel	2400	2	0	0	\N	\N	3	Sin definir	2	false	23	2	1	\N	\N	\N
1386	2	42	MNRISAPP001_QA	192.168.10.23	24	24	2018-04-04 18:26:10	2018-04-04 18:26:10	\N	QA	16384	307200	0	intel	2400	8	0	0	\N	\N	3	Sin definir	2	false	24	2	1	\N	\N	\N
1387	2	42	MNRISBD001_QA	172.20.8.52	24	24	2018-04-04 18:26:10	2018-04-04 18:26:10	\N	QA	16384	409600	0	intel	2400	8	0	0	\N	\N	3	Sin definir	2	false	24	3	2	\N	\N	\N
1388	2	20	MNCHCC001_QA	192.168.10.25	24	24	2018-04-04 18:26:10	2018-04-04 18:26:10	\N	QA	8192	40960	0	intel	2400	4	0	0	\N	\N	3	Sin definir	2	false	25	2	1	\N	\N	\N
1389	2	20	MNVIHDIGERA001_QA	192.168.10.26	24	24	2018-04-04 18:26:10	2018-04-04 18:26:10	\N	QA	2048	21504	0	intel	2400	2	0	0	\N	\N	3	Sin definir	2	false	18	2	1	\N	\N	\N
1390	2	19	MNPAID001_QA	192.168.10.31	24	24	2018-04-04 18:26:10	2018-04-04 18:26:10	\N	QA	8192	133120	0	intel	2400	2	0	0	\N	\N	3	Sin definir	2	false	26	2	1	\N	\N	\N
1391	2	23	MNCATIMG001_DEV	192.168.60.20	24	24	2018-04-04 18:26:10	2018-04-04 18:26:10	\N	DEV	16384	102400	0	intel	2400	4	0	0	\N	\N	4	Sin definir	2	false	27	2	1	\N	\N	\N
1392	2	28	MNCOMPINAPP_QA	192.168.10.27	24	24	2018-04-04 18:26:10	2018-04-04 18:26:10	\N	QA	16384	68608	0	intel	2400	4	0	0	\N	\N	3	Sin definir	2	false	15	2	1	\N	\N	\N
1393	2	41	MNPRAIS_APP_PROD	192.168.70.72	24	24	2018-04-04 18:26:10	2018-04-04 18:26:10	\N	PRODUCCION	8192	81920	0	intel	2400	2	0	0	\N	\N	1	Sin definir	2	true	15	2	1	\N	\N	\N
1394	2	17	MNSIGTESOAP001_PRE	172.20.8.53	24	24	2018-04-04 18:26:10	2018-04-04 18:26:10	\N	PRE-PRODUCCION	24576	28672	0	intel	2400	8	0	0	\N	\N	2	Sin definir	2	false	15	3	1	\N	\N	\N
1395	2	17	MNSIGTEWEB001_PRE	172.20.8.54	24	24	2018-04-04 18:26:10	2018-04-04 18:26:10	\N	PRE-PRODUCCION	49152	221184	0	intel	2400	16	0	0	\N	\N	2	Sin definir	2	false	15	3	1	\N	\N	\N
1396	2	33	MNMINSALAPP_QA	192.168.10.32	24	24	2018-04-04 18:26:10	2018-04-04 18:26:10	\N	PRODUCCION	8192	51200	0	intel	2400	2	0	0	\N	\N	3	Sin definir	2	false	15	2	1	\N	\N	\N
1397	2	33	MNLOG_PROD	172.20.6.32	24	24	2018-04-04 18:26:10	2018-04-04 18:26:10	\N	PRODUCCION	8192	204800	0	intel	2400	4	0	0	\N	\N	1	Sin definir	2	false	15	3	1	\N	\N	\N
1398	2	13	MNSIGEDAPP001_QA	192.168.10.68	24	24	2018-04-04 18:26:10	2018-04-04 18:26:10	\N	QA	8192	81920	0	intel	2400	4	0	0	\N	\N	1	Sin definir	2	false	15	2	1	\N	\N	\N
1399	2	46	MNSIRHFE_APP1_QA	192.168.10.70	24	24	2018-04-04 18:26:10	2018-04-04 18:26:10	\N	QA	16384	204800	0	intel	2400	4	0	0	\N	\N	3	Sin definir	2	false	21	2	1	\N	\N	\N
1400	2	46	MNSIRHFE_APP2_QA	192.168.10.71	24	24	2018-04-04 18:26:10	2018-04-04 18:26:10	\N	QA	16384	204800	0	intel	2400	4	0	0	\N	\N	3	Sin definir	2	false	21	2	1	\N	\N	\N
1401	2	46	MNSIRHBE_APP1_QA	172.20.8.40	24	24	2018-04-04 18:26:10	2018-04-04 18:26:10	\N	QA	16384	204800	0	intel	2400	4	0	0	\N	\N	3	Sin definir	2	false	21	3	1	\N	\N	\N
1402	2	46	MNSIRHBE_APP2_QA	172.20.8.41	24	24	2018-04-04 18:26:10	2018-04-04 18:26:10	\N	QA	16384	204800	0	intel	2400	4	0	0	\N	\N	3	Sin definir	2	false	21	3	1	\N	\N	\N
1403	2	46	MNAPPIVE001_QA	192.168.10.69	24	24	2018-04-04 18:26:10	2018-04-04 18:26:10	\N	QA	8192	40960	0	intel	2400	2	0	0	\N	\N	3	Sin definir	2	false	28	2	1	\N	\N	\N
1404	2	46	MNAPPIVE001_PROD	192.168.70.67	24	24	2018-04-04 18:26:10	2018-04-04 18:26:10	\N	PRODUCCION	5120	51200	0	intel	2400	4	0	0	\N	\N	1	Sin definir	2	false	28	2	1	\N	\N	\N
1405	2	33	MNMINSALAPP_PROD	192.168.20.13 	24	24	2018-04-04 18:26:10	2018-04-04 18:26:10	\N	PRODUCCION	8192	51200	0	intel	2400	2	0	0	\N	\N	1	Sin definir	2	false	15	2	1	\N	\N	\N
1406	2	18	MNSIGTECRON001_DEV	172.20.16.21	24	24	2018-04-04 18:26:10	2018-04-04 18:26:10	\N	DEV	4096	24576	0	intel	2400	4	0	0	\N	\N	4	Sin definir	2	false	15	3	1	\N	\N	\N
1407	2	46	MNSISQSICARS_PROD 	192.168.70.68	24	24	2018-04-04 18:26:10	2018-04-04 18:26:10	\N	PRODUCCION	32768	204800	0	intel	2400	16	0	0	\N	\N	1	Sin definir	2	false	23	2	1	\N	\N	\N
1408	2	19	MNDEMENCIA-APP_PROD	192.168.70.69	24	24	2018-04-04 18:26:10	2018-04-04 18:26:10	\N	PRODUCCION	8192	51200	0	intel	2400	4	0	0	\N	\N	1	Sin definir	2	false	31	2	1	\N	\N	\N
1409	2	46	MNSICARSAPP_PROD	192.168.70.68	24	24	2018-04-04 18:26:10	2018-04-04 18:26:10	\N	PRODUCCION	8192	71680	0	intel	2400	4	0	0	\N	\N	1	Sin definir	2	true	23	2	1	\N	\N	\N
1410	2	46	MNSISQAPP_PROD	192.168.70.70	24	24	2018-04-04 18:26:10	2018-04-04 18:26:10	\N	PRODUCCION	16384	153600	0	intel	2400	8	0	0	\N	\N	1	Sin definir	2	true	23	2	1	\N	\N	\N
1411	2	17	MNCL1_PGQLDATA_NODE_3_PROD	172.20.6.42	24	24	2018-04-04 18:26:10	2018-04-04 18:26:10	\N	PRODUCCION	16384	102400	0	intel	2400	8	0	0	\N	\N	1	Sin definir	2	false	15	3	2	\N	\N	\N
1412	2	20	MNIVE-ER001_QA	192.168.10.72	24	24	2018-04-04 18:26:10	2018-04-04 18:26:10	\N	QA	4096	15360	0	intel	2400	2	0	0	\N	\N	3	Sin definir	2	false	18	2	1	\N	\N	\N
1413	2	42	DNS-SRV-WIN	172.20.33.15	24	24	2018-04-04 18:26:10	2018-04-04 18:26:10	\N	PRODUCCION	0	0	0	intel	2400	0	0	0	\N	\N	1	Sin definir	2	true	15	5	1	\N	\N	\N
1414	2	23	MNALGOPRIORIZACION001_DEV	192.168.60.21	24	24	2018-04-04 18:26:10	2018-04-04 18:26:10	\N	DEV	24576	1083392	0	intel	2400	8	0	0	\N	\N	4	Sin definir	2	false	32	2	1	\N	\N	\N
1415	2	55	MNPORTALLIRAY_APP01_PROD	192.168.70.27	24	24	2018-04-04 18:26:10	2018-04-04 18:26:10	\N	PRODUCCION	8192	102400	0	intel	2400	2	0	0	\N	\N	1	Sin definir	2	false	33	2	1	\N	\N	\N
\.


--
-- TOC entry 3708 (class 0 OID 16674)
-- Dependencies: 267
-- Data for Name: servidores_accesos; Type: TABLE DATA; Schema: public; Owner: postgres
--

COPY public.servidores_accesos (id_servidor_acceso, id_aplicacion, id_servidor, usuario, clave, tipo_acceso, puerto, id_usuario_registra, id_usuario_modifica, created_at, updated_at, deleted_at) FROM stdin;
\.


--
-- TOC entry 3709 (class 0 OID 16681)
-- Dependencies: 268
-- Data for Name: servidores_estados; Type: TABLE DATA; Schema: public; Owner: postgres
--

COPY public.servidores_estados (id_servidor_estado, id_servidor, id_estado, id_usuario_registra, id_usuario_modifica, created_at, updated_at, deleted_at) FROM stdin;
511	1166	8	24	24	2018-04-04 18:26:10	2018-04-04 18:26:10	\N
512	1167	8	24	24	2018-04-04 18:26:10	2018-04-04 18:26:10	\N
513	1168	8	24	24	2018-04-04 18:26:10	2018-04-04 18:26:10	\N
514	1169	8	24	24	2018-04-04 18:26:10	2018-04-04 18:26:10	\N
515	1170	8	24	24	2018-04-04 18:26:10	2018-04-04 18:26:10	\N
516	1171	8	24	24	2018-04-04 18:26:10	2018-04-04 18:26:10	\N
517	1172	8	24	24	2018-04-04 18:26:10	2018-04-04 18:26:10	\N
518	1173	8	24	24	2018-04-04 18:26:10	2018-04-04 18:26:10	\N
519	1174	8	24	24	2018-04-04 18:26:10	2018-04-04 18:26:10	\N
520	1175	8	24	24	2018-04-04 18:26:10	2018-04-04 18:26:10	\N
521	1176	8	24	24	2018-04-04 18:26:10	2018-04-04 18:26:10	\N
522	1177	8	24	24	2018-04-04 18:26:10	2018-04-04 18:26:10	\N
523	1178	8	24	24	2018-04-04 18:26:10	2018-04-04 18:26:10	\N
524	1179	8	24	24	2018-04-04 18:26:10	2018-04-04 18:26:10	\N
525	1180	8	24	24	2018-04-04 18:26:10	2018-04-04 18:26:10	\N
526	1181	8	24	24	2018-04-04 18:26:10	2018-04-04 18:26:10	\N
527	1182	2	24	24	2018-04-04 18:26:10	2018-04-04 18:26:10	\N
528	1183	2	24	24	2018-04-04 18:26:10	2018-04-04 18:26:10	\N
529	1184	2	24	24	2018-04-04 18:26:10	2018-04-04 18:26:10	\N
530	1185	2	24	24	2018-04-04 18:26:10	2018-04-04 18:26:10	\N
531	1186	2	24	24	2018-04-04 18:26:10	2018-04-04 18:26:10	\N
532	1187	2	24	24	2018-04-04 18:26:10	2018-04-04 18:26:10	\N
533	1188	2	24	24	2018-04-04 18:26:10	2018-04-04 18:26:10	\N
534	1189	2	24	24	2018-04-04 18:26:10	2018-04-04 18:26:10	\N
535	1190	2	24	24	2018-04-04 18:26:10	2018-04-04 18:26:10	\N
536	1191	2	24	24	2018-04-04 18:26:10	2018-04-04 18:26:10	\N
537	1192	8	24	24	2018-04-04 18:26:10	2018-04-04 18:26:10	\N
538	1193	8	24	24	2018-04-04 18:26:10	2018-04-04 18:26:10	\N
539	1194	2	24	24	2018-04-04 18:26:10	2018-04-04 18:26:10	\N
540	1195	8	24	24	2018-04-04 18:26:10	2018-04-04 18:26:10	\N
541	1196	8	24	24	2018-04-04 18:26:10	2018-04-04 18:26:10	\N
542	1197	8	24	24	2018-04-04 18:26:10	2018-04-04 18:26:10	\N
543	1198	8	24	24	2018-04-04 18:26:10	2018-04-04 18:26:10	\N
544	1199	8	24	24	2018-04-04 18:26:10	2018-04-04 18:26:10	\N
545	1200	8	24	24	2018-04-04 18:26:10	2018-04-04 18:26:10	\N
546	1201	2	24	24	2018-04-04 18:26:10	2018-04-04 18:26:10	\N
547	1202	2	24	24	2018-04-04 18:26:10	2018-04-04 18:26:10	\N
548	1203	8	24	24	2018-04-04 18:26:10	2018-04-04 18:26:10	\N
549	1204	8	24	24	2018-04-04 18:26:10	2018-04-04 18:26:10	\N
550	1205	8	24	24	2018-04-04 18:26:10	2018-04-04 18:26:10	\N
551	1206	8	24	24	2018-04-04 18:26:10	2018-04-04 18:26:10	\N
552	1207	8	24	24	2018-04-04 18:26:10	2018-04-04 18:26:10	\N
553	1208	2	24	24	2018-04-04 18:26:10	2018-04-04 18:26:10	\N
554	1209	2	24	24	2018-04-04 18:26:10	2018-04-04 18:26:10	\N
555	1210	2	24	24	2018-04-04 18:26:10	2018-04-04 18:26:10	\N
556	1211	8	24	24	2018-04-04 18:26:10	2018-04-04 18:26:10	\N
557	1212	2	24	24	2018-04-04 18:26:10	2018-04-04 18:26:10	\N
558	1213	2	24	24	2018-04-04 18:26:10	2018-04-04 18:26:10	\N
559	1214	2	24	24	2018-04-04 18:26:10	2018-04-04 18:26:10	\N
560	1215	2	24	24	2018-04-04 18:26:10	2018-04-04 18:26:10	\N
561	1216	2	24	24	2018-04-04 18:26:10	2018-04-04 18:26:10	\N
562	1217	2	24	24	2018-04-04 18:26:10	2018-04-04 18:26:10	\N
563	1218	2	24	24	2018-04-04 18:26:10	2018-04-04 18:26:10	\N
564	1219	2	24	24	2018-04-04 18:26:10	2018-04-04 18:26:10	\N
565	1220	8	24	24	2018-04-04 18:26:10	2018-04-04 18:26:10	\N
566	1221	8	24	24	2018-04-04 18:26:10	2018-04-04 18:26:10	\N
567	1222	8	24	24	2018-04-04 18:26:10	2018-04-04 18:26:10	\N
568	1223	8	24	24	2018-04-04 18:26:10	2018-04-04 18:26:10	\N
569	1224	2	24	24	2018-04-04 18:26:10	2018-04-04 18:26:10	\N
570	1225	8	24	24	2018-04-04 18:26:10	2018-04-04 18:26:10	\N
571	1226	8	24	24	2018-04-04 18:26:10	2018-04-04 18:26:10	\N
572	1227	8	24	24	2018-04-04 18:26:10	2018-04-04 18:26:10	\N
573	1228	2	24	24	2018-04-04 18:26:10	2018-04-04 18:26:10	\N
574	1229	2	24	24	2018-04-04 18:26:10	2018-04-04 18:26:10	\N
575	1230	2	24	24	2018-04-04 18:26:10	2018-04-04 18:26:10	\N
576	1231	2	24	24	2018-04-04 18:26:10	2018-04-04 18:26:10	\N
577	1232	2	24	24	2018-04-04 18:26:10	2018-04-04 18:26:10	\N
578	1233	2	24	24	2018-04-04 18:26:10	2018-04-04 18:26:10	\N
579	1234	2	24	24	2018-04-04 18:26:10	2018-04-04 18:26:10	\N
580	1235	2	24	24	2018-04-04 18:26:10	2018-04-04 18:26:10	\N
581	1236	2	24	24	2018-04-04 18:26:10	2018-04-04 18:26:10	\N
582	1237	2	24	24	2018-04-04 18:26:10	2018-04-04 18:26:10	\N
583	1238	2	24	24	2018-04-04 18:26:10	2018-04-04 18:26:10	\N
584	1239	2	24	24	2018-04-04 18:26:10	2018-04-04 18:26:10	\N
585	1240	2	24	24	2018-04-04 18:26:10	2018-04-04 18:26:10	\N
586	1241	2	24	24	2018-04-04 18:26:10	2018-04-04 18:26:10	\N
587	1242	2	24	24	2018-04-04 18:26:10	2018-04-04 18:26:10	\N
588	1243	2	24	24	2018-04-04 18:26:10	2018-04-04 18:26:10	\N
589	1244	2	24	24	2018-04-04 18:26:10	2018-04-04 18:26:10	\N
590	1245	7	24	24	2018-04-04 18:26:10	2018-04-04 18:26:10	\N
591	1246	2	24	24	2018-04-04 18:26:10	2018-04-04 18:26:10	\N
592	1247	8	24	24	2018-04-04 18:26:10	2018-04-04 18:26:10	\N
593	1248	8	24	24	2018-04-04 18:26:10	2018-04-04 18:26:10	\N
594	1249	8	24	24	2018-04-04 18:26:10	2018-04-04 18:26:10	\N
595	1250	8	24	24	2018-04-04 18:26:10	2018-04-04 18:26:10	\N
596	1251	2	24	24	2018-04-04 18:26:10	2018-04-04 18:26:10	\N
597	1252	8	24	24	2018-04-04 18:26:10	2018-04-04 18:26:10	\N
598	1253	2	24	24	2018-04-04 18:26:10	2018-04-04 18:26:10	\N
599	1254	2	24	24	2018-04-04 18:26:10	2018-04-04 18:26:10	\N
600	1255	2	24	24	2018-04-04 18:26:10	2018-04-04 18:26:10	\N
601	1256	8	24	24	2018-04-04 18:26:10	2018-04-04 18:26:10	\N
602	1257	8	24	24	2018-04-04 18:26:10	2018-04-04 18:26:10	\N
603	1258	2	24	24	2018-04-04 18:26:10	2018-04-04 18:26:10	\N
604	1259	8	24	24	2018-04-04 18:26:10	2018-04-04 18:26:10	\N
605	1260	8	24	24	2018-04-04 18:26:10	2018-04-04 18:26:10	\N
606	1261	2	24	24	2018-04-04 18:26:10	2018-04-04 18:26:10	\N
607	1262	2	24	24	2018-04-04 18:26:10	2018-04-04 18:26:10	\N
608	1263	2	24	24	2018-04-04 18:26:10	2018-04-04 18:26:10	\N
609	1264	2	24	24	2018-04-04 18:26:10	2018-04-04 18:26:10	\N
610	1265	2	24	24	2018-04-04 18:26:10	2018-04-04 18:26:10	\N
611	1266	2	24	24	2018-04-04 18:26:10	2018-04-04 18:26:10	\N
612	1267	2	24	24	2018-04-04 18:26:10	2018-04-04 18:26:10	\N
613	1268	2	24	24	2018-04-04 18:26:10	2018-04-04 18:26:10	\N
614	1269	2	24	24	2018-04-04 18:26:10	2018-04-04 18:26:10	\N
615	1270	2	24	24	2018-04-04 18:26:10	2018-04-04 18:26:10	\N
616	1271	2	24	24	2018-04-04 18:26:10	2018-04-04 18:26:10	\N
617	1272	2	24	24	2018-04-04 18:26:10	2018-04-04 18:26:10	\N
618	1273	2	24	24	2018-04-04 18:26:10	2018-04-04 18:26:10	\N
619	1274	2	24	24	2018-04-04 18:26:10	2018-04-04 18:26:10	\N
620	1275	2	24	24	2018-04-04 18:26:10	2018-04-04 18:26:10	\N
621	1276	2	24	24	2018-04-04 18:26:10	2018-04-04 18:26:10	\N
622	1277	2	24	24	2018-04-04 18:26:10	2018-04-04 18:26:10	\N
623	1278	2	24	24	2018-04-04 18:26:10	2018-04-04 18:26:10	\N
624	1279	2	24	24	2018-04-04 18:26:10	2018-04-04 18:26:10	\N
625	1280	2	24	24	2018-04-04 18:26:10	2018-04-04 18:26:10	\N
626	1281	2	24	24	2018-04-04 18:26:10	2018-04-04 18:26:10	\N
627	1282	2	24	24	2018-04-04 18:26:10	2018-04-04 18:26:10	\N
628	1283	2	24	24	2018-04-04 18:26:10	2018-04-04 18:26:10	\N
629	1284	2	24	24	2018-04-04 18:26:10	2018-04-04 18:26:10	\N
630	1285	2	24	24	2018-04-04 18:26:10	2018-04-04 18:26:10	\N
631	1286	2	24	24	2018-04-04 18:26:10	2018-04-04 18:26:10	\N
632	1287	2	24	24	2018-04-04 18:26:10	2018-04-04 18:26:10	\N
633	1288	2	24	24	2018-04-04 18:26:10	2018-04-04 18:26:10	\N
634	1289	2	24	24	2018-04-04 18:26:10	2018-04-04 18:26:10	\N
635	1290	2	24	24	2018-04-04 18:26:10	2018-04-04 18:26:10	\N
636	1291	2	24	24	2018-04-04 18:26:10	2018-04-04 18:26:10	\N
637	1292	2	24	24	2018-04-04 18:26:10	2018-04-04 18:26:10	\N
638	1293	2	24	24	2018-04-04 18:26:10	2018-04-04 18:26:10	\N
639	1294	2	24	24	2018-04-04 18:26:10	2018-04-04 18:26:10	\N
640	1295	2	24	24	2018-04-04 18:26:10	2018-04-04 18:26:10	\N
641	1296	2	24	24	2018-04-04 18:26:10	2018-04-04 18:26:10	\N
642	1297	2	24	24	2018-04-04 18:26:10	2018-04-04 18:26:10	\N
643	1298	2	24	24	2018-04-04 18:26:10	2018-04-04 18:26:10	\N
644	1299	2	24	24	2018-04-04 18:26:10	2018-04-04 18:26:10	\N
645	1300	2	24	24	2018-04-04 18:26:10	2018-04-04 18:26:10	\N
646	1301	2	24	24	2018-04-04 18:26:10	2018-04-04 18:26:10	\N
647	1302	2	24	24	2018-04-04 18:26:10	2018-04-04 18:26:10	\N
648	1303	2	24	24	2018-04-04 18:26:10	2018-04-04 18:26:10	\N
649	1304	2	24	24	2018-04-04 18:26:10	2018-04-04 18:26:10	\N
650	1305	2	24	24	2018-04-04 18:26:10	2018-04-04 18:26:10	\N
651	1306	2	24	24	2018-04-04 18:26:10	2018-04-04 18:26:10	\N
652	1307	2	24	24	2018-04-04 18:26:10	2018-04-04 18:26:10	\N
653	1308	2	24	24	2018-04-04 18:26:10	2018-04-04 18:26:10	\N
654	1309	2	24	24	2018-04-04 18:26:10	2018-04-04 18:26:10	\N
655	1310	2	24	24	2018-04-04 18:26:10	2018-04-04 18:26:10	\N
656	1311	2	24	24	2018-04-04 18:26:10	2018-04-04 18:26:10	\N
657	1312	2	24	24	2018-04-04 18:26:10	2018-04-04 18:26:10	\N
658	1313	2	24	24	2018-04-04 18:26:10	2018-04-04 18:26:10	\N
659	1314	2	24	24	2018-04-04 18:26:10	2018-04-04 18:26:10	\N
660	1315	2	24	24	2018-04-04 18:26:10	2018-04-04 18:26:10	\N
661	1316	2	24	24	2018-04-04 18:26:10	2018-04-04 18:26:10	\N
662	1317	2	24	24	2018-04-04 18:26:10	2018-04-04 18:26:10	\N
663	1318	2	24	24	2018-04-04 18:26:10	2018-04-04 18:26:10	\N
664	1319	2	24	24	2018-04-04 18:26:10	2018-04-04 18:26:10	\N
665	1320	2	24	24	2018-04-04 18:26:10	2018-04-04 18:26:10	\N
666	1321	2	24	24	2018-04-04 18:26:10	2018-04-04 18:26:10	\N
667	1322	6	24	24	2018-04-04 18:26:10	2018-04-04 18:26:10	\N
668	1323	6	24	24	2018-04-04 18:26:10	2018-04-04 18:26:10	\N
669	1324	2	24	24	2018-04-04 18:26:10	2018-04-04 18:26:10	\N
670	1325	2	24	24	2018-04-04 18:26:10	2018-04-04 18:26:10	\N
671	1326	2	24	24	2018-04-04 18:26:10	2018-04-04 18:26:10	\N
672	1327	2	24	24	2018-04-04 18:26:10	2018-04-04 18:26:10	\N
673	1328	2	24	24	2018-04-04 18:26:10	2018-04-04 18:26:10	\N
674	1329	2	24	24	2018-04-04 18:26:10	2018-04-04 18:26:10	\N
675	1330	2	24	24	2018-04-04 18:26:10	2018-04-04 18:26:10	\N
676	1331	2	24	24	2018-04-04 18:26:10	2018-04-04 18:26:10	\N
677	1332	2	24	24	2018-04-04 18:26:10	2018-04-04 18:26:10	\N
678	1333	2	24	24	2018-04-04 18:26:10	2018-04-04 18:26:10	\N
679	1334	2	24	24	2018-04-04 18:26:10	2018-04-04 18:26:10	\N
680	1335	2	24	24	2018-04-04 18:26:10	2018-04-04 18:26:10	\N
681	1336	2	24	24	2018-04-04 18:26:10	2018-04-04 18:26:10	\N
682	1337	2	24	24	2018-04-04 18:26:10	2018-04-04 18:26:10	\N
683	1338	2	24	24	2018-04-04 18:26:10	2018-04-04 18:26:10	\N
684	1339	2	24	24	2018-04-04 18:26:10	2018-04-04 18:26:10	\N
685	1340	2	24	24	2018-04-04 18:26:10	2018-04-04 18:26:10	\N
686	1341	2	24	24	2018-04-04 18:26:10	2018-04-04 18:26:10	\N
687	1342	2	24	24	2018-04-04 18:26:10	2018-04-04 18:26:10	\N
688	1343	2	24	24	2018-04-04 18:26:10	2018-04-04 18:26:10	\N
689	1344	8	24	24	2018-04-04 18:26:10	2018-04-04 18:26:10	\N
690	1345	8	24	24	2018-04-04 18:26:10	2018-04-04 18:26:10	\N
691	1346	8	24	24	2018-04-04 18:26:10	2018-04-04 18:26:10	\N
692	1347	2	24	24	2018-04-04 18:26:10	2018-04-04 18:26:10	\N
693	1348	2	24	24	2018-04-04 18:26:10	2018-04-04 18:26:10	\N
694	1349	2	24	24	2018-04-04 18:26:10	2018-04-04 18:26:10	\N
695	1350	2	24	24	2018-04-04 18:26:10	2018-04-04 18:26:10	\N
696	1351	2	24	24	2018-04-04 18:26:10	2018-04-04 18:26:10	\N
697	1352	2	24	24	2018-04-04 18:26:10	2018-04-04 18:26:10	\N
698	1353	2	24	24	2018-04-04 18:26:10	2018-04-04 18:26:10	\N
699	1354	2	24	24	2018-04-04 18:26:10	2018-04-04 18:26:10	\N
700	1355	2	24	24	2018-04-04 18:26:10	2018-04-04 18:26:10	\N
701	1356	2	24	24	2018-04-04 18:26:10	2018-04-04 18:26:10	\N
702	1357	2	24	24	2018-04-04 18:26:10	2018-04-04 18:26:10	\N
703	1358	2	24	24	2018-04-04 18:26:10	2018-04-04 18:26:10	\N
704	1359	2	24	24	2018-04-04 18:26:10	2018-04-04 18:26:10	\N
705	1360	2	24	24	2018-04-04 18:26:10	2018-04-04 18:26:10	\N
706	1361	2	24	24	2018-04-04 18:26:10	2018-04-04 18:26:10	\N
707	1362	2	24	24	2018-04-04 18:26:10	2018-04-04 18:26:10	\N
708	1363	2	24	24	2018-04-04 18:26:10	2018-04-04 18:26:10	\N
709	1364	2	24	24	2018-04-04 18:26:10	2018-04-04 18:26:10	\N
710	1365	2	24	24	2018-04-04 18:26:10	2018-04-04 18:26:10	\N
711	1366	2	24	24	2018-04-04 18:26:10	2018-04-04 18:26:10	\N
712	1367	2	24	24	2018-04-04 18:26:10	2018-04-04 18:26:10	\N
713	1368	2	24	24	2018-04-04 18:26:10	2018-04-04 18:26:10	\N
714	1369	2	24	24	2018-04-04 18:26:10	2018-04-04 18:26:10	\N
715	1370	2	24	24	2018-04-04 18:26:10	2018-04-04 18:26:10	\N
716	1371	2	24	24	2018-04-04 18:26:10	2018-04-04 18:26:10	\N
717	1372	2	24	24	2018-04-04 18:26:10	2018-04-04 18:26:10	\N
718	1373	2	24	24	2018-04-04 18:26:10	2018-04-04 18:26:10	\N
719	1374	2	24	24	2018-04-04 18:26:10	2018-04-04 18:26:10	\N
720	1375	2	24	24	2018-04-04 18:26:10	2018-04-04 18:26:10	\N
721	1376	2	24	24	2018-04-04 18:26:10	2018-04-04 18:26:10	\N
722	1377	2	24	24	2018-04-04 18:26:10	2018-04-04 18:26:10	\N
723	1378	2	24	24	2018-04-04 18:26:10	2018-04-04 18:26:10	\N
724	1379	2	24	24	2018-04-04 18:26:10	2018-04-04 18:26:10	\N
725	1380	2	24	24	2018-04-04 18:26:10	2018-04-04 18:26:10	\N
726	1381	2	24	24	2018-04-04 18:26:10	2018-04-04 18:26:10	\N
727	1382	2	24	24	2018-04-04 18:26:10	2018-04-04 18:26:10	\N
728	1383	2	24	24	2018-04-04 18:26:10	2018-04-04 18:26:10	\N
729	1384	2	24	24	2018-04-04 18:26:10	2018-04-04 18:26:10	\N
730	1385	2	24	24	2018-04-04 18:26:10	2018-04-04 18:26:10	\N
731	1386	2	24	24	2018-04-04 18:26:10	2018-04-04 18:26:10	\N
732	1387	2	24	24	2018-04-04 18:26:10	2018-04-04 18:26:10	\N
733	1388	2	24	24	2018-04-04 18:26:10	2018-04-04 18:26:10	\N
734	1389	2	24	24	2018-04-04 18:26:10	2018-04-04 18:26:10	\N
735	1390	2	24	24	2018-04-04 18:26:10	2018-04-04 18:26:10	\N
736	1391	2	24	24	2018-04-04 18:26:10	2018-04-04 18:26:10	\N
737	1392	2	24	24	2018-04-04 18:26:10	2018-04-04 18:26:10	\N
738	1393	2	24	24	2018-04-04 18:26:10	2018-04-04 18:26:10	\N
739	1394	2	24	24	2018-04-04 18:26:10	2018-04-04 18:26:10	\N
740	1395	2	24	24	2018-04-04 18:26:10	2018-04-04 18:26:10	\N
741	1396	2	24	24	2018-04-04 18:26:10	2018-04-04 18:26:10	\N
742	1397	2	24	24	2018-04-04 18:26:10	2018-04-04 18:26:10	\N
743	1398	2	24	24	2018-04-04 18:26:10	2018-04-04 18:26:10	\N
744	1399	2	24	24	2018-04-04 18:26:10	2018-04-04 18:26:10	\N
745	1400	2	24	24	2018-04-04 18:26:10	2018-04-04 18:26:10	\N
746	1401	2	24	24	2018-04-04 18:26:10	2018-04-04 18:26:10	\N
747	1402	2	24	24	2018-04-04 18:26:10	2018-04-04 18:26:10	\N
748	1403	8	24	24	2018-04-04 18:26:10	2018-04-04 18:26:10	\N
749	1404	8	24	24	2018-04-04 18:26:10	2018-04-04 18:26:10	\N
750	1405	2	24	24	2018-04-04 18:26:10	2018-04-04 18:26:10	\N
751	1406	2	24	24	2018-04-04 18:26:10	2018-04-04 18:26:10	\N
752	1407	8	24	24	2018-04-04 18:26:10	2018-04-04 18:26:10	\N
753	1408	2	24	24	2018-04-04 18:26:10	2018-04-04 18:26:10	\N
754	1409	2	24	24	2018-04-04 18:26:10	2018-04-04 18:26:10	\N
755	1410	2	24	24	2018-04-04 18:26:10	2018-04-04 18:26:10	\N
756	1411	2	24	24	2018-04-04 18:26:10	2018-04-04 18:26:10	\N
757	1412	2	24	24	2018-04-04 18:26:10	2018-04-04 18:26:10	\N
758	1413	2	24	24	2018-04-04 18:26:10	2018-04-04 18:26:10	\N
759	1414	2	24	24	2018-04-04 18:26:10	2018-04-04 18:26:10	\N
760	1415	2	24	24	2018-04-04 18:26:10	2018-04-04 18:26:10	\N
\.


--
-- TOC entry 3710 (class 0 OID 16685)
-- Dependencies: 269
-- Data for Name: servidores_historico_cambios; Type: TABLE DATA; Schema: public; Owner: postgres
--

COPY public.servidores_historico_cambios (id_servidor_historico, id_servidor, id_datacentro, id_sistema_operativo, nom_servidor, ip_servidor, id_usuario_registra, id_usuario_modifica, created_at, updated_at, deleted_at, det_servidor, ram, memoria_dd, swap, procesador, frec_procesador, nucleos, usuarios_pactados, mac, nodo, interface, id_ambiente, modelo_procesador, id_cluster, agente_instana_instalado) FROM stdin;
\.


--
-- TOC entry 3712 (class 0 OID 16694)
-- Dependencies: 271
-- Data for Name: servidores_lvms; Type: TABLE DATA; Schema: public; Owner: postgres
--

COPY public.servidores_lvms (id_servidor_lvm, lvm_raiz, lvm_usr, lvm_tmp, lvm_var, lvm_home, id_usuario_registra, id_usuario_modifica, created_at, updated_at, deleted_at, id_servidor, lvm_opt, lvm_instaladores, lvm_boot, lvm_swap, lvm_u01) FROM stdin;
\.


--
-- TOC entry 3714 (class 0 OID 16700)
-- Dependencies: 273
-- Data for Name: sistemas_operativos; Type: TABLE DATA; Schema: public; Owner: postgres
--

COPY public.sistemas_operativos (id_sistema_operativo, arquitectura, nom_sistema_operativo, det_sistema_operativo, vers_sistema_operativo, lic_sistema_operativo, det_licencia_sistema_operativo, id_usuario_registra, id_usuario_modifica, created_at, updated_at, deleted_at, id_idioma, id_tipo_sistema_operativo) FROM stdin;
30	x64	RHEL	RHEL	7.0	si	0	4	4	2018-03-22 19:19:48	2018-03-26 19:23:09	\N	2	2
31	x64	RHEL	RHEL	7.1	si	0	4	4	2018-03-22 19:20:06	2018-03-26 19:23:23	\N	2	2
32	x64	RHEL	RHEL	7.2	si	0	4	4	2018-03-22 19:20:15	2018-03-26 19:23:32	\N	2	2
5	x64	dfasfd	sfafasd	fsf	no	sdaf	4	4	2018-03-06 06:46:36	2018-03-06 06:46:40	2018-03-06 06:46:40	\N	\N
33	x64	RHEL	RHEL	7.3	si	0	4	4	2018-03-22 19:20:29	2018-03-26 19:23:50	\N	2	2
10	x32	wqrq	rqwrq	qwrqwr	no	qwrqw	4	4	2018-03-20 20:11:08	2018-03-20 20:11:13	2018-03-20 20:11:13	\N	\N
9	x64	tst	ste	set	no	set	4	4	2018-03-20 20:10:55	2018-03-20 20:11:19	2018-03-20 20:11:19	\N	\N
8	x64	test	test	0	0	0	4	4	2018-03-20 20:09:54	2018-03-20 20:11:33	2018-03-20 20:11:33	\N	\N
7	x64	test	test	0	0	0	4	4	2018-03-20 20:08:30	2018-03-20 20:11:39	2018-03-20 20:11:39	\N	\N
2	x64	nan	nan	nan	no	nan	4	4	2018-03-06 04:21:30	2018-03-20 20:11:44	2018-03-20 20:11:44	\N	\N
4	x86	Linux	Centos	7.4	no	GNU	4	4	2018-03-06 04:33:08	2018-03-22 18:34:12	2018-03-22 18:34:12	\N	\N
1	x64	nombre	nombre	null	no	no tiene licencia	4	4	2018-03-06 03:51:20	2018-03-22 18:34:17	2018-03-22 18:34:17	\N	\N
3	x86	Windows	Windows 10 Profesional	10	si	null	4	4	2018-03-06 04:30:40	2018-03-22 18:34:21	2018-03-22 18:34:21	\N	\N
6	x86	Centos	Centos linux	7.4	si	saddsdas asdas asdasd as as	4	4	2018-03-09 04:34:23	2018-03-22 18:34:26	2018-03-22 18:34:26	\N	\N
11	x64	dfs	sdf	0	0	0	4	4	2018-03-21 19:05:28	2018-03-22 18:34:30	2018-03-22 18:34:30	\N	\N
12	x32	fasdf	asdf	0	0	0	4	4	2018-03-21 19:06:02	2018-03-22 18:34:35	2018-03-22 18:34:35	\N	\N
34	x64	RHEL	RHEL	7.4	si	0	4	4	2018-03-22 19:20:39	2018-03-26 19:23:57	\N	2	2
13	x64	Centos	Centos	6.4	si	Opensource	4	4	2018-03-22 19:13:41	2018-03-26 19:21:08	\N	2	2
14	x64	Centos	Centos	6.5	si	Opensource	4	4	2018-03-22 19:14:03	2018-03-26 19:21:29	\N	2	2
15	x64	Centos	Centos	6.6	si	Opensource	4	4	2018-03-22 19:14:21	2018-03-26 19:21:35	\N	2	2
17	x64	Centos	Centos	6.8	si	Opensource	4	4	2018-03-22 19:14:58	2018-03-26 19:21:39	\N	2	2
18	x64	Centos	Centos	6.9	si	Opensource	4	4	2018-03-22 19:15:18	2018-03-26 19:21:42	\N	2	2
19	x64	Centos	Centos	7.0	si	Opensource	4	4	2018-03-22 19:15:33	2018-03-26 19:21:46	\N	2	2
20	x64	Centos	Centos	7.1	si	Opensource	4	4	2018-03-22 19:15:52	2018-03-26 19:21:50	\N	2	2
21	x64	Centos	Centos	7.2	si	Opensource	4	4	2018-03-22 19:16:06	2018-03-26 19:21:54	\N	2	2
22	x64	Centos	Centos	7.3	si	Opensource	4	4	2018-03-22 19:16:22	2018-03-26 19:21:59	\N	2	2
23	x64	Centos	Centos	7.4	si	Opesource	4	4	2018-03-22 19:16:39	2018-03-26 19:22:03	\N	2	2
16	x64	Centos	Centos	6.7	si	Opensource	4	4	2018-03-22 19:14:34	2018-03-26 19:22:11	\N	2	2
24	x64	RHEL	RHEL	6.4	si	0	4	4	2018-03-22 19:18:31	2018-03-26 19:22:15	\N	2	2
25	x64	RHEL	RHEL	6.5	si	0	4	4	2018-03-22 19:18:43	2018-03-26 19:22:20	\N	2	2
26	x64	RHEL	RHEL	6.6	si	0	4	4	2018-03-22 19:18:58	2018-03-26 19:22:23	\N	2	2
27	x64	RHEL	RHEL	6.7	si	0	4	4	2018-03-22 19:19:09	2018-03-26 19:22:27	\N	2	2
37	x86	Windows	Windows	10	si	0	4	4	2018-03-22 19:22:34	2018-03-26 19:24:26	\N	2	3
35	x64	Windows	Windows	7	si	0	4	4	2018-03-22 19:21:39	2018-03-26 19:24:31	\N	2	3
36	x64	Windows	Windows	8	si	0	4	4	2018-03-22 19:21:53	2018-03-26 19:24:35	\N	2	3
38	x64	Windows Server	Windows Server	2000	si	0	4	4	2018-03-22 19:24:32	2018-03-26 19:24:38	\N	2	3
39	x64	Windows Server	Windows Server	2003	si	0	4	4	2018-03-22 19:24:48	2018-03-26 19:24:42	\N	2	3
44	x64	Prueba	Prueba macos	10.1	si	Personal	4	4	2018-03-26 19:28:55	2018-03-26 19:29:09	2018-03-26 19:29:09	2	1
47	x64	Centos	Centos	5.11	si	opensource	4	4	2018-03-29 07:05:50	2018-03-29 07:05:50	\N	2	2
48	x64	Windows	Windows version estandar, sin informacion de la version	0	si	0	4	4	2018-04-04 14:57:54	2018-04-04 14:57:54	\N	2	3
49	x64	RHEL	RHEL sin informacion de la version del sistema operativo	0	si	0	4	4	2018-04-04 14:58:32	2018-04-04 14:58:32	\N	2	2
50	x64	Centos	Centos sin informacion de la version del sistema operativo	0	no	0	4	4	2018-04-04 14:58:54	2018-04-04 14:58:54	\N	2	2
51	x64	Windows Server	Windows version estandar, sin informacion de la version	0	si	0	4	4	2018-04-04 15:01:59	2018-04-04 15:01:59	\N	2	3
52	x64	Windows OVF	Windows OVF	OVF	si	0	4	4	2018-04-04 15:03:54	2018-04-04 15:03:54	\N	2	3
53	x64	APP	APP	7.3	no	0	4	4	2018-04-04 15:05:18	2018-04-04 15:05:18	\N	2	2
28	x64	RHEL	RHEL	6.8	si	0	4	1	2018-03-22 19:19:23	2018-04-16 20:04:14	\N	2	2
29	x64	RHEL	RHEL	6.9	si	0	4	1	2018-03-22 19:19:38	2018-04-19 19:30:22	\N	2	2
55	x64	Linux	Linux	0	no	0	1	1	2018-04-20 14:26:01	2018-04-20 14:26:01	\N	2	2
56	x64	Centos	Centos 6.0	6.0	no	Opensource	1	1	2018-04-20 14:40:03	2018-04-20 14:40:03	\N	2	2
41	x64	Windows Server	Windows Server	2008 R2 Enterprise	si	0	4	1	2018-03-22 19:25:39	2018-04-20 14:48:14	\N	2	3
40	x64	Windows Server	Windows Server	2008 R2 Datacenter	si	0	4	1	2018-03-22 19:25:03	2018-04-20 14:48:31	\N	2	3
42	x64	Windows Server	Windows Server	2012 R2 Standard	si	0	4	1	2018-03-22 19:26:25	2018-04-20 14:48:55	\N	2	3
45	x64	Windows Server	Windows Server	2012 R2 Datacenter	si	privada	4	1	2018-03-29 06:53:48	2018-04-20 14:49:12	\N	2	3
46	x64	Windows Server	Windows Server	2016 R2 Standard	si	privada	4	1	2018-03-29 06:54:35	2018-04-20 14:49:28	\N	2	3
43	x64	Windows Server	Windows Server	2016 R2 Datacenter	si	0	4	1	2018-03-22 19:26:39	2018-04-20 14:49:49	\N	2	3
57	x64	Windows Server	Windows Server 2016	2016	si	0	1	1	2018-04-20 14:54:21	2018-04-20 14:54:21	\N	2	3
58	x64	Windows Server	Windows Server 2016 R2	2016 R2	si	0	1	1	2018-04-20 14:55:42	2018-04-20 14:55:42	\N	2	3
54	x64	Oracle Linux	Oracle Linux sin informacion de la version	7.0	no	0	4	1	2018-04-04 15:06:30	2018-04-20 15:39:52	\N	2	2
\.


--
-- TOC entry 3716 (class 0 OID 16709)
-- Dependencies: 275
-- Data for Name: tags; Type: TABLE DATA; Schema: public; Owner: postgres
--

COPY public.tags (id_tag, nom_tag, det_tag, meta_tag, id_usuario_registra, id_usuario_modifica, created_at, updated_at, deleted_at) FROM stdin;
1	Tag 1	Tag 1	tagsdf ata at	4	4	2018-03-06 13:16:09	2018-03-06 13:16:09	\N
2	Tag 2	Tag 2	tagfkdb32	4	4	2018-03-06 17:54:02	2018-03-06 17:54:02	\N
3	tag 3	tag 3	tag 3	4	4	2018-03-20 19:57:44	2018-03-20 19:57:52	2018-03-20 19:57:52
\.


--
-- TOC entry 3718 (class 0 OID 16718)
-- Dependencies: 277
-- Data for Name: tecnologia_desarrollo; Type: TABLE DATA; Schema: public; Owner: postgres
--

COPY public.tecnologia_desarrollo (id_tecnologia_desarrollo, id_tipo_tecnologia, nom_tecnologia, det_tecnologia, vers_tecnologia, id_usuario_registra, id_usuario_modifica, created_at, updated_at, deleted_at) FROM stdin;
\.


--
-- TOC entry 3720 (class 0 OID 16727)
-- Dependencies: 279
-- Data for Name: tipos_aplicaciones; Type: TABLE DATA; Schema: public; Owner: postgres
--

COPY public.tipos_aplicaciones (id_tipo_aplicacion, nom_tipo_aplicacion, det_tipo_aplicacion, cod_tipo_aplicacion, id_usuario_registra, id_usuario_modifica, created_at, updated_at, deleted_at) FROM stdin;
2	ds	ad	sa	4	4	2018-02-28 13:26:03	2018-02-28 13:26:05	2018-02-28 13:26:05
27	ARS	ARS	ars	4	4	2018-03-22 05:50:39	2018-03-22 06:02:49	2018-03-22 06:02:49
10	qewe	wqew	e	4	4	2018-03-06 06:40:12	2018-03-06 06:40:15	2018-03-06 06:40:15
14	asfasdfsad	asdf	fasdf	4	4	2018-03-19 21:19:51	2018-03-19 21:19:59	2018-03-19 21:19:59
13	asf	sdaf	dsfa	4	4	2018-03-19 21:11:26	2018-03-19 21:20:17	2018-03-19 21:20:17
15	null	null	null	4	4	2018-03-19 21:31:16	2018-03-19 21:31:25	2018-03-19 21:31:25
16	null	null	null	4	4	2018-03-19 21:33:03	2018-03-19 21:33:10	2018-03-19 21:33:10
21	null	null	null	4	4	2018-03-19 21:41:22	2018-03-19 21:41:30	2018-03-19 21:41:30
20	asdf	asdf	asdf	4	4	2018-03-19 21:40:13	2018-03-19 21:41:36	2018-03-19 21:41:36
19	null	null	null	4	4	2018-03-19 21:40:05	2018-03-19 21:41:41	2018-03-19 21:41:41
18	null	null	null	4	4	2018-03-19 21:35:43	2018-03-19 21:41:46	2018-03-19 21:41:46
17	null	null	null	4	4	2018-03-19 21:34:39	2018-03-19 21:41:52	2018-03-19 21:41:52
23	rewr	rw	erwwewe	4	4	2018-03-19 22:05:01	2018-03-19 22:07:36	2018-03-19 22:07:36
22	qwe	qwe	qwe	4	4	2018-03-19 22:04:25	2018-03-19 22:07:42	2018-03-19 22:07:42
24	asdf	asdf	asdf	4	4	2018-03-19 22:07:47	2018-03-19 22:07:52	2018-03-19 22:07:52
30	OPERACIONES	OPERACIONES	operaciones	4	4	2018-03-22 05:52:46	2018-03-22 06:02:59	2018-03-22 06:02:59
29	INTERNOS	INTERNOS	internos	4	4	2018-03-22 05:51:28	2018-03-22 06:03:04	2018-03-22 06:03:04
26	GATEWAY HEALTHCARE	GATEWAY HEALTHCARE	gatewayhealthcare	4	4	2018-03-22 05:50:22	2018-03-22 06:03:08	2018-03-22 06:03:08
31	OTROS	OTROS	otros	4	4	2018-03-22 05:53:56	2018-03-22 06:03:13	2018-03-22 06:03:13
25	test	test	test	4	4	2018-03-20 19:48:28	2018-03-20 19:48:38	2018-03-20 19:48:38
32	SERVIDOR TERMINOLOGICO	SERVIDOR TERMINOLOGICO	servidorterminologico	4	4	2018-03-22 05:54:33	2018-03-22 06:03:17	2018-03-22 06:03:17
3	Aplicacion punto Net	Aplicacion .Net	null	4	4	2018-02-28 14:04:39	2018-03-22 05:51:42	2018-03-22 05:51:42
5	Joomla	Joomla	null	4	4	2018-02-28 14:05:07	2018-03-22 05:51:47	2018-03-22 05:51:47
6	Aplicacion Php	Aplicacion php	null	4	4	2018-02-28 14:05:19	2018-03-22 05:51:53	2018-03-22 05:51:53
7	Php Yii Framework	Php Yii Framework	null	4	4	2018-02-28 14:05:40	2018-03-22 05:51:57	2018-03-22 05:51:57
9	Fremework	Codeigniter	CI	4	4	2018-03-06 05:05:19	2018-03-22 05:52:03	2018-03-22 05:52:03
11	Base de datos	Aplicacion de base de datos	Jfds7634	4	4	2018-03-19 20:42:30	2018-03-22 05:52:10	2018-03-22 05:52:10
12	Business Intelligence	Aplicacion de business intelligence	BI93hr	4	4	2018-03-19 20:43:25	2018-03-22 05:52:15	2018-03-22 05:52:15
1	Aplicacion Nativa	Aplicacion Nativa con algun lenguaje en particular	038238fdds	4	4	2018-02-28 13:25:51	2018-03-22 05:52:20	2018-03-22 05:52:20
4	Wordpress	Wordpress	34gwj3	4	4	2018-02-28 14:05:01	2018-03-22 05:52:25	2018-03-22 05:52:25
8	Laravel Php Framework	Laravel Php Framework	asf434123	4	4	2018-02-28 14:05:49	2018-03-22 05:52:32	2018-03-22 05:52:32
33	SOLUCION HIS HOSPITAL MAIPU	SOLUCION HIS HOSPITAL MAIPU	solucionhis	4	4	2018-03-22 05:55:31	2018-03-22 06:03:22	2018-03-22 06:03:22
34	SIRH	SIRH	sirh	4	4	2018-03-22 05:55:58	2018-03-22 06:03:27	2018-03-22 06:03:27
28	BIG DATA	BIG DATA	bigdata	4	4	2018-03-22 05:50:59	2018-03-22 06:02:44	2018-03-22 06:02:44
35	SURVIH	SURVIH	survih	4	4	2018-03-22 05:56:07	2018-03-22 06:03:40	2018-03-22 06:03:40
36	SIAC	SIAC	siac	4	4	2018-03-22 05:56:18	2018-03-22 06:03:45	2018-03-22 06:03:45
37	SITE Intesis	SITE Intesis	siteintesis	4	4	2018-03-22 05:56:39	2018-03-22 06:03:50	2018-03-22 06:03:50
38	RIS	RIS	ris	4	4	2018-03-22 05:56:55	2018-03-22 06:03:56	2018-03-22 06:03:56
39	CHCC	CHCC	chcc	4	4	2018-03-22 05:57:04	2018-03-22 06:04:00	2018-03-22 06:04:00
40	PAID	PAID	paid	4	4	2018-03-22 05:57:19	2018-03-22 06:04:06	2018-03-22 06:04:06
41	CATALOGO DE IMAGENES	CATALOGO DE IMAGENES	catalogoimagenes	4	4	2018-03-22 05:57:36	2018-03-22 06:04:11	2018-03-22 06:04:11
42	Interrupcion voluntaria del Embarazo	Interrupcion voluntaria del Embarazo	interrupcionvoluntariaembarazo	4	4	2018-03-22 05:58:13	2018-03-22 06:04:25	2018-03-22 06:04:25
43	APP	APP	app001	4	4	2018-03-22 13:08:12	2018-04-04 19:40:37	\N
45	APP y DB	APP y DB	appdb001	4	4	2018-03-22 13:08:29	2018-04-04 19:43:58	\N
46	PROCESO	PROCESO	proc001	4	4	2018-03-22 13:08:40	2018-04-04 19:44:19	\N
47	BI	BI	bi001	4	4	2018-04-04 19:48:16	2018-04-04 19:48:16	\N
48	WEB	WEB	web001	4	4	2018-04-04 19:48:40	2018-04-04 19:48:40	\N
49	test	tse	tes	1	1	2018-04-16 19:24:29	2018-04-16 19:24:31	2018-04-16 19:24:31
44	DB	DB	db001	4	1	2018-03-22 13:08:19	2018-04-16 19:24:36	\N
50	NA	Ninguna de las anteriores	na001	4	4	2018-03-22 13:08:19	2018-03-22 13:08:19	\N
\.


--
-- TOC entry 3722 (class 0 OID 16736)
-- Dependencies: 281
-- Data for Name: tipos_clusters; Type: TABLE DATA; Schema: public; Owner: postgres
--

COPY public.tipos_clusters (id_tipo_cluster, nom_tipo_cluster, det_tipo_cluster, cod_tipo_cluster, id_usuario_registra, id_usuario_modifica, created_at, updated_at, deleted_at) FROM stdin;
1	BD	Bases de datos	BD001	\N	\N	\N	\N	\N
2	APP	Aplicaciones	APP001	\N	\N	\N	\N	\N
\.


--
-- TOC entry 3724 (class 0 OID 16745)
-- Dependencies: 283
-- Data for Name: tipos_respaldos_discos; Type: TABLE DATA; Schema: public; Owner: postgres
--

COPY public.tipos_respaldos_discos (id_tipo_respaldo_disco, nom_tipo_respaldo_disco, det_tipo_respaldo_disco, cod_tipo_respaldo_disco, id_usuario_registra, id_usuario_modifica, created_at, updated_at, deleted_at) FROM stdin;
1	Cinta	Cinta	cinta001	4	1	2018-04-09 21:06:11	2018-04-16 19:28:20	\N
2	Disco	Disco	disco001	4	1	2018-04-09 21:06:19	2018-04-16 20:03:59	\N
\.


--
-- TOC entry 3726 (class 0 OID 16754)
-- Dependencies: 285
-- Data for Name: tipos_servidores; Type: TABLE DATA; Schema: public; Owner: postgres
--

COPY public.tipos_servidores (id_tipo_servidor, nom_tipo_servidor, det_tipo_servidor, cod_tipo_servidor, id_usuario_registra, id_usuario_modifica, created_at, updated_at, deleted_at) FROM stdin;
2	DB	Servidor de base de datos	db001	4	4	2018-04-09 20:13:46	2018-04-09 20:13:46	\N
3	APP y DB	Servidor de aplicaciones y bases de datos	appydb001	4	4	2018-04-09 20:14:04	2018-04-09 20:14:04	\N
4	PROCESO	Servidor que realiza funciones de procesos de sistema, jobs, crones, etc.	proceso001	4	4	2018-04-09 20:15:26	2018-04-09 20:15:26	\N
5	BALANCEADOR	Servidor balanceador	balanceador001	4	4	2018-04-09 20:15:46	2018-04-09 20:15:46	\N
1	APP	Servidor de aplicaciones	app001	4	1	2018-04-09 20:13:30	2018-04-16 19:24:10	\N
6	test	test	test	1	1	2018-04-16 19:24:17	2018-04-16 19:24:19	2018-04-16 19:24:19
7	NA	Ninguno de los anteriormente mencionados	na001	1	1	2018-04-20 18:44:00	2018-04-20 18:44:00	\N
\.


--
-- TOC entry 3728 (class 0 OID 16763)
-- Dependencies: 287
-- Data for Name: tipos_sistemas_operativos; Type: TABLE DATA; Schema: public; Owner: postgres
--

COPY public.tipos_sistemas_operativos (id_tipo_sistema_operativo, nom_tipo_sistema_operativo, det_tipo_sistema_operativo, cod_tipo_sistema_operativo, id_usuario_registra, id_usuario_modifica, created_at, updated_at, deleted_at) FROM stdin;
1	Mac OS	Mac OS	macos	\N	\N	\N	\N	\N
2	Linux	Linux	linux	\N	\N	\N	\N	\N
3	Windows	Windows	windows	\N	\N	\N	\N	\N
\.


--
-- TOC entry 3730 (class 0 OID 16772)
-- Dependencies: 289
-- Data for Name: tipos_tecnologias_desarrollo; Type: TABLE DATA; Schema: public; Owner: postgres
--

COPY public.tipos_tecnologias_desarrollo (id_tipo_tecnologia_desarrollo, nom_tipo_tecnologia, det_tipo_tecnologia, cod_tipo_tecnologia, id_usuario_registra, id_usuario_modifica, created_at, updated_at, deleted_at) FROM stdin;
\.


--
-- TOC entry 3732 (class 0 OID 16781)
-- Dependencies: 291
-- Data for Name: usuarios; Type: TABLE DATA; Schema: public; Owner: postgres
--

COPY public.usuarios (id_usuario, nom_usuario, nom_completo, ape_paterno, ape_materno, username, email, password, remember_token, id_usuario_registra, id_usuario_modifica, created_at, updated_at, deleted_at) FROM stdin;
3	qweqwe	null	null	null	qwe	esteban.ramos@minsawqel.cl	$2y$10$/wzbajETfyaumw8bTd8GHu3Ml50hxxbjb2HYduh4Cm5SDnpM5aYWW	\N	\N	\N	2018-02-27 19:30:51	2018-02-27 19:32:25	2018-02-27 19:32:25
2	edsaf	null	null	null	aasdasd	esteban.ramos@minsaasdl.cl	$2y$10$EMV5tnLbwP5gAhTXjmVVu.rsn8bkQ9dIt9iay1e6Vj7AenetPnqsy	\N	\N	\N	2018-02-27 13:25:49	2018-02-27 19:32:28	2018-02-27 19:32:28
14	rwer	werwer	werwe	null	werwer	fafas@asf.cl	$2y$10$YPp6V3Do1xSgWspgA/OBVu0xVdd8daBixxJM7M0KJ0gt4l.JpA71W	\N	\N	\N	2018-03-13 20:11:49	2018-03-13 20:12:05	2018-03-13 20:12:05
13	fdsf	sdfsdf	dsfs	null	dsfsd	dsfdsf@sadfa.asd	$2y$10$EyVZgBiQjmmRcjx34s9Nx.ugwHd8lu3Nlp2fVAAgM2s.fqLIp78L6	\N	\N	\N	2018-03-13 20:09:46	2018-03-13 20:12:11	2018-03-13 20:12:11
5	asds	null	asd	asd	asd	estasddeban.ramos.f@gmail.com	$2y$10$efcUhxc91net4pQsHaEOuucB682MsKzYciRQyqtGahn7lZ4/fJp/S	\N	\N	\N	2018-03-06 06:10:38	2018-03-06 06:24:26	2018-03-06 06:24:26
16	erterter	terter	etetter	null	tert	erter@tret.tre	$2y$10$vawhluHPX9EYCxx7juk48un4suWF.xQSqXVEt7dCm8VuSSfSQIKWa	\N	\N	\N	2018-03-13 20:46:16	2018-03-13 21:00:41	2018-03-13 21:00:41
15	tetet	etetete	etet	null	tetet	ette@etet.tet	$2y$10$9NkrZW5uQ9peoq0Nvu9/S.RbAkecXktlmEXC6YLy/ate.eZPBOQ9G	\N	\N	\N	2018-03-13 20:33:24	2018-03-13 21:00:46	2018-03-13 21:00:46
23	retyrty	retyrtyretyrety	rtyrty	rtyy	rtyrteyr	tyrtyr@ytery.cl	$2y$10$pHMqxMAEEJOLpQhNfwVkO.T0vZ7jYllgdrbjqxyLP67nXKlXqX/k6	\N	\N	\N	2018-03-13 20:56:27	2018-03-13 21:00:52	2018-03-13 21:00:52
12	Hugo	Hugo Pino	Pino	null	hpino	hpino@minsal.cl	$2y$10$n2Y/Fu8eE/0s/9cv4iZcyOfjVorwgF4cIZ2FDkw4KcM.N2P2owTlq	\N	\N	\N	2018-03-13 20:01:32	2018-03-13 21:01:11	\N
8	Sergio	Sergio Roca Munoz	Roca	Munoz	sroca	sergio.roca@minsal.cl	$2y$10$bw/VJVt18b9dbHVDn223Hu2N0LAxD4cCrfVbyiBjPEycrdp.bLYDW	\N	\N	\N	2018-03-13 19:12:12	2018-03-13 21:04:27	\N
24	Gustavo	Gustavo Osorio	Osorio	null	gosorio	gustavo.osorio@minsal.cl	$2y$10$c6.9NKlZpBU9XqR.QaDoG.DdyntHqdG5WdJ3mjYxrCGFiFYJds0Ka	\N	\N	\N	2018-03-13 21:05:02	2018-03-13 21:05:02	\N
11	Karina	Karina Itter	Itter	null	null	kitter@minsal.cl	$2y$10$3BKq8s6eWsrCbp0AFMsMmOdCCAAPwEOsDRgPpPoZoAUlyVMWtmU/6	\N	\N	\N	2018-03-13 19:57:56	2018-03-13 21:06:16	\N
10	Jose	Jose Rivero	Rivero	null	jrivero	jose.rivero@minsal.cl	$2y$10$8UWeVpJyGgu.rvxOlUeZPOSg4lqh6UiYiJnrveNafa.4hWA25xi8a	\N	\N	\N	2018-03-13 19:53:23	2018-03-13 21:06:49	\N
9	Victoria	Victoria Garrido	Garrido	null	vgarrido	vgarrido@minsal.cl	$2y$10$lDmmhiTShF7DOsCtpTqN4OUOQuhiW19LVPzk3aPDJyvg5NYq6eyWW	\N	\N	\N	2018-03-13 19:13:40	2018-03-13 21:07:06	\N
25	Nuevo	Nuevo Usuario Prueba	Usuario	Prueba	nup	nup@nup.nup	$2y$10$kcj09pQUPi.Oxmm20t6kYuGR8GbtBQQdlry2PWeU/GgZ1Eydmy4nm	\N	\N	\N	2018-03-14 15:46:52	2018-03-14 16:02:08	2018-03-14 16:02:08
6	wererwe	rwerwer	werwer	werwer	werwerwe	ewrwe@ewre.dfssdf	$2y$10$SmkQ3TBcV0Tpio.sBrR10uTD5hjueAoq0gXKCTR/6WmMhSRiNPlhS	\N	\N	\N	2018-03-13 18:57:50	2018-03-13 19:13:49	2018-03-13 19:13:49
7	adsdad	sdasdsa	sdsadas	dasda	dasd	asdasd@sad.ad	$2y$10$ez0ZyUI7umQ6wyBiPSfRTOvaoEuGJnie1fbnAep0hRdrbaIKDgevC	\N	\N	\N	2018-03-13 19:01:00	2018-03-13 19:13:55	2018-03-13 19:13:55
26	eqwe	qweqwe	qwe	eqwewqe	qweqweq	weq@qwe.cl	$2y$10$7MbMwBObPp4pO5qm1QrJve/FOMFblwDGHXoEM3WPf9r4fCbFWlHrG	\N	\N	\N	2018-03-14 16:01:58	2018-03-14 16:02:14	2018-03-14 16:02:14
27	test	test	test	test	testest	test@teset.test	$2y$10$AGVefv00CMW.dn.IbMe1mettsnxJGNAUzgXTjPoVLuGdbNJ5XA3aG	\N	\N	\N	2018-03-20 19:17:31	2018-03-20 19:17:46	2018-03-20 19:17:46
28	test2	test2	test2	test2	test2	test@minsal.cl2	$2y$10$3R21jKze4ADH41u7YR4hAeZ4KOkgwgFhbFD4LHV92rOBKN4dI/tGC	\N	\N	\N	2018-03-20 19:31:56	2018-03-20 19:32:25	2018-03-20 19:32:25
1	Esteban	\N	Ramos	\N	eramosf	esteban.ramos@minsal.cl	$2y$10$xgxgVXFtlUWmsrNLTrfmQeuo2Baz.BeFOP1vSQyvDVvMwM3NMaa6m	cWZEQ6u1BYX8KsORXSzzykWPxdZAJL7DHMc7AsmalUNGLWdoQLcXGDK4Nyxm	\N	\N	2018-02-19 18:08:14	2018-04-16 18:31:23	\N
4	Esteban	\N	Ramos	Fernandez	fsdsf	esteban.ramos.f@gmail.com	$2y$10$LqVvP2ZOOp42RP.ifSWY4O.m.LAPo0D0bhqcWpWY2msVWk0Y0evxe	C3Xe87hwIoNBSotULjJ6gMLOtfiiEjVINBfH10OU8SCoKd8gZR8arJ5kEeBw	\N	\N	2018-02-27 23:36:43	2018-04-16 18:32:05	2018-04-16 18:32:05
29	test	test	test	teswt	test	test@minsal.cl	$2y$10$GYNUQ7CuxnaIcmgOR/0QQOQYhC49EmWFywS72cAKzlnqT.9hTf/W6	\N	\N	\N	2018-04-16 19:08:03	2018-04-16 19:08:14	2018-04-16 19:08:14
\.


--
-- TOC entry 3734 (class 0 OID 16790)
-- Dependencies: 293
-- Data for Name: usuarios_bitacora_servicios; Type: TABLE DATA; Schema: public; Owner: postgres
--

COPY public.usuarios_bitacora_servicios (id_usuario_bitacora_servicio, id_usuario, id_servicio, id_actividad, asunto, det_bitacora, id_usuario_registra, id_usuario_modifica, created_at, updated_at, deleted_at) FROM stdin;
20	1	15	4	sdasd	asd	1	1	2018-04-20 21:57:23	2018-04-20 21:57:27	2018-04-20 21:57:27
\.


--
-- TOC entry 3736 (class 0 OID 16799)
-- Dependencies: 295
-- Data for Name: usuarios_cargos; Type: TABLE DATA; Schema: public; Owner: postgres
--

COPY public.usuarios_cargos (id_usuario_cargo, id_usuario, id_cargo, id_usuario_registra, id_usuario_modifica, created_at, updated_at, deleted_at) FROM stdin;
4	4	1	4	4	2018-03-13 18:57:14	2018-03-13 18:57:14	\N
5	4	1	4	4	2018-03-13 18:57:50	2018-03-13 18:57:50	\N
6	6	3	4	4	2018-03-13 18:58:22	2018-03-13 18:58:22	\N
7	4	1	4	4	2018-03-13 19:01:00	2018-03-13 19:01:00	\N
8	7	3	4	4	2018-03-13 19:10:36	2018-03-13 19:10:36	\N
9	4	3	4	4	2018-03-13 19:12:12	2018-03-13 19:12:12	\N
10	4	1	4	4	2018-03-13 19:13:40	2018-03-13 19:13:40	\N
11	4	1	4	4	2018-03-13 19:53:23	2018-03-13 19:53:23	\N
12	4	1	4	4	2018-03-13 19:57:56	2018-03-13 19:57:56	\N
13	4	1	4	4	2018-03-13 20:01:32	2018-03-13 20:01:32	\N
14	4	1	4	4	2018-03-13 20:09:46	2018-03-13 20:09:46	\N
15	4	1	4	4	2018-03-13 20:11:49	2018-03-13 20:11:49	\N
16	4	4	4	4	2018-03-13 20:33:24	2018-03-13 20:33:24	\N
17	4	1	4	4	2018-03-13 20:46:16	2018-03-13 20:46:16	\N
18	23	4	4	4	2018-03-13 20:56:28	2018-03-13 20:56:48	\N
19	12	1	4	4	2018-03-13 21:01:11	2018-03-13 21:01:11	\N
20	8	3	4	4	2018-03-13 21:04:27	2018-03-13 21:04:27	\N
21	24	4	4	4	2018-03-13 21:05:02	2018-03-13 21:05:02	\N
22	11	1	4	4	2018-03-13 21:06:16	2018-03-13 21:06:16	\N
23	10	1	4	4	2018-03-13 21:06:49	2018-03-13 21:06:49	\N
24	9	1	4	4	2018-03-13 21:07:06	2018-03-13 21:07:06	\N
25	25	1	4	4	2018-03-14 15:46:52	2018-03-14 15:46:52	\N
26	26	3	4	4	2018-03-14 16:01:58	2018-03-14 16:01:58	\N
27	27	1	4	4	2018-03-20 19:17:31	2018-03-20 19:17:31	\N
28	28	4	4	4	2018-03-20 19:31:56	2018-03-20 19:31:56	\N
29	1	1	4	4	2018-03-27 19:38:24	2018-03-27 19:38:24	\N
30	29	1	1	1	2018-04-16 19:08:04	2018-04-16 19:08:04	\N
\.


--
-- TOC entry 3738 (class 0 OID 16805)
-- Dependencies: 297
-- Data for Name: usuarios_estados; Type: TABLE DATA; Schema: public; Owner: postgres
--

COPY public.usuarios_estados (id_usuario_estado, id_estado, id_usuario, id_usuario_registra, id_usuario_modifica, created_at, updated_at, deleted_at) FROM stdin;
4	2	4	4	4	2018-03-13 18:57:14	2018-03-13 18:57:14	\N
5	4	4	4	4	2018-03-13 18:57:50	2018-03-13 18:57:50	\N
6	2	6	4	4	2018-03-13 18:58:22	2018-03-13 18:58:22	\N
7	2	4	4	4	2018-03-13 19:01:00	2018-03-13 19:01:00	\N
8	2	7	4	4	2018-03-13 19:10:36	2018-03-13 19:10:36	\N
9	2	4	4	4	2018-03-13 19:12:12	2018-03-13 19:12:12	\N
10	2	4	4	4	2018-03-13 19:13:40	2018-03-13 19:13:40	\N
11	2	4	4	4	2018-03-13 19:53:23	2018-03-13 19:53:23	\N
12	2	4	4	4	2018-03-13 19:57:56	2018-03-13 19:57:56	\N
13	2	4	4	4	2018-03-13 20:01:32	2018-03-13 20:01:32	\N
14	2	4	4	4	2018-03-13 20:09:46	2018-03-13 20:09:46	\N
15	2	4	4	4	2018-03-13 20:11:48	2018-03-13 20:11:48	\N
16	3	4	4	4	2018-03-13 20:33:24	2018-03-13 20:33:24	\N
17	2	4	4	4	2018-03-13 20:46:16	2018-03-13 20:46:16	\N
18	3	23	4	4	2018-03-13 20:56:28	2018-03-13 20:56:48	\N
19	2	12	4	4	2018-03-13 21:01:11	2018-03-13 21:01:11	\N
20	2	8	4	4	2018-03-13 21:04:27	2018-03-13 21:04:27	\N
21	2	24	4	4	2018-03-13 21:05:02	2018-03-13 21:05:02	\N
22	2	11	4	4	2018-03-13 21:06:16	2018-03-13 21:06:16	\N
23	2	10	4	4	2018-03-13 21:06:49	2018-03-13 21:06:49	\N
24	2	9	4	4	2018-03-13 21:07:06	2018-03-13 21:07:06	\N
25	2	25	4	4	2018-03-14 15:46:52	2018-03-14 15:46:52	\N
26	3	26	4	4	2018-03-14 16:01:58	2018-03-14 16:01:58	\N
27	2	27	4	4	2018-03-20 19:17:31	2018-03-20 19:17:31	\N
28	2	28	4	4	2018-03-20 19:31:56	2018-03-20 19:31:56	\N
29	2	1	4	4	2018-03-27 19:38:24	2018-03-27 19:38:24	\N
30	3	29	1	1	2018-04-16 19:08:04	2018-04-16 19:08:04	\N
\.


--
-- TOC entry 3740 (class 0 OID 16811)
-- Dependencies: 299
-- Data for Name: usuarios_roles; Type: TABLE DATA; Schema: public; Owner: postgres
--

COPY public.usuarios_roles (id_usuario_role, id_role, id_usuario, id_usuario_registra, id_usuario_modifica, created_at, updated_at, deleted_at) FROM stdin;
18	64	23	4	4	2018-03-13 20:56:27	2018-03-13 20:56:48	\N
19	62	12	4	4	2018-03-13 21:01:11	2018-03-13 21:01:11	\N
20	62	4	4	4	2018-03-13 21:03:43	2018-03-13 21:03:43	\N
21	62	8	4	4	2018-03-13 21:04:27	2018-03-13 21:04:27	\N
22	62	24	4	4	2018-03-13 21:05:02	2018-03-13 21:05:02	\N
23	62	11	4	4	2018-03-13 21:06:16	2018-03-13 21:06:16	\N
24	62	10	4	4	2018-03-13 21:06:49	2018-03-13 21:06:49	\N
25	62	9	4	4	2018-03-13 21:07:06	2018-03-13 21:07:06	\N
26	63	25	4	4	2018-03-14 15:46:52	2018-03-14 15:46:52	\N
27	64	26	4	4	2018-03-14 16:01:58	2018-03-14 16:01:58	\N
28	71	27	4	4	2018-03-20 19:17:31	2018-03-20 19:17:31	\N
29	71	28	4	4	2018-03-20 19:31:56	2018-03-20 19:31:56	\N
30	62	1	4	4	2018-03-27 19:38:24	2018-04-16 18:31:23	\N
31	63	29	1	1	2018-04-16 19:08:04	2018-04-16 19:08:04	\N
\.


--
-- TOC entry 3742 (class 0 OID 16817)
-- Dependencies: 301
-- Data for Name: usuarios_servicios; Type: TABLE DATA; Schema: public; Owner: postgres
--

COPY public.usuarios_servicios (id_usuario_servicio, id_usuario, id_servicio, id_usuario_registra, id_usuario_modifica, created_at, updated_at, deleted_at) FROM stdin;
\.


--
-- TOC entry 3744 (class 0 OID 16823)
-- Dependencies: 303
-- Data for Name: vlans; Type: TABLE DATA; Schema: public; Owner: postgres
--

COPY public.vlans (id_vlan, nom_vlan, det_vlan, cod_vlan, id_usuario_registra, id_usuario_modifica, created_at, updated_at, deleted_at) FROM stdin;
1	ad	asd	asd	4	4	2018-04-09 15:06:47	2018-04-09 15:06:58	2018-04-09 15:06:58
2	DMZ	Front end Zona DMZ	dmz001	4	1	2018-04-09 15:40:08	2018-04-16 19:03:39	\N
4	Test	test	test	1	1	2018-04-16 19:03:46	2018-04-16 19:03:49	2018-04-16 19:03:49
3	BE	Backend	be001	4	1	2018-04-09 16:17:59	2018-04-20 15:58:17	\N
5	NA	Ninguna asociacion	na001	1	1	2018-04-20 15:58:57	2018-04-20 15:58:57	\N
\.


--
-- TOC entry 3754 (class 0 OID 0)
-- Dependencies: 196
-- Name: accesos_aplicaciones_id_seq; Type: SEQUENCE SET; Schema: public; Owner: postgres
--

SELECT pg_catalog.setval('public.accesos_aplicaciones_id_seq', 2, true);


--
-- TOC entry 3755 (class 0 OID 0)
-- Dependencies: 197
-- Name: accesos_servidores_id_seq; Type: SEQUENCE SET; Schema: public; Owner: postgres
--

SELECT pg_catalog.setval('public.accesos_servidores_id_seq', 7, true);


--
-- TOC entry 3756 (class 0 OID 0)
-- Dependencies: 198
-- Name: actividades_id_seq; Type: SEQUENCE SET; Schema: public; Owner: postgres
--

SELECT pg_catalog.setval('public.actividades_id_seq', 13, true);


--
-- TOC entry 3757 (class 0 OID 0)
-- Dependencies: 200
-- Name: actividades_tags_id_seq; Type: SEQUENCE SET; Schema: public; Owner: postgres
--

SELECT pg_catalog.setval('public.actividades_tags_id_seq', 1, false);


--
-- TOC entry 3758 (class 0 OID 0)
-- Dependencies: 202
-- Name: ambientes_id_seq; Type: SEQUENCE SET; Schema: public; Owner: postgres
--

SELECT pg_catalog.setval('public.ambientes_id_seq', 5, true);


--
-- TOC entry 3759 (class 0 OID 0)
-- Dependencies: 207
-- Name: aplicaciones_estados_id_seq; Type: SEQUENCE SET; Schema: public; Owner: postgres
--

SELECT pg_catalog.setval('public.aplicaciones_estados_id_seq', 1, false);


--
-- TOC entry 3760 (class 0 OID 0)
-- Dependencies: 204
-- Name: aplicaciones_id_seq; Type: SEQUENCE SET; Schema: public; Owner: postgres
--

SELECT pg_catalog.setval('public.aplicaciones_id_seq', 502, true);


--
-- TOC entry 3761 (class 0 OID 0)
-- Dependencies: 209
-- Name: aplicaciones_tags_id_seq; Type: SEQUENCE SET; Schema: public; Owner: postgres
--

SELECT pg_catalog.setval('public.aplicaciones_tags_id_seq', 1, false);


--
-- TOC entry 3762 (class 0 OID 0)
-- Dependencies: 211
-- Name: aplicaciones_tecnologias_id_seq; Type: SEQUENCE SET; Schema: public; Owner: postgres
--

SELECT pg_catalog.setval('public.aplicaciones_tecnologias_id_seq', 1, false);


--
-- TOC entry 3763 (class 0 OID 0)
-- Dependencies: 213
-- Name: cargos_id_seq; Type: SEQUENCE SET; Schema: public; Owner: postgres
--

SELECT pg_catalog.setval('public.cargos_id_seq', 6, true);


--
-- TOC entry 3764 (class 0 OID 0)
-- Dependencies: 215
-- Name: catalogos_servicios_id_seq; Type: SEQUENCE SET; Schema: public; Owner: postgres
--

SELECT pg_catalog.setval('public.catalogos_servicios_id_seq', 1, false);


--
-- TOC entry 3765 (class 0 OID 0)
-- Dependencies: 217
-- Name: catalogos_servicios_tags_id_seq; Type: SEQUENCE SET; Schema: public; Owner: postgres
--

SELECT pg_catalog.setval('public.catalogos_servicios_tags_id_seq', 1, false);


--
-- TOC entry 3766 (class 0 OID 0)
-- Dependencies: 219
-- Name: clusters_id_seq; Type: SEQUENCE SET; Schema: public; Owner: postgres
--

SELECT pg_catalog.setval('public.clusters_id_seq', 2, true);


--
-- TOC entry 3767 (class 0 OID 0)
-- Dependencies: 222
-- Name: datacentros_id_seq; Type: SEQUENCE SET; Schema: public; Owner: postgres
--

SELECT pg_catalog.setval('public.datacentros_id_seq', 7, true);


--
-- TOC entry 3768 (class 0 OID 0)
-- Dependencies: 224
-- Name: dominios_id_seq; Type: SEQUENCE SET; Schema: public; Owner: postgres
--

SELECT pg_catalog.setval('public.dominios_id_seq', 5, true);


--
-- TOC entry 3769 (class 0 OID 0)
-- Dependencies: 226
-- Name: entregas_credenciales_usuarios_id_seq; Type: SEQUENCE SET; Schema: public; Owner: postgres
--

SELECT pg_catalog.setval('public.entregas_credenciales_usuarios_id_seq', 1, false);


--
-- TOC entry 3770 (class 0 OID 0)
-- Dependencies: 229
-- Name: estados_id_seq; Type: SEQUENCE SET; Schema: public; Owner: postgres
--

SELECT pg_catalog.setval('public.estados_id_seq', 11, true);


--
-- TOC entry 3771 (class 0 OID 0)
-- Dependencies: 231
-- Name: fuentes_aplicaciones_id_seq; Type: SEQUENCE SET; Schema: public; Owner: postgres
--

SELECT pg_catalog.setval('public.fuentes_aplicaciones_id_seq', 1, false);


--
-- TOC entry 3772 (class 0 OID 0)
-- Dependencies: 233
-- Name: idiomas_id_seq; Type: SEQUENCE SET; Schema: public; Owner: postgres
--

SELECT pg_catalog.setval('public.idiomas_id_seq', 5, true);


--
-- TOC entry 3773 (class 0 OID 0)
-- Dependencies: 235
-- Name: log_navegacion_id_seq; Type: SEQUENCE SET; Schema: public; Owner: postgres
--

SELECT pg_catalog.setval('public.log_navegacion_id_seq', 1, false);


--
-- TOC entry 3774 (class 0 OID 0)
-- Dependencies: 237
-- Name: mantenedores_id_seq; Type: SEQUENCE SET; Schema: public; Owner: postgres
--

SELECT pg_catalog.setval('public.mantenedores_id_seq', 24, true);


--
-- TOC entry 3775 (class 0 OID 0)
-- Dependencies: 239
-- Name: menus_id_seq; Type: SEQUENCE SET; Schema: public; Owner: postgres
--

SELECT pg_catalog.setval('public.menus_id_seq', 9, true);


--
-- TOC entry 3776 (class 0 OID 0)
-- Dependencies: 242
-- Name: migrations_id_seq; Type: SEQUENCE SET; Schema: public; Owner: postgres
--

SELECT pg_catalog.setval('public.migrations_id_seq', 2, true);


--
-- TOC entry 3777 (class 0 OID 0)
-- Dependencies: 245
-- Name: permisos_id_seq; Type: SEQUENCE SET; Schema: public; Owner: postgres
--

SELECT pg_catalog.setval('public.permisos_id_seq', 22, true);


--
-- TOC entry 3778 (class 0 OID 0)
-- Dependencies: 248
-- Name: roles_id_seq; Type: SEQUENCE SET; Schema: public; Owner: postgres
--

SELECT pg_catalog.setval('public.roles_id_seq', 72, true);


--
-- TOC entry 3779 (class 0 OID 0)
-- Dependencies: 250
-- Name: roles_permisos_id_seq; Type: SEQUENCE SET; Schema: public; Owner: postgres
--

SELECT pg_catalog.setval('public.roles_permisos_id_seq', 70, true);


--
-- TOC entry 3780 (class 0 OID 0)
-- Dependencies: 255
-- Name: servicios_estados_id_seq; Type: SEQUENCE SET; Schema: public; Owner: postgres
--

SELECT pg_catalog.setval('public.servicios_estados_id_seq', 1, false);


--
-- TOC entry 3781 (class 0 OID 0)
-- Dependencies: 253
-- Name: servicios_id_seq; Type: SEQUENCE SET; Schema: public; Owner: postgres
--

SELECT pg_catalog.setval('public.servicios_id_seq', 33, true);


--
-- TOC entry 3782 (class 0 OID 0)
-- Dependencies: 257
-- Name: servicios_permisos_id_seq; Type: SEQUENCE SET; Schema: public; Owner: postgres
--

SELECT pg_catalog.setval('public.servicios_permisos_id_seq', 1, false);


--
-- TOC entry 3783 (class 0 OID 0)
-- Dependencies: 259
-- Name: servicios_tags_id_seq; Type: SEQUENCE SET; Schema: public; Owner: postgres
--

SELECT pg_catalog.setval('public.servicios_tags_id_seq', 1, false);


--
-- TOC entry 3784 (class 0 OID 0)
-- Dependencies: 261
-- Name: servicios_usuarios_id_seq; Type: SEQUENCE SET; Schema: public; Owner: postgres
--

SELECT pg_catalog.setval('public.servicios_usuarios_id_seq', 50, true);


--
-- TOC entry 3785 (class 0 OID 0)
-- Dependencies: 263
-- Name: servidor_aplicaciones_id_seq; Type: SEQUENCE SET; Schema: public; Owner: postgres
--

SELECT pg_catalog.setval('public.servidor_aplicaciones_id_seq', 1415, true);


--
-- TOC entry 3786 (class 0 OID 0)
-- Dependencies: 264
-- Name: servidor_estado_id_seq; Type: SEQUENCE SET; Schema: public; Owner: postgres
--

SELECT pg_catalog.setval('public.servidor_estado_id_seq', 760, true);


--
-- TOC entry 3787 (class 0 OID 0)
-- Dependencies: 265
-- Name: servidor_historico_cambios_id_seq; Type: SEQUENCE SET; Schema: public; Owner: postgres
--

SELECT pg_catalog.setval('public.servidor_historico_cambios_id_seq', 65, true);


--
-- TOC entry 3788 (class 0 OID 0)
-- Dependencies: 270
-- Name: servidores_lvm_id_seq; Type: SEQUENCE SET; Schema: public; Owner: postgres
--

SELECT pg_catalog.setval('public.servidores_lvm_id_seq', 5, true);


--
-- TOC entry 3789 (class 0 OID 0)
-- Dependencies: 272
-- Name: sistemas_operativos_id_seq; Type: SEQUENCE SET; Schema: public; Owner: postgres
--

SELECT pg_catalog.setval('public.sistemas_operativos_id_seq', 58, true);


--
-- TOC entry 3790 (class 0 OID 0)
-- Dependencies: 274
-- Name: tags_id_seq; Type: SEQUENCE SET; Schema: public; Owner: postgres
--

SELECT pg_catalog.setval('public.tags_id_seq', 3, true);


--
-- TOC entry 3791 (class 0 OID 0)
-- Dependencies: 276
-- Name: tecnologia_desarrollo_id_seq; Type: SEQUENCE SET; Schema: public; Owner: postgres
--

SELECT pg_catalog.setval('public.tecnologia_desarrollo_id_seq', 1, false);


--
-- TOC entry 3792 (class 0 OID 0)
-- Dependencies: 278
-- Name: tipos_aplicaciones_id_seq; Type: SEQUENCE SET; Schema: public; Owner: postgres
--

SELECT pg_catalog.setval('public.tipos_aplicaciones_id_seq', 50, true);


--
-- TOC entry 3793 (class 0 OID 0)
-- Dependencies: 280
-- Name: tipos_clusters_id_seq; Type: SEQUENCE SET; Schema: public; Owner: postgres
--

SELECT pg_catalog.setval('public.tipos_clusters_id_seq', 2, true);


--
-- TOC entry 3794 (class 0 OID 0)
-- Dependencies: 282
-- Name: tipos_respaldos_discos_id_seq; Type: SEQUENCE SET; Schema: public; Owner: postgres
--

SELECT pg_catalog.setval('public.tipos_respaldos_discos_id_seq', 2, true);


--
-- TOC entry 3795 (class 0 OID 0)
-- Dependencies: 284
-- Name: tipos_servidores_id_seq; Type: SEQUENCE SET; Schema: public; Owner: postgres
--

SELECT pg_catalog.setval('public.tipos_servidores_id_seq', 7, true);


--
-- TOC entry 3796 (class 0 OID 0)
-- Dependencies: 286
-- Name: tipos_sistemas_operativos_id_seq; Type: SEQUENCE SET; Schema: public; Owner: postgres
--

SELECT pg_catalog.setval('public.tipos_sistemas_operativos_id_seq', 3, true);


--
-- TOC entry 3797 (class 0 OID 0)
-- Dependencies: 288
-- Name: tipos_tecnologias_desarrollo_id_seq; Type: SEQUENCE SET; Schema: public; Owner: postgres
--

SELECT pg_catalog.setval('public.tipos_tecnologias_desarrollo_id_seq', 1, false);


--
-- TOC entry 3798 (class 0 OID 0)
-- Dependencies: 292
-- Name: usuarios_bitacora_servicios_id_seq; Type: SEQUENCE SET; Schema: public; Owner: postgres
--

SELECT pg_catalog.setval('public.usuarios_bitacora_servicios_id_seq', 20, true);


--
-- TOC entry 3799 (class 0 OID 0)
-- Dependencies: 294
-- Name: usuarios_cargos_id_seq; Type: SEQUENCE SET; Schema: public; Owner: postgres
--

SELECT pg_catalog.setval('public.usuarios_cargos_id_seq', 30, true);


--
-- TOC entry 3800 (class 0 OID 0)
-- Dependencies: 296
-- Name: usuarios_estados_id_seq; Type: SEQUENCE SET; Schema: public; Owner: postgres
--

SELECT pg_catalog.setval('public.usuarios_estados_id_seq', 30, true);


--
-- TOC entry 3801 (class 0 OID 0)
-- Dependencies: 290
-- Name: usuarios_id_seq; Type: SEQUENCE SET; Schema: public; Owner: postgres
--

SELECT pg_catalog.setval('public.usuarios_id_seq', 29, true);


--
-- TOC entry 3802 (class 0 OID 0)
-- Dependencies: 298
-- Name: usuarios_roles_id_seq; Type: SEQUENCE SET; Schema: public; Owner: postgres
--

SELECT pg_catalog.setval('public.usuarios_roles_id_seq', 31, true);


--
-- TOC entry 3803 (class 0 OID 0)
-- Dependencies: 300
-- Name: usuarios_servicios_id_seq; Type: SEQUENCE SET; Schema: public; Owner: postgres
--

SELECT pg_catalog.setval('public.usuarios_servicios_id_seq', 1, false);


--
-- TOC entry 3804 (class 0 OID 0)
-- Dependencies: 302
-- Name: vlans_id_seq; Type: SEQUENCE SET; Schema: public; Owner: postgres
--

SELECT pg_catalog.setval('public.vlans_id_seq', 5, true);


--
-- TOC entry 3422 (class 2606 OID 16832)
-- Name: aplicaciones_accesos accesos_aplicaciones_pkey; Type: CONSTRAINT; Schema: public; Owner: postgres
--

ALTER TABLE ONLY public.aplicaciones_accesos
    ADD CONSTRAINT accesos_aplicaciones_pkey PRIMARY KEY (id_aplicacion_acceso);


--
-- TOC entry 3477 (class 2606 OID 16834)
-- Name: servidores_accesos accesos_servidores_pkey; Type: CONSTRAINT; Schema: public; Owner: postgres
--

ALTER TABLE ONLY public.servidores_accesos
    ADD CONSTRAINT accesos_servidores_pkey PRIMARY KEY (id_servidor_acceso);


--
-- TOC entry 3414 (class 2606 OID 16836)
-- Name: actividades actividades_pkey; Type: CONSTRAINT; Schema: public; Owner: postgres
--

ALTER TABLE ONLY public.actividades
    ADD CONSTRAINT actividades_pkey PRIMARY KEY (id_actividad);


--
-- TOC entry 3416 (class 2606 OID 16838)
-- Name: actividades_tags actividades_tags_pkey; Type: CONSTRAINT; Schema: public; Owner: postgres
--

ALTER TABLE ONLY public.actividades_tags
    ADD CONSTRAINT actividades_tags_pkey PRIMARY KEY (id_actividad_tag);


--
-- TOC entry 3418 (class 2606 OID 16840)
-- Name: ambientes ambientes_pkey; Type: CONSTRAINT; Schema: public; Owner: postgres
--

ALTER TABLE ONLY public.ambientes
    ADD CONSTRAINT ambientes_pkey PRIMARY KEY (id_ambiente);


--
-- TOC entry 3424 (class 2606 OID 16842)
-- Name: aplicaciones_estados aplicaciones_estados_pkey; Type: CONSTRAINT; Schema: public; Owner: postgres
--

ALTER TABLE ONLY public.aplicaciones_estados
    ADD CONSTRAINT aplicaciones_estados_pkey PRIMARY KEY (id_aplicacion_estado);


--
-- TOC entry 3420 (class 2606 OID 16844)
-- Name: aplicaciones aplicaciones_pkey; Type: CONSTRAINT; Schema: public; Owner: postgres
--

ALTER TABLE ONLY public.aplicaciones
    ADD CONSTRAINT aplicaciones_pkey PRIMARY KEY (id_aplicacion);


--
-- TOC entry 3426 (class 2606 OID 16846)
-- Name: aplicaciones_tags aplicaciones_tags_pkey; Type: CONSTRAINT; Schema: public; Owner: postgres
--

ALTER TABLE ONLY public.aplicaciones_tags
    ADD CONSTRAINT aplicaciones_tags_pkey PRIMARY KEY (id_aplicacion_tag);


--
-- TOC entry 3428 (class 2606 OID 16848)
-- Name: aplicaciones_tecnologias aplicaciones_tecnologias_pkey; Type: CONSTRAINT; Schema: public; Owner: postgres
--

ALTER TABLE ONLY public.aplicaciones_tecnologias
    ADD CONSTRAINT aplicaciones_tecnologias_pkey PRIMARY KEY (id_aplicacion_tecnologia);


--
-- TOC entry 3430 (class 2606 OID 16850)
-- Name: cargos cargos_pkey; Type: CONSTRAINT; Schema: public; Owner: postgres
--

ALTER TABLE ONLY public.cargos
    ADD CONSTRAINT cargos_pkey PRIMARY KEY (id_cargo);


--
-- TOC entry 3432 (class 2606 OID 16852)
-- Name: catalogos_servicios catalogos_servicios_pkey; Type: CONSTRAINT; Schema: public; Owner: postgres
--

ALTER TABLE ONLY public.catalogos_servicios
    ADD CONSTRAINT catalogos_servicios_pkey PRIMARY KEY (id_catalogo_servicio);


--
-- TOC entry 3434 (class 2606 OID 16854)
-- Name: catalogos_servicios_tags catalogos_servicios_tags_pkey; Type: CONSTRAINT; Schema: public; Owner: postgres
--

ALTER TABLE ONLY public.catalogos_servicios_tags
    ADD CONSTRAINT catalogos_servicios_tags_pkey PRIMARY KEY (id_catalogo_servicio_tag);


--
-- TOC entry 3436 (class 2606 OID 16856)
-- Name: clusters clusters_pkey; Type: CONSTRAINT; Schema: public; Owner: postgres
--

ALTER TABLE ONLY public.clusters
    ADD CONSTRAINT clusters_pkey PRIMARY KEY (id_cluster);


--
-- TOC entry 3438 (class 2606 OID 16858)
-- Name: datacentros datacentros_pkey; Type: CONSTRAINT; Schema: public; Owner: postgres
--

ALTER TABLE ONLY public.datacentros
    ADD CONSTRAINT datacentros_pkey PRIMARY KEY (id_datacentro);


--
-- TOC entry 3440 (class 2606 OID 16860)
-- Name: dominios dominios_pkey; Type: CONSTRAINT; Schema: public; Owner: postgres
--

ALTER TABLE ONLY public.dominios
    ADD CONSTRAINT dominios_pkey PRIMARY KEY (id_dominio);


--
-- TOC entry 3442 (class 2606 OID 16862)
-- Name: entregas_credenciales_usuarios entregas_credenciales_usuarios_pkey; Type: CONSTRAINT; Schema: public; Owner: postgres
--

ALTER TABLE ONLY public.entregas_credenciales_usuarios
    ADD CONSTRAINT entregas_credenciales_usuarios_pkey PRIMARY KEY (id_entrega_credencial_usuario);


--
-- TOC entry 3444 (class 2606 OID 16864)
-- Name: estados estados_pkey; Type: CONSTRAINT; Schema: public; Owner: postgres
--

ALTER TABLE ONLY public.estados
    ADD CONSTRAINT estados_pkey PRIMARY KEY (id_estado);


--
-- TOC entry 3479 (class 2606 OID 16866)
-- Name: servidores_estados estados_servidores_pkey; Type: CONSTRAINT; Schema: public; Owner: postgres
--

ALTER TABLE ONLY public.servidores_estados
    ADD CONSTRAINT estados_servidores_pkey PRIMARY KEY (id_servidor_estado);


--
-- TOC entry 3446 (class 2606 OID 16868)
-- Name: fuentes_aplicaciones fuentes_aplicaciones_pkey; Type: CONSTRAINT; Schema: public; Owner: postgres
--

ALTER TABLE ONLY public.fuentes_aplicaciones
    ADD CONSTRAINT fuentes_aplicaciones_pkey PRIMARY KEY (id_fuente_aplicacion);


--
-- TOC entry 3448 (class 2606 OID 16870)
-- Name: idiomas idiomas_pkey; Type: CONSTRAINT; Schema: public; Owner: postgres
--

ALTER TABLE ONLY public.idiomas
    ADD CONSTRAINT idiomas_pkey PRIMARY KEY (id_idioma);


--
-- TOC entry 3450 (class 2606 OID 16872)
-- Name: log_navegacion log_navegacion_pkey; Type: CONSTRAINT; Schema: public; Owner: postgres
--

ALTER TABLE ONLY public.log_navegacion
    ADD CONSTRAINT log_navegacion_pkey PRIMARY KEY (id_log_navegacion);


--
-- TOC entry 3452 (class 2606 OID 16874)
-- Name: mantenedores mantenedores_pkey; Type: CONSTRAINT; Schema: public; Owner: postgres
--

ALTER TABLE ONLY public.mantenedores
    ADD CONSTRAINT mantenedores_pkey PRIMARY KEY (id_mantenedor);


--
-- TOC entry 3454 (class 2606 OID 16876)
-- Name: menus menus_pkey; Type: CONSTRAINT; Schema: public; Owner: postgres
--

ALTER TABLE ONLY public.menus
    ADD CONSTRAINT menus_pkey PRIMARY KEY (id_menu);


--
-- TOC entry 3456 (class 2606 OID 16878)
-- Name: migrations migrations_pkey; Type: CONSTRAINT; Schema: public; Owner: postgres
--

ALTER TABLE ONLY public.migrations
    ADD CONSTRAINT migrations_pkey PRIMARY KEY (id);


--
-- TOC entry 3459 (class 2606 OID 16880)
-- Name: permisos permisos_pkey; Type: CONSTRAINT; Schema: public; Owner: postgres
--

ALTER TABLE ONLY public.permisos
    ADD CONSTRAINT permisos_pkey PRIMARY KEY (id_permiso);


--
-- TOC entry 3463 (class 2606 OID 16882)
-- Name: roles_permisos roles_permisos_pkey; Type: CONSTRAINT; Schema: public; Owner: postgres
--

ALTER TABLE ONLY public.roles_permisos
    ADD CONSTRAINT roles_permisos_pkey PRIMARY KEY (id_role_permiso);


--
-- TOC entry 3461 (class 2606 OID 16884)
-- Name: roles roles_pkey; Type: CONSTRAINT; Schema: public; Owner: postgres
--

ALTER TABLE ONLY public.roles
    ADD CONSTRAINT roles_pkey PRIMARY KEY (id_role);


--
-- TOC entry 3467 (class 2606 OID 16886)
-- Name: servicios_estados servicios_estados_pkey; Type: CONSTRAINT; Schema: public; Owner: postgres
--

ALTER TABLE ONLY public.servicios_estados
    ADD CONSTRAINT servicios_estados_pkey PRIMARY KEY (id_servicio_estado);


--
-- TOC entry 3469 (class 2606 OID 16888)
-- Name: servicios_permisos servicios_permisos_pkey; Type: CONSTRAINT; Schema: public; Owner: postgres
--

ALTER TABLE ONLY public.servicios_permisos
    ADD CONSTRAINT servicios_permisos_pkey PRIMARY KEY (id_servicio_permiso);


--
-- TOC entry 3465 (class 2606 OID 16890)
-- Name: servicios servicios_pkey; Type: CONSTRAINT; Schema: public; Owner: postgres
--

ALTER TABLE ONLY public.servicios
    ADD CONSTRAINT servicios_pkey PRIMARY KEY (id_servicio);


--
-- TOC entry 3471 (class 2606 OID 16892)
-- Name: servicios_tags servicios_tags_pkey; Type: CONSTRAINT; Schema: public; Owner: postgres
--

ALTER TABLE ONLY public.servicios_tags
    ADD CONSTRAINT servicios_tags_pkey PRIMARY KEY (id_servicio_tag);


--
-- TOC entry 3473 (class 2606 OID 16894)
-- Name: servicios_usuarios servicios_usuarios_pkey; Type: CONSTRAINT; Schema: public; Owner: postgres
--

ALTER TABLE ONLY public.servicios_usuarios
    ADD CONSTRAINT servicios_usuarios_pkey PRIMARY KEY (id_servicio_usuario);


--
-- TOC entry 3475 (class 2606 OID 16896)
-- Name: servidores servidor_aplicaciones_pkey; Type: CONSTRAINT; Schema: public; Owner: postgres
--

ALTER TABLE ONLY public.servidores
    ADD CONSTRAINT servidor_aplicaciones_pkey PRIMARY KEY (id_servidor);


--
-- TOC entry 3481 (class 2606 OID 16898)
-- Name: servidores_historico_cambios servidor_historico_cambios_pkey; Type: CONSTRAINT; Schema: public; Owner: postgres
--

ALTER TABLE ONLY public.servidores_historico_cambios
    ADD CONSTRAINT servidor_historico_cambios_pkey PRIMARY KEY (id_servidor_historico);


--
-- TOC entry 3483 (class 2606 OID 16900)
-- Name: servidores_lvms servidores_lvms_pkey; Type: CONSTRAINT; Schema: public; Owner: postgres
--

ALTER TABLE ONLY public.servidores_lvms
    ADD CONSTRAINT servidores_lvms_pkey PRIMARY KEY (id_servidor_lvm);


--
-- TOC entry 3485 (class 2606 OID 16902)
-- Name: sistemas_operativos sistemas_operativos_pkey; Type: CONSTRAINT; Schema: public; Owner: postgres
--

ALTER TABLE ONLY public.sistemas_operativos
    ADD CONSTRAINT sistemas_operativos_pkey PRIMARY KEY (id_sistema_operativo);


--
-- TOC entry 3487 (class 2606 OID 16904)
-- Name: tags tags_pkey; Type: CONSTRAINT; Schema: public; Owner: postgres
--

ALTER TABLE ONLY public.tags
    ADD CONSTRAINT tags_pkey PRIMARY KEY (id_tag);


--
-- TOC entry 3489 (class 2606 OID 16906)
-- Name: tecnologia_desarrollo tecnologia_desarrollo_pkey; Type: CONSTRAINT; Schema: public; Owner: postgres
--

ALTER TABLE ONLY public.tecnologia_desarrollo
    ADD CONSTRAINT tecnologia_desarrollo_pkey PRIMARY KEY (id_tecnologia_desarrollo);


--
-- TOC entry 3491 (class 2606 OID 16908)
-- Name: tipos_aplicaciones tipos_aplicaciones_pkey; Type: CONSTRAINT; Schema: public; Owner: postgres
--

ALTER TABLE ONLY public.tipos_aplicaciones
    ADD CONSTRAINT tipos_aplicaciones_pkey PRIMARY KEY (id_tipo_aplicacion);


--
-- TOC entry 3493 (class 2606 OID 16910)
-- Name: tipos_clusters tipos_clusters_pkey; Type: CONSTRAINT; Schema: public; Owner: postgres
--

ALTER TABLE ONLY public.tipos_clusters
    ADD CONSTRAINT tipos_clusters_pkey PRIMARY KEY (id_tipo_cluster);


--
-- TOC entry 3495 (class 2606 OID 16912)
-- Name: tipos_respaldos_discos tipos_respaldos_discos_pkey; Type: CONSTRAINT; Schema: public; Owner: postgres
--

ALTER TABLE ONLY public.tipos_respaldos_discos
    ADD CONSTRAINT tipos_respaldos_discos_pkey PRIMARY KEY (id_tipo_respaldo_disco);


--
-- TOC entry 3497 (class 2606 OID 16914)
-- Name: tipos_servidores tipos_servidores_pkey; Type: CONSTRAINT; Schema: public; Owner: postgres
--

ALTER TABLE ONLY public.tipos_servidores
    ADD CONSTRAINT tipos_servidores_pkey PRIMARY KEY (id_tipo_servidor);


--
-- TOC entry 3499 (class 2606 OID 16916)
-- Name: tipos_sistemas_operativos tipos_sistemas_operativos_pkey; Type: CONSTRAINT; Schema: public; Owner: postgres
--

ALTER TABLE ONLY public.tipos_sistemas_operativos
    ADD CONSTRAINT tipos_sistemas_operativos_pkey PRIMARY KEY (id_tipo_sistema_operativo);


--
-- TOC entry 3501 (class 2606 OID 16918)
-- Name: tipos_tecnologias_desarrollo tipos_tecnologias_desarrollo_pkey; Type: CONSTRAINT; Schema: public; Owner: postgres
--

ALTER TABLE ONLY public.tipos_tecnologias_desarrollo
    ADD CONSTRAINT tipos_tecnologias_desarrollo_pkey PRIMARY KEY (id_tipo_tecnologia_desarrollo);


--
-- TOC entry 3505 (class 2606 OID 16920)
-- Name: usuarios_bitacora_servicios usuarios_bitacora_servicios_pkey; Type: CONSTRAINT; Schema: public; Owner: postgres
--

ALTER TABLE ONLY public.usuarios_bitacora_servicios
    ADD CONSTRAINT usuarios_bitacora_servicios_pkey PRIMARY KEY (id_usuario_bitacora_servicio);


--
-- TOC entry 3507 (class 2606 OID 16922)
-- Name: usuarios_cargos usuarios_cargos_pkey; Type: CONSTRAINT; Schema: public; Owner: postgres
--

ALTER TABLE ONLY public.usuarios_cargos
    ADD CONSTRAINT usuarios_cargos_pkey PRIMARY KEY (id_usuario_cargo);


--
-- TOC entry 3509 (class 2606 OID 16924)
-- Name: usuarios_estados usuarios_estados_pkey; Type: CONSTRAINT; Schema: public; Owner: postgres
--

ALTER TABLE ONLY public.usuarios_estados
    ADD CONSTRAINT usuarios_estados_pkey PRIMARY KEY (id_usuario_estado);


--
-- TOC entry 3503 (class 2606 OID 16926)
-- Name: usuarios usuarios_pkey; Type: CONSTRAINT; Schema: public; Owner: postgres
--

ALTER TABLE ONLY public.usuarios
    ADD CONSTRAINT usuarios_pkey PRIMARY KEY (id_usuario);


--
-- TOC entry 3511 (class 2606 OID 16928)
-- Name: usuarios_roles usuarios_roles_pkey; Type: CONSTRAINT; Schema: public; Owner: postgres
--

ALTER TABLE ONLY public.usuarios_roles
    ADD CONSTRAINT usuarios_roles_pkey PRIMARY KEY (id_usuario_role);


--
-- TOC entry 3513 (class 2606 OID 16930)
-- Name: usuarios_servicios usuarios_servicios_pkey; Type: CONSTRAINT; Schema: public; Owner: postgres
--

ALTER TABLE ONLY public.usuarios_servicios
    ADD CONSTRAINT usuarios_servicios_pkey PRIMARY KEY (id_usuario_servicio);


--
-- TOC entry 3515 (class 2606 OID 16932)
-- Name: vlans vlans_pkey; Type: CONSTRAINT; Schema: public; Owner: postgres
--

ALTER TABLE ONLY public.vlans
    ADD CONSTRAINT vlans_pkey PRIMARY KEY (id_vlan);


--
-- TOC entry 3457 (class 1259 OID 16933)
-- Name: password_resets_email_index; Type: INDEX; Schema: public; Owner: postgres
--

CREATE INDEX password_resets_email_index ON public.password_resets USING btree (email);


-- Completed on 2018-04-23 05:29:33 -03

--
-- PostgreSQL database dump complete
--

