--
-- PostgreSQL database dump
--

-- Dumped from database version 10.3 (Ubuntu 10.3-1.pgdg16.04+1)
-- Dumped by pg_dump version 10.3 (Ubuntu 10.3-1.pgdg16.04+1)

SET statement_timeout = 0;
SET lock_timeout = 0;
SET idle_in_transaction_session_timeout = 0;
SET client_encoding = 'UTF8';
SET standard_conforming_strings = on;
SELECT pg_catalog.set_config('search_path', '', false);
SET check_function_bodies = false;
SET client_min_messages = warning;
SET row_security = off;

--
-- Name: plpgsql; Type: EXTENSION; Schema: -; Owner: 
--

CREATE EXTENSION IF NOT EXISTS plpgsql WITH SCHEMA pg_catalog;


--
-- Name: EXTENSION plpgsql; Type: COMMENT; Schema: -; Owner: 
--

COMMENT ON EXTENSION plpgsql IS 'PL/pgSQL procedural language';


--
-- Name: accesos_aplicaciones_id_seq; Type: SEQUENCE; Schema: public; Owner: postgres
--

CREATE SEQUENCE public.accesos_aplicaciones_id_seq
    START WITH 1
    INCREMENT BY 1
    NO MINVALUE
    NO MAXVALUE
    CACHE 1;


ALTER TABLE public.accesos_aplicaciones_id_seq OWNER TO postgres;

--
-- Name: accesos_servidores_id_seq; Type: SEQUENCE; Schema: public; Owner: postgres
--

CREATE SEQUENCE public.accesos_servidores_id_seq
    START WITH 1
    INCREMENT BY 1
    NO MINVALUE
    NO MAXVALUE
    CACHE 1;


ALTER TABLE public.accesos_servidores_id_seq OWNER TO postgres;

--
-- Name: actividades_id_seq; Type: SEQUENCE; Schema: public; Owner: postgres
--

CREATE SEQUENCE public.actividades_id_seq
    START WITH 1
    INCREMENT BY 1
    NO MINVALUE
    NO MAXVALUE
    CACHE 1;


ALTER TABLE public.actividades_id_seq OWNER TO postgres;

SET default_tablespace = '';

SET default_with_oids = false;

--
-- Name: actividades; Type: TABLE; Schema: public; Owner: postgres
--

CREATE TABLE public.actividades (
    id_actividad integer DEFAULT nextval('public.actividades_id_seq'::regclass) NOT NULL,
    nom_actividad text,
    det_actividad text,
    id_usuario_registra integer,
    id_usuario_modifica integer,
    created_at timestamp without time zone,
    updated_at timestamp without time zone,
    deleted_at timestamp without time zone
);


ALTER TABLE public.actividades OWNER TO postgres;

--
-- Name: actividades_tags_id_seq; Type: SEQUENCE; Schema: public; Owner: postgres
--

CREATE SEQUENCE public.actividades_tags_id_seq
    START WITH 1
    INCREMENT BY 1
    NO MINVALUE
    NO MAXVALUE
    CACHE 1;


ALTER TABLE public.actividades_tags_id_seq OWNER TO postgres;

--
-- Name: actividades_tags; Type: TABLE; Schema: public; Owner: postgres
--

CREATE TABLE public.actividades_tags (
    id_actividad_tag integer DEFAULT nextval('public.actividades_tags_id_seq'::regclass) NOT NULL,
    id_actividad integer,
    id_tag integer,
    id_usuario_registra integer,
    id_usuario_modifica integer,
    created_at timestamp without time zone,
    updated_at timestamp without time zone,
    deleted_at timestamp without time zone
);


ALTER TABLE public.actividades_tags OWNER TO postgres;

--
-- Name: aplicaciones_id_seq; Type: SEQUENCE; Schema: public; Owner: postgres
--

CREATE SEQUENCE public.aplicaciones_id_seq
    START WITH 1
    INCREMENT BY 1
    NO MINVALUE
    NO MAXVALUE
    CACHE 1;


ALTER TABLE public.aplicaciones_id_seq OWNER TO postgres;

--
-- Name: aplicaciones; Type: TABLE; Schema: public; Owner: postgres
--

CREATE TABLE public.aplicaciones (
    id_aplicacion integer DEFAULT nextval('public.aplicaciones_id_seq'::regclass) NOT NULL,
    id_tipo_aplicacion integer,
    id_servicio integer,
    id_dominio integer,
    nom_aplicacion text,
    det_aplicacion text,
    alias text,
    url_web text,
    ip text,
    subdominio text,
    ssl_tls text,
    id_usuario_registra integer,
    id_usuario_modifica integer,
    created_at timestamp without time zone,
    updated_at timestamp without time zone,
    deleted_at timestamp without time zone,
    id_servidor integer
);


ALTER TABLE public.aplicaciones OWNER TO postgres;

--
-- Name: aplicaciones_accesos; Type: TABLE; Schema: public; Owner: postgres
--

CREATE TABLE public.aplicaciones_accesos (
    id_acceso_aplicacion integer DEFAULT nextval('public.accesos_aplicaciones_id_seq'::regclass) NOT NULL,
    id_aplicacion integer,
    id_servidor integer,
    username text,
    password text,
    email text,
    id_usuario_registra integer,
    id_usuario_modifica integer,
    created_at timestamp without time zone,
    updated_at timestamp without time zone,
    deleted_at timestamp without time zone
);


ALTER TABLE public.aplicaciones_accesos OWNER TO postgres;

--
-- Name: aplicaciones_estados_id_seq; Type: SEQUENCE; Schema: public; Owner: postgres
--

CREATE SEQUENCE public.aplicaciones_estados_id_seq
    START WITH 1
    INCREMENT BY 1
    NO MINVALUE
    NO MAXVALUE
    CACHE 1;


ALTER TABLE public.aplicaciones_estados_id_seq OWNER TO postgres;

--
-- Name: aplicaciones_estados; Type: TABLE; Schema: public; Owner: postgres
--

CREATE TABLE public.aplicaciones_estados (
    id_aplicacion_estado integer DEFAULT nextval('public.aplicaciones_estados_id_seq'::regclass) NOT NULL,
    id_aplicacion integer,
    id_estado integer,
    id_usuario_registra integer,
    id_usuario_modifica integer,
    created_at timestamp without time zone,
    updated_at timestamp without time zone,
    deleted_at timestamp without time zone
);


ALTER TABLE public.aplicaciones_estados OWNER TO postgres;

--
-- Name: aplicaciones_tags_id_seq; Type: SEQUENCE; Schema: public; Owner: postgres
--

CREATE SEQUENCE public.aplicaciones_tags_id_seq
    START WITH 1
    INCREMENT BY 1
    NO MINVALUE
    NO MAXVALUE
    CACHE 1;


ALTER TABLE public.aplicaciones_tags_id_seq OWNER TO postgres;

--
-- Name: aplicaciones_tags; Type: TABLE; Schema: public; Owner: postgres
--

CREATE TABLE public.aplicaciones_tags (
    id_aplicacion_tag integer DEFAULT nextval('public.aplicaciones_tags_id_seq'::regclass) NOT NULL,
    id_aplicacion integer,
    id_tag integer,
    id_usuario_registra integer,
    id_usuario_modifica integer,
    created_at timestamp without time zone,
    updated_at timestamp without time zone,
    deleted_at timestamp without time zone
);


ALTER TABLE public.aplicaciones_tags OWNER TO postgres;

--
-- Name: aplicaciones_tecnologias_id_seq; Type: SEQUENCE; Schema: public; Owner: postgres
--

CREATE SEQUENCE public.aplicaciones_tecnologias_id_seq
    START WITH 1
    INCREMENT BY 1
    NO MINVALUE
    NO MAXVALUE
    CACHE 1;


ALTER TABLE public.aplicaciones_tecnologias_id_seq OWNER TO postgres;

--
-- Name: aplicaciones_tecnologias; Type: TABLE; Schema: public; Owner: postgres
--

CREATE TABLE public.aplicaciones_tecnologias (
    id_aplicacion_tecnologia integer DEFAULT nextval('public.aplicaciones_tecnologias_id_seq'::regclass) NOT NULL,
    id_aplicacion integer,
    id_tecnologia integer,
    id_usuario_registra integer,
    id_usuario_modifica integer,
    created_at timestamp without time zone,
    updated_at timestamp without time zone,
    deleted_at timestamp without time zone
);


ALTER TABLE public.aplicaciones_tecnologias OWNER TO postgres;

--
-- Name: cargos_id_seq; Type: SEQUENCE; Schema: public; Owner: postgres
--

CREATE SEQUENCE public.cargos_id_seq
    START WITH 1
    INCREMENT BY 1
    NO MINVALUE
    NO MAXVALUE
    CACHE 1;


ALTER TABLE public.cargos_id_seq OWNER TO postgres;

--
-- Name: cargos; Type: TABLE; Schema: public; Owner: postgres
--

CREATE TABLE public.cargos (
    id_cargo integer DEFAULT nextval('public.cargos_id_seq'::regclass) NOT NULL,
    nom_cargo text,
    det_cargo text,
    id_usuario_registra integer,
    id_usuario_modifica integer,
    created_at timestamp without time zone,
    updated_at timestamp without time zone,
    deleted_at timestamp without time zone,
    cod_cargo text
);


ALTER TABLE public.cargos OWNER TO postgres;

--
-- Name: catalogos_servicios_id_seq; Type: SEQUENCE; Schema: public; Owner: postgres
--

CREATE SEQUENCE public.catalogos_servicios_id_seq
    START WITH 1
    INCREMENT BY 1
    NO MINVALUE
    NO MAXVALUE
    CACHE 1;


ALTER TABLE public.catalogos_servicios_id_seq OWNER TO postgres;

--
-- Name: catalogos_servicios; Type: TABLE; Schema: public; Owner: postgres
--

CREATE TABLE public.catalogos_servicios (
    id_catalogo_servicio integer DEFAULT nextval('public.catalogos_servicios_id_seq'::regclass) NOT NULL,
    id_servicio integer,
    asunto text,
    det_catalogo text,
    avatar text,
    id_usuario_registra integer,
    id_usuario_modifica integer,
    created_at timestamp without time zone,
    updated_at timestamp without time zone,
    deleted_at timestamp without time zone
);


ALTER TABLE public.catalogos_servicios OWNER TO postgres;

--
-- Name: catalogos_servicios_tags_id_seq; Type: SEQUENCE; Schema: public; Owner: postgres
--

CREATE SEQUENCE public.catalogos_servicios_tags_id_seq
    START WITH 1
    INCREMENT BY 1
    NO MINVALUE
    NO MAXVALUE
    CACHE 1;


ALTER TABLE public.catalogos_servicios_tags_id_seq OWNER TO postgres;

--
-- Name: catalogos_servicios_tags; Type: TABLE; Schema: public; Owner: postgres
--

CREATE TABLE public.catalogos_servicios_tags (
    id_catalogo_servicio_tag integer DEFAULT nextval('public.catalogos_servicios_tags_id_seq'::regclass) NOT NULL,
    id_catalogo_servicio integer NOT NULL,
    id_tag integer,
    id_usuario_registra integer,
    id_usuario_modifica integer,
    created_at timestamp without time zone,
    updated_at timestamp without time zone,
    deleted_at timestamp without time zone
);


ALTER TABLE public.catalogos_servicios_tags OWNER TO postgres;

--
-- Name: comuna; Type: TABLE; Schema: public; Owner: postgres
--

CREATE TABLE public.comuna (
    id_comuna character varying(255),
    id_region character varying(255),
    nombre_comuna character varying(255),
    created_at timestamp(0) without time zone,
    updated_at timestamp(0) without time zone,
    deleted_at timestamp without time zone
);


ALTER TABLE public.comuna OWNER TO postgres;

--
-- Name: datacentros_id_seq; Type: SEQUENCE; Schema: public; Owner: postgres
--

CREATE SEQUENCE public.datacentros_id_seq
    START WITH 1
    INCREMENT BY 1
    NO MINVALUE
    NO MAXVALUE
    CACHE 1;


ALTER TABLE public.datacentros_id_seq OWNER TO postgres;

--
-- Name: datacentros; Type: TABLE; Schema: public; Owner: postgres
--

CREATE TABLE public.datacentros (
    id_datacentro integer DEFAULT nextval('public.datacentros_id_seq'::regclass) NOT NULL,
    nom_datacentro text,
    id_usuario_registra integer,
    id_usuario_modifica integer,
    created_at timestamp without time zone,
    updated_at timestamp without time zone,
    deleted_at timestamp without time zone,
    det_datacentro text,
    cod_datacentro text
);


ALTER TABLE public.datacentros OWNER TO postgres;

--
-- Name: dominios_id_seq; Type: SEQUENCE; Schema: public; Owner: postgres
--

CREATE SEQUENCE public.dominios_id_seq
    START WITH 1
    INCREMENT BY 1
    NO MINVALUE
    NO MAXVALUE
    CACHE 1;


ALTER TABLE public.dominios_id_seq OWNER TO postgres;

--
-- Name: dominios; Type: TABLE; Schema: public; Owner: postgres
--

CREATE TABLE public.dominios (
    id_dominio integer DEFAULT nextval('public.dominios_id_seq'::regclass) NOT NULL,
    nom_dominio text,
    det_dominio text,
    ip_publica text,
    ip_balanceador text,
    dns_asoc_dominio text,
    id_usuario_registra integer,
    id_usuario_modifica integer,
    created_at timestamp without time zone,
    updated_at timestamp without time zone,
    deleted_at timestamp without time zone
);


ALTER TABLE public.dominios OWNER TO postgres;

--
-- Name: entregas_credenciales_usuarios_id_seq; Type: SEQUENCE; Schema: public; Owner: postgres
--

CREATE SEQUENCE public.entregas_credenciales_usuarios_id_seq
    START WITH 1
    INCREMENT BY 1
    NO MINVALUE
    NO MAXVALUE
    CACHE 1;


ALTER TABLE public.entregas_credenciales_usuarios_id_seq OWNER TO postgres;

--
-- Name: entregas_credenciales_usuarios; Type: TABLE; Schema: public; Owner: postgres
--

CREATE TABLE public.entregas_credenciales_usuarios (
    id_entrega_credencial_usuario integer DEFAULT nextval('public.entregas_credenciales_usuarios_id_seq'::regclass) NOT NULL,
    username text,
    password text,
    tiempo_expiracion text,
    estado text,
    id_usuario_registra integer,
    id_usuario_modifica integer,
    created_at timestamp without time zone,
    updated_at timestamp without time zone,
    deleted_at timestamp without time zone
);


ALTER TABLE public.entregas_credenciales_usuarios OWNER TO postgres;

--
-- Name: establecimientos; Type: TABLE; Schema: public; Owner: postgres
--

CREATE TABLE public.establecimientos (
    id_establecimiento integer,
    id_establecimiento_antiguo integer,
    id_servicio_salud integer,
    id_region integer,
    id_comuna integer,
    nombre_establecimiento text,
    tipo_establecimiento text,
    vigencia_desde text,
    fecha_cierre text,
    created_at timestamp(0) without time zone,
    updated_at timestamp(0) without time zone,
    deleted_at timestamp without time zone
);


ALTER TABLE public.establecimientos OWNER TO postgres;

--
-- Name: estados_id_seq; Type: SEQUENCE; Schema: public; Owner: postgres
--

CREATE SEQUENCE public.estados_id_seq
    START WITH 1
    INCREMENT BY 1
    NO MINVALUE
    NO MAXVALUE
    CACHE 1;


ALTER TABLE public.estados_id_seq OWNER TO postgres;

--
-- Name: estados; Type: TABLE; Schema: public; Owner: postgres
--

CREATE TABLE public.estados (
    id_estado integer DEFAULT nextval('public.estados_id_seq'::regclass) NOT NULL,
    nom_estado text,
    cod_estado text,
    id_usuario_registra integer,
    id_usuario_modifica integer,
    created_at timestamp without time zone,
    updated_at timestamp without time zone,
    deleted_at timestamp without time zone,
    det_estado text
);


ALTER TABLE public.estados OWNER TO postgres;

--
-- Name: fuentes_aplicaciones_id_seq; Type: SEQUENCE; Schema: public; Owner: postgres
--

CREATE SEQUENCE public.fuentes_aplicaciones_id_seq
    START WITH 1
    INCREMENT BY 1
    NO MINVALUE
    NO MAXVALUE
    CACHE 1;


ALTER TABLE public.fuentes_aplicaciones_id_seq OWNER TO postgres;

--
-- Name: fuentes_aplicaciones; Type: TABLE; Schema: public; Owner: postgres
--

CREATE TABLE public.fuentes_aplicaciones (
    id_fuente_aplicacion integer DEFAULT nextval('public.fuentes_aplicaciones_id_seq'::regclass) NOT NULL,
    id_aplicacion integer,
    id_servicio integer,
    url_descarga text,
    nom_fuente text,
    det_fuente text,
    id_usuario_registra integer,
    id_usuario_modifica integer,
    created_at timestamp without time zone,
    updated_at timestamp without time zone,
    deleted_at timestamp without time zone
);


ALTER TABLE public.fuentes_aplicaciones OWNER TO postgres;

--
-- Name: log_navegacion_id_seq; Type: SEQUENCE; Schema: public; Owner: postgres
--

CREATE SEQUENCE public.log_navegacion_id_seq
    START WITH 1
    INCREMENT BY 1
    NO MINVALUE
    NO MAXVALUE
    CACHE 1;


ALTER TABLE public.log_navegacion_id_seq OWNER TO postgres;

--
-- Name: log_navegacion; Type: TABLE; Schema: public; Owner: postgres
--

CREATE TABLE public.log_navegacion (
    id_log_navegacion integer DEFAULT nextval('public.log_navegacion_id_seq'::regclass) NOT NULL,
    id_usuario integer,
    cod_establecimiento text,
    nom_usuario text,
    email_usuario text,
    path_url text,
    ip text,
    latitude text,
    longitude text,
    created_at timestamp(0) without time zone,
    updated_at timestamp(0) without time zone,
    deleted_at timestamp without time zone
);


ALTER TABLE public.log_navegacion OWNER TO postgres;

--
-- Name: migrations; Type: TABLE; Schema: public; Owner: postgres
--

CREATE TABLE public.migrations (
    id integer NOT NULL,
    migration character varying(255) NOT NULL,
    batch integer NOT NULL
);


ALTER TABLE public.migrations OWNER TO postgres;

--
-- Name: migrations_id_seq; Type: SEQUENCE; Schema: public; Owner: postgres
--

CREATE SEQUENCE public.migrations_id_seq
    AS integer
    START WITH 1
    INCREMENT BY 1
    NO MINVALUE
    NO MAXVALUE
    CACHE 1;


ALTER TABLE public.migrations_id_seq OWNER TO postgres;

--
-- Name: migrations_id_seq; Type: SEQUENCE OWNED BY; Schema: public; Owner: postgres
--

ALTER SEQUENCE public.migrations_id_seq OWNED BY public.migrations.id;


--
-- Name: pais; Type: TABLE; Schema: public; Owner: postgres
--

CREATE TABLE public.pais (
    id_pais character varying(255),
    nombre_pais character varying(255),
    created_at timestamp(0) without time zone,
    updated_at timestamp(0) without time zone,
    deleted_at timestamp without time zone
);


ALTER TABLE public.pais OWNER TO postgres;

--
-- Name: password_resets; Type: TABLE; Schema: public; Owner: postgres
--

CREATE TABLE public.password_resets (
    email character varying(255) NOT NULL,
    token character varying(255) NOT NULL,
    created_at timestamp(0) without time zone
);


ALTER TABLE public.password_resets OWNER TO postgres;

--
-- Name: permisos_id_seq; Type: SEQUENCE; Schema: public; Owner: postgres
--

CREATE SEQUENCE public.permisos_id_seq
    START WITH 1
    INCREMENT BY 1
    NO MINVALUE
    NO MAXVALUE
    CACHE 1;


ALTER TABLE public.permisos_id_seq OWNER TO postgres;

--
-- Name: permisos; Type: TABLE; Schema: public; Owner: postgres
--

CREATE TABLE public.permisos (
    id_permiso integer DEFAULT nextval('public.permisos_id_seq'::regclass) NOT NULL,
    nom_permiso text,
    det_permiso text,
    cod_permiso text,
    id_usuario_registra integer,
    id_usuario_modifica integer,
    created_at timestamp without time zone,
    updated_at timestamp without time zone,
    deleted_at timestamp without time zone
);


ALTER TABLE public.permisos OWNER TO postgres;

--
-- Name: region; Type: TABLE; Schema: public; Owner: postgres
--

CREATE TABLE public.region (
    id_region character varying(255),
    nombre_region character varying(255),
    alias character varying(255),
    orden character varying(255),
    created_at timestamp(0) without time zone,
    updated_at timestamp(0) without time zone,
    deleted_at timestamp without time zone
);


ALTER TABLE public.region OWNER TO postgres;

--
-- Name: roles_id_seq; Type: SEQUENCE; Schema: public; Owner: postgres
--

CREATE SEQUENCE public.roles_id_seq
    START WITH 1
    INCREMENT BY 1
    NO MINVALUE
    NO MAXVALUE
    CACHE 1;


ALTER TABLE public.roles_id_seq OWNER TO postgres;

--
-- Name: roles; Type: TABLE; Schema: public; Owner: postgres
--

CREATE TABLE public.roles (
    id_role integer DEFAULT nextval('public.roles_id_seq'::regclass) NOT NULL,
    nom_role text,
    det_role text,
    id_usuario_registra integer,
    id_usuario_modifica integer,
    created_at timestamp without time zone,
    updated_at timestamp without time zone,
    deleted_at timestamp without time zone
);


ALTER TABLE public.roles OWNER TO postgres;

--
-- Name: roles_permisos_id_seq; Type: SEQUENCE; Schema: public; Owner: postgres
--

CREATE SEQUENCE public.roles_permisos_id_seq
    START WITH 1
    INCREMENT BY 1
    NO MINVALUE
    NO MAXVALUE
    CACHE 1;


ALTER TABLE public.roles_permisos_id_seq OWNER TO postgres;

--
-- Name: roles_permisos; Type: TABLE; Schema: public; Owner: postgres
--

CREATE TABLE public.roles_permisos (
    id_role_permiso integer DEFAULT nextval('public.roles_permisos_id_seq'::regclass) NOT NULL,
    id_role integer,
    id_permiso integer,
    id_usuario_registra integer,
    id_usuario_modifica integer,
    created_at timestamp without time zone,
    updated_at timestamp without time zone,
    deleted_at timestamp without time zone
);


ALTER TABLE public.roles_permisos OWNER TO postgres;

--
-- Name: servicio_salud; Type: TABLE; Schema: public; Owner: postgres
--

CREATE TABLE public.servicio_salud (
    id_servicio_salud character varying(255),
    id_region character varying(255),
    nombre_servicio_salud character varying(255),
    orden character varying(255),
    created_at timestamp(0) without time zone,
    updated_at timestamp(0) without time zone,
    deleted_at timestamp without time zone
);


ALTER TABLE public.servicio_salud OWNER TO postgres;

--
-- Name: servicios_id_seq; Type: SEQUENCE; Schema: public; Owner: postgres
--

CREATE SEQUENCE public.servicios_id_seq
    START WITH 1
    INCREMENT BY 1
    NO MINVALUE
    NO MAXVALUE
    CACHE 1;


ALTER TABLE public.servicios_id_seq OWNER TO postgres;

--
-- Name: servicios; Type: TABLE; Schema: public; Owner: postgres
--

CREATE TABLE public.servicios (
    id_servicio integer DEFAULT nextval('public.servicios_id_seq'::regclass) NOT NULL,
    id_actividad integer,
    id_usuario integer,
    nom_servicio text,
    det_servicio text,
    id_usuario_registra integer,
    id_usuario_modifica integer,
    created_at timestamp without time zone,
    updated_at timestamp without time zone,
    deleted_at timestamp without time zone
);


ALTER TABLE public.servicios OWNER TO postgres;

--
-- Name: servicios_estados_id_seq; Type: SEQUENCE; Schema: public; Owner: postgres
--

CREATE SEQUENCE public.servicios_estados_id_seq
    START WITH 1
    INCREMENT BY 1
    NO MINVALUE
    NO MAXVALUE
    CACHE 1;


ALTER TABLE public.servicios_estados_id_seq OWNER TO postgres;

--
-- Name: servicios_estados; Type: TABLE; Schema: public; Owner: postgres
--

CREATE TABLE public.servicios_estados (
    id_servicio_estado integer DEFAULT nextval('public.servicios_estados_id_seq'::regclass) NOT NULL,
    id_servicio integer,
    id_estado integer,
    id_usuario_registra integer,
    id_usuario_modifica integer,
    created_at timestamp without time zone,
    updated_at timestamp without time zone,
    deleted_at timestamp without time zone
);


ALTER TABLE public.servicios_estados OWNER TO postgres;

--
-- Name: servicios_permisos_id_seq; Type: SEQUENCE; Schema: public; Owner: postgres
--

CREATE SEQUENCE public.servicios_permisos_id_seq
    START WITH 1
    INCREMENT BY 1
    NO MINVALUE
    NO MAXVALUE
    CACHE 1;


ALTER TABLE public.servicios_permisos_id_seq OWNER TO postgres;

--
-- Name: servicios_permisos; Type: TABLE; Schema: public; Owner: postgres
--

CREATE TABLE public.servicios_permisos (
    id_servicio_permiso integer DEFAULT nextval('public.servicios_permisos_id_seq'::regclass) NOT NULL,
    id_servicio integer,
    id_permiso integer,
    id_usuario_registra integer,
    id_usuario_modifica integer,
    created_at timestamp without time zone,
    updated_at timestamp without time zone,
    deleted_at timestamp without time zone
);


ALTER TABLE public.servicios_permisos OWNER TO postgres;

--
-- Name: servicios_tags_id_seq; Type: SEQUENCE; Schema: public; Owner: postgres
--

CREATE SEQUENCE public.servicios_tags_id_seq
    START WITH 1
    INCREMENT BY 1
    NO MINVALUE
    NO MAXVALUE
    CACHE 1;


ALTER TABLE public.servicios_tags_id_seq OWNER TO postgres;

--
-- Name: servicios_tags; Type: TABLE; Schema: public; Owner: postgres
--

CREATE TABLE public.servicios_tags (
    id_servicio_tag integer DEFAULT nextval('public.servicios_tags_id_seq'::regclass) NOT NULL,
    id_servicio integer,
    id_tag integer,
    id_usuario_registra integer,
    id_usuario_modifica integer,
    created_at timestamp without time zone,
    updated_at timestamp without time zone,
    deleted_at timestamp without time zone
);


ALTER TABLE public.servicios_tags OWNER TO postgres;

--
-- Name: servidor_aplicaciones_id_seq; Type: SEQUENCE; Schema: public; Owner: postgres
--

CREATE SEQUENCE public.servidor_aplicaciones_id_seq
    START WITH 1
    INCREMENT BY 1
    NO MINVALUE
    NO MAXVALUE
    CACHE 1;


ALTER TABLE public.servidor_aplicaciones_id_seq OWNER TO postgres;

--
-- Name: servidores; Type: TABLE; Schema: public; Owner: postgres
--

CREATE TABLE public.servidores (
    id_servidor integer DEFAULT nextval('public.servidor_aplicaciones_id_seq'::regclass) NOT NULL,
    id_datacentro integer,
    id_sistema_operativo integer,
    nom_servidor text,
    ip_servidor text,
    id_usuario_registra integer,
    id_usuario_modifica integer,
    created_at timestamp without time zone,
    updated_at timestamp without time zone,
    deleted_at timestamp without time zone,
    det_servidor text,
    ram integer,
    memoria_dd integer,
    swap integer,
    procesador text,
    frec_procesador integer,
    nucleos integer,
    usuarios_pactados integer,
    mac text,
    nodo text,
    interface text
);


ALTER TABLE public.servidores OWNER TO postgres;

--
-- Name: servidores_accesos; Type: TABLE; Schema: public; Owner: postgres
--

CREATE TABLE public.servidores_accesos (
    id_servidor_acceso integer DEFAULT nextval('public.accesos_servidores_id_seq'::regclass) NOT NULL,
    id_aplicacion integer,
    id_servidor integer,
    username text,
    password text,
    tipo_acceso text,
    puerto_acceso text,
    id_usuario_registra integer,
    id_usuario_modifica integer,
    created_at timestamp without time zone,
    updated_at timestamp without time zone,
    deleted_at timestamp without time zone
);


ALTER TABLE public.servidores_accesos OWNER TO postgres;

--
-- Name: sistemas_operativos_id_seq; Type: SEQUENCE; Schema: public; Owner: postgres
--

CREATE SEQUENCE public.sistemas_operativos_id_seq
    START WITH 1
    INCREMENT BY 1
    NO MINVALUE
    NO MAXVALUE
    CACHE 1;


ALTER TABLE public.sistemas_operativos_id_seq OWNER TO postgres;

--
-- Name: sistemas_operativos; Type: TABLE; Schema: public; Owner: postgres
--

CREATE TABLE public.sistemas_operativos (
    id_sistema_operativo integer DEFAULT nextval('public.sistemas_operativos_id_seq'::regclass) NOT NULL,
    arquitectura text,
    nom_sistema_operativo text,
    det_sistema_operativo text,
    vers_sistema_operativo text,
    lic_sistema_operativo text,
    det_licencia_sistema_operativo text,
    id_usuario_registra integer,
    id_usuario_modifica integer,
    created_at timestamp without time zone,
    updated_at timestamp without time zone,
    deleted_at timestamp without time zone
);


ALTER TABLE public.sistemas_operativos OWNER TO postgres;

--
-- Name: tags_id_seq; Type: SEQUENCE; Schema: public; Owner: postgres
--

CREATE SEQUENCE public.tags_id_seq
    START WITH 1
    INCREMENT BY 1
    NO MINVALUE
    NO MAXVALUE
    CACHE 1;


ALTER TABLE public.tags_id_seq OWNER TO postgres;

--
-- Name: tags; Type: TABLE; Schema: public; Owner: postgres
--

CREATE TABLE public.tags (
    id_tag integer DEFAULT nextval('public.tags_id_seq'::regclass) NOT NULL,
    nom_tag text,
    det_tag text,
    meta_tag text,
    id_usuario_registra integer,
    id_usuario_modifica integer,
    created_at timestamp without time zone,
    updated_at timestamp without time zone,
    deleted_at timestamp without time zone
);


ALTER TABLE public.tags OWNER TO postgres;

--
-- Name: tecnologia_desarrollo_id_seq; Type: SEQUENCE; Schema: public; Owner: postgres
--

CREATE SEQUENCE public.tecnologia_desarrollo_id_seq
    START WITH 1
    INCREMENT BY 1
    NO MINVALUE
    NO MAXVALUE
    CACHE 1;


ALTER TABLE public.tecnologia_desarrollo_id_seq OWNER TO postgres;

--
-- Name: tecnologia_desarrollo; Type: TABLE; Schema: public; Owner: postgres
--

CREATE TABLE public.tecnologia_desarrollo (
    id_tecnologia_desarrollo integer DEFAULT nextval('public.tecnologia_desarrollo_id_seq'::regclass) NOT NULL,
    id_tipo_tecnologia integer,
    nom_tecnologia text,
    det_tecnologia text,
    vers_tecnologia text,
    id_usuario_registra integer,
    id_usuario_modifica integer,
    created_at timestamp without time zone,
    updated_at timestamp without time zone,
    deleted_at timestamp without time zone
);


ALTER TABLE public.tecnologia_desarrollo OWNER TO postgres;

--
-- Name: tipos_aplicaciones_id_seq; Type: SEQUENCE; Schema: public; Owner: postgres
--

CREATE SEQUENCE public.tipos_aplicaciones_id_seq
    START WITH 1
    INCREMENT BY 1
    NO MINVALUE
    NO MAXVALUE
    CACHE 1;


ALTER TABLE public.tipos_aplicaciones_id_seq OWNER TO postgres;

--
-- Name: tipos_aplicaciones; Type: TABLE; Schema: public; Owner: postgres
--

CREATE TABLE public.tipos_aplicaciones (
    id_tipo_aplicacion integer DEFAULT nextval('public.tipos_aplicaciones_id_seq'::regclass) NOT NULL,
    nom_tipo_aplicacion text,
    det_tipo_aplicacion text,
    cod_tipo_aplicacion text,
    id_usuario_registra integer,
    id_usuario_modifica integer,
    created_at timestamp without time zone,
    updated_at timestamp without time zone,
    deleted_at timestamp without time zone
);


ALTER TABLE public.tipos_aplicaciones OWNER TO postgres;

--
-- Name: tipos_tecnologias_desarrollo_id_seq; Type: SEQUENCE; Schema: public; Owner: postgres
--

CREATE SEQUENCE public.tipos_tecnologias_desarrollo_id_seq
    START WITH 1
    INCREMENT BY 1
    NO MINVALUE
    NO MAXVALUE
    CACHE 1;


ALTER TABLE public.tipos_tecnologias_desarrollo_id_seq OWNER TO postgres;

--
-- Name: tipos_tecnologias_desarrollo; Type: TABLE; Schema: public; Owner: postgres
--

CREATE TABLE public.tipos_tecnologias_desarrollo (
    id_tipo_tecnologia_desarrollo integer DEFAULT nextval('public.tipos_tecnologias_desarrollo_id_seq'::regclass) NOT NULL,
    nom_tipo text,
    det_tipo text,
    cod_tipo text,
    id_usuario_registra integer,
    id_usuario_modifica integer,
    created_at timestamp without time zone,
    updated_at timestamp without time zone,
    deleted_at timestamp without time zone
);


ALTER TABLE public.tipos_tecnologias_desarrollo OWNER TO postgres;

--
-- Name: usuarios_id_seq; Type: SEQUENCE; Schema: public; Owner: postgres
--

CREATE SEQUENCE public.usuarios_id_seq
    START WITH 1
    INCREMENT BY 1
    NO MINVALUE
    NO MAXVALUE
    CACHE 1;


ALTER TABLE public.usuarios_id_seq OWNER TO postgres;

--
-- Name: usuarios; Type: TABLE; Schema: public; Owner: postgres
--

CREATE TABLE public.usuarios (
    id_usuario integer DEFAULT nextval('public.usuarios_id_seq'::regclass) NOT NULL,
    nom_usuario text NOT NULL,
    nom_completo text,
    ape_paterno text,
    ape_materno text,
    username text,
    email text NOT NULL,
    password text NOT NULL,
    remember_token text,
    id_usuario_registra integer,
    id_usuario_modifica integer,
    created_at timestamp without time zone,
    updated_at timestamp without time zone,
    deleted_at timestamp without time zone
);


ALTER TABLE public.usuarios OWNER TO postgres;

--
-- Name: usuarios_bitacora_servicios_id_seq; Type: SEQUENCE; Schema: public; Owner: postgres
--

CREATE SEQUENCE public.usuarios_bitacora_servicios_id_seq
    START WITH 1
    INCREMENT BY 1
    NO MINVALUE
    NO MAXVALUE
    CACHE 1;


ALTER TABLE public.usuarios_bitacora_servicios_id_seq OWNER TO postgres;

--
-- Name: usuarios_bitacora_servicios; Type: TABLE; Schema: public; Owner: postgres
--

CREATE TABLE public.usuarios_bitacora_servicios (
    id_usuario_bitacora_servicio integer DEFAULT nextval('public.usuarios_bitacora_servicios_id_seq'::regclass) NOT NULL,
    id_usuario integer,
    id_servicio integer,
    id_actividad integer,
    asunto text,
    det_bitacora text,
    id_usuario_registra integer,
    id_usuario_modifica integer,
    created_at timestamp without time zone,
    updated_at timestamp without time zone,
    deleted_at timestamp without time zone
);


ALTER TABLE public.usuarios_bitacora_servicios OWNER TO postgres;

--
-- Name: usuarios_cargos_id_seq; Type: SEQUENCE; Schema: public; Owner: postgres
--

CREATE SEQUENCE public.usuarios_cargos_id_seq
    START WITH 1
    INCREMENT BY 1
    NO MINVALUE
    NO MAXVALUE
    CACHE 1;


ALTER TABLE public.usuarios_cargos_id_seq OWNER TO postgres;

--
-- Name: usuarios_cargos; Type: TABLE; Schema: public; Owner: postgres
--

CREATE TABLE public.usuarios_cargos (
    id_usuario_cargo integer DEFAULT nextval('public.usuarios_cargos_id_seq'::regclass) NOT NULL,
    id_usuario integer,
    id_cargo integer,
    id_usuario_registra integer,
    id_usuario_modifica integer,
    created_at timestamp without time zone,
    updated_at timestamp without time zone,
    deleted_at timestamp without time zone
);


ALTER TABLE public.usuarios_cargos OWNER TO postgres;

--
-- Name: usuarios_estados_id_seq; Type: SEQUENCE; Schema: public; Owner: postgres
--

CREATE SEQUENCE public.usuarios_estados_id_seq
    START WITH 1
    INCREMENT BY 1
    NO MINVALUE
    NO MAXVALUE
    CACHE 1;


ALTER TABLE public.usuarios_estados_id_seq OWNER TO postgres;

--
-- Name: usuarios_estados; Type: TABLE; Schema: public; Owner: postgres
--

CREATE TABLE public.usuarios_estados (
    id_usuario_estado integer DEFAULT nextval('public.usuarios_estados_id_seq'::regclass) NOT NULL,
    id_estado integer,
    id_usuario integer,
    id_usuario_registra integer,
    id_usuario_modifica integer,
    created_at timestamp without time zone,
    updated_at timestamp without time zone,
    deleted_at timestamp without time zone
);


ALTER TABLE public.usuarios_estados OWNER TO postgres;

--
-- Name: usuarios_roles_id_seq; Type: SEQUENCE; Schema: public; Owner: postgres
--

CREATE SEQUENCE public.usuarios_roles_id_seq
    START WITH 1
    INCREMENT BY 1
    NO MINVALUE
    NO MAXVALUE
    CACHE 1;


ALTER TABLE public.usuarios_roles_id_seq OWNER TO postgres;

--
-- Name: usuarios_roles; Type: TABLE; Schema: public; Owner: postgres
--

CREATE TABLE public.usuarios_roles (
    id_usuario_role integer DEFAULT nextval('public.usuarios_roles_id_seq'::regclass) NOT NULL,
    id_role integer,
    id_usuario integer,
    id_usuario_registra integer,
    id_usuario_modifica integer,
    created_at timestamp without time zone,
    updated_at timestamp without time zone,
    deleted_at timestamp without time zone
);


ALTER TABLE public.usuarios_roles OWNER TO postgres;

--
-- Name: usuarios_servicios_id_seq; Type: SEQUENCE; Schema: public; Owner: postgres
--

CREATE SEQUENCE public.usuarios_servicios_id_seq
    START WITH 1
    INCREMENT BY 1
    NO MINVALUE
    NO MAXVALUE
    CACHE 1;


ALTER TABLE public.usuarios_servicios_id_seq OWNER TO postgres;

--
-- Name: usuarios_servicios; Type: TABLE; Schema: public; Owner: postgres
--

CREATE TABLE public.usuarios_servicios (
    id_usuario_servicio integer DEFAULT nextval('public.usuarios_servicios_id_seq'::regclass) NOT NULL,
    id_usuario integer,
    id_servicio integer,
    id_usuario_registra integer,
    id_usuario_modifica integer,
    created_at timestamp without time zone,
    updated_at timestamp without time zone,
    deleted_at timestamp without time zone
);


ALTER TABLE public.usuarios_servicios OWNER TO postgres;

--
-- Name: migrations id; Type: DEFAULT; Schema: public; Owner: postgres
--

ALTER TABLE ONLY public.migrations ALTER COLUMN id SET DEFAULT nextval('public.migrations_id_seq'::regclass);


--
-- Data for Name: actividades; Type: TABLE DATA; Schema: public; Owner: postgres
--

COPY public.actividades (id_actividad, nom_actividad, det_actividad, id_usuario_registra, id_usuario_modifica, created_at, updated_at, deleted_at) FROM stdin;
9	Tareas Programadas	Tareas Programadas	1	1	2018-02-27 18:33:17	2018-02-27 18:33:17	\N
1	Mantencion	Mantencion	1	4	2018-02-27 18:26:10	2018-02-28 04:07:20	\N
7	Cargas Masivas	Cargas Masivas	1	4	2018-02-27 18:32:52	2018-02-28 04:11:37	\N
11	Cubicacion Maquina	Cubicacion Maquina	1	4	2018-02-27 18:33:57	2018-02-28 05:58:27	\N
2	Soporte	Soporte	1	4	2018-02-27 18:31:56	2018-02-28 05:58:33	\N
3	Seguimiento	Seguimiento	1	4	2018-02-27 18:32:09	2018-03-04 12:28:10	\N
4	Desarrollo	Desarrollo	1	4	2018-02-27 18:32:18	2018-03-05 20:56:13	\N
5	Requerimientos	Requerimientos	1	4	2018-02-27 18:32:32	2018-03-06 06:34:43	\N
6	Migraciones	Migraciones	1	4	2018-02-27 18:32:39	2018-03-06 06:34:46	\N
8	Descargas Masivas	Descargas Masivas	1	4	2018-02-27 18:33:04	2018-03-06 06:42:00	\N
10	Homologacion de Proyectos	Homologacion de proyectos	1	4	2018-02-27 18:33:38	2018-03-12 01:37:17	\N
\.


--
-- Data for Name: actividades_tags; Type: TABLE DATA; Schema: public; Owner: postgres
--

COPY public.actividades_tags (id_actividad_tag, id_actividad, id_tag, id_usuario_registra, id_usuario_modifica, created_at, updated_at, deleted_at) FROM stdin;
\.


--
-- Data for Name: aplicaciones; Type: TABLE DATA; Schema: public; Owner: postgres
--

COPY public.aplicaciones (id_aplicacion, id_tipo_aplicacion, id_servicio, id_dominio, nom_aplicacion, det_aplicacion, alias, url_web, ip, subdominio, ssl_tls, id_usuario_registra, id_usuario_modifica, created_at, updated_at, deleted_at, id_servidor) FROM stdin;
1	4	2	1	aplicacion wander	djfakdfdkgsfjf ahsg hjadsf j dfh sdjh fjhds gfjhsdk sd jhgfsdhjkh sdgfh sdj	gsdfhsdk h dh s	http://www.asdfs.cl	2.2.2.2	dsf	true	4	4	2018-03-02 04:10:17	2018-03-02 19:32:08	2018-03-02 19:32:08	\N
3	4	2	1	sdfsadfsa	fsdfsadf	safasdfsadf	http://ww.ww.ww	3.3.3.3	eweq	1	4	4	2018-03-02 20:37:15	2018-03-02 20:37:34	2018-03-02 20:37:34	\N
2	1	1	1	fsfsadfsadf	sdfsadfsad	fsdafsd	http://weq.qweqw.qwe	1.1.1.1	fsdf	true	4	4	2018-03-02 15:12:17	2018-03-02 20:37:37	2018-03-02 20:37:37	\N
4	3	2	1	Aplicacion 1	la aplicacion prueba 1	app001	http://rqr.fadfa.cl	3.3.3.3	app001	true	4	4	2018-03-03 17:12:09	2018-03-12 03:27:40	\N	4
6	3	2	1	Aplicacion 2	aplicacion 2 test	app001minsal	http://test2.minsal.cl	10.8.12.1	test2	true	4	4	2018-03-12 02:06:27	2018-03-12 15:45:02	\N	1
5	1	2	1	Soap	Servicio soap sigte	soap_sigte	http://soapsigte.minsal.cl	1.1.1.1	soapsigte.minsal.cl	true	4	4	2018-03-07 13:54:13	2018-03-12 15:45:09	\N	4
\.


--
-- Data for Name: aplicaciones_accesos; Type: TABLE DATA; Schema: public; Owner: postgres
--

COPY public.aplicaciones_accesos (id_acceso_aplicacion, id_aplicacion, id_servidor, username, password, email, id_usuario_registra, id_usuario_modifica, created_at, updated_at, deleted_at) FROM stdin;
\.


--
-- Data for Name: aplicaciones_estados; Type: TABLE DATA; Schema: public; Owner: postgres
--

COPY public.aplicaciones_estados (id_aplicacion_estado, id_aplicacion, id_estado, id_usuario_registra, id_usuario_modifica, created_at, updated_at, deleted_at) FROM stdin;
\.


--
-- Data for Name: aplicaciones_tags; Type: TABLE DATA; Schema: public; Owner: postgres
--

COPY public.aplicaciones_tags (id_aplicacion_tag, id_aplicacion, id_tag, id_usuario_registra, id_usuario_modifica, created_at, updated_at, deleted_at) FROM stdin;
\.


--
-- Data for Name: aplicaciones_tecnologias; Type: TABLE DATA; Schema: public; Owner: postgres
--

COPY public.aplicaciones_tecnologias (id_aplicacion_tecnologia, id_aplicacion, id_tecnologia, id_usuario_registra, id_usuario_modifica, created_at, updated_at, deleted_at) FROM stdin;
\.


--
-- Data for Name: cargos; Type: TABLE DATA; Schema: public; Owner: postgres
--

COPY public.cargos (id_cargo, nom_cargo, det_cargo, id_usuario_registra, id_usuario_modifica, created_at, updated_at, deleted_at, cod_cargo) FROM stdin;
2	fd	sdfsd	4	4	2018-02-28 13:06:40	2018-02-28 13:06:42	2018-02-28 13:06:42	\N
1	Desarrollador	Desarrollador	4	4	2018-02-28 12:36:44	2018-03-06 06:26:24	\N	sdsadeds7ctgibk2
3	Lider de equipo	Lider de equipo	4	4	2018-03-06 06:26:40	2018-03-06 06:26:40	\N	df7y83iomdfs
4	Jefe de Area	Jefe de Area	4	4	2018-03-06 06:26:56	2018-03-06 06:26:56	\N	8ui4jtrkn2
5	fsdffd	fsdf	4	4	2018-03-06 06:27:08	2018-03-06 06:27:10	2018-03-06 06:27:10	sdf
\.


--
-- Data for Name: catalogos_servicios; Type: TABLE DATA; Schema: public; Owner: postgres
--

COPY public.catalogos_servicios (id_catalogo_servicio, id_servicio, asunto, det_catalogo, avatar, id_usuario_registra, id_usuario_modifica, created_at, updated_at, deleted_at) FROM stdin;
\.


--
-- Data for Name: catalogos_servicios_tags; Type: TABLE DATA; Schema: public; Owner: postgres
--

COPY public.catalogos_servicios_tags (id_catalogo_servicio_tag, id_catalogo_servicio, id_tag, id_usuario_registra, id_usuario_modifica, created_at, updated_at, deleted_at) FROM stdin;
\.


--
-- Data for Name: comuna; Type: TABLE DATA; Schema: public; Owner: postgres
--

COPY public.comuna (id_comuna, id_region, nombre_comuna, created_at, updated_at, deleted_at) FROM stdin;
1101	1	Iquique	2017-10-31 11:06:00	2017-10-31 11:06:00	\N
1107	1	Alto Hospicio	2017-10-31 11:06:00	2017-10-31 11:06:00	\N
1401	1	Pozo Almonte	2017-10-31 11:06:00	2017-10-31 11:06:00	\N
1402	1	Camiña	2017-10-31 11:06:00	2017-10-31 11:06:00	\N
1403	1	Colchane	2017-10-31 11:06:00	2017-10-31 11:06:00	\N
1404	1	Huara	2017-10-31 11:06:00	2017-10-31 11:06:00	\N
1405	1	Pica	2017-10-31 11:06:00	2017-10-31 11:06:00	\N
2101	2	Antofagasta	2017-10-31 11:06:00	2017-10-31 11:06:00	\N
2102	2	Mejillones	2017-10-31 11:06:00	2017-10-31 11:06:00	\N
2103	2	Sierra Gorda	2017-10-31 11:06:00	2017-10-31 11:06:00	\N
2104	2	Taltal	2017-10-31 11:06:00	2017-10-31 11:06:00	\N
2201	2	Calama	2017-10-31 11:06:00	2017-10-31 11:06:00	\N
2202	2	Ollagüe	2017-10-31 11:06:00	2017-10-31 11:06:00	\N
2203	2	San Pedro de Atacama	2017-10-31 11:06:00	2017-10-31 11:06:00	\N
2301	2	Tocopilla	2017-10-31 11:06:00	2017-10-31 11:06:00	\N
2302	2	Maria Elena	2017-10-31 11:06:00	2017-10-31 11:06:00	\N
3101	3	Copiapo	2017-10-31 11:06:00	2017-10-31 11:06:00	\N
3102	3	Caldera	2017-10-31 11:06:00	2017-10-31 11:06:00	\N
3103	3	Tierra Amarilla	2017-10-31 11:06:00	2017-10-31 11:06:00	\N
3201	3	Chañaral	2017-10-31 11:06:00	2017-10-31 11:06:00	\N
3202	3	Diego de Almagro	2017-10-31 11:06:00	2017-10-31 11:06:00	\N
3301	3	Vallenar	2017-10-31 11:06:00	2017-10-31 11:06:00	\N
3302	3	Alto del Carmen	2017-10-31 11:06:00	2017-10-31 11:06:00	\N
3303	3	Freirina	2017-10-31 11:06:00	2017-10-31 11:06:00	\N
3304	3	Huasco	2017-10-31 11:06:00	2017-10-31 11:06:00	\N
4101	4	La Serena	2017-10-31 11:06:00	2017-10-31 11:06:00	\N
4102	4	Coquimbo	2017-10-31 11:06:00	2017-10-31 11:06:00	\N
4103	4	Andacollo	2017-10-31 11:06:00	2017-10-31 11:06:00	\N
4104	4	La Higuera	2017-10-31 11:06:00	2017-10-31 11:06:00	\N
4105	4	Paiguano	2017-10-31 11:06:00	2017-10-31 11:06:00	\N
4106	4	Vicuña	2017-10-31 11:06:00	2017-10-31 11:06:00	\N
4201	4	Illapel	2017-10-31 11:06:00	2017-10-31 11:06:00	\N
4202	4	Canela	2017-10-31 11:06:00	2017-10-31 11:06:00	\N
4203	4	Los Vilos	2017-10-31 11:06:00	2017-10-31 11:06:00	\N
4204	4	Salamanca	2017-10-31 11:06:00	2017-10-31 11:06:00	\N
4301	4	Ovalle	2017-10-31 11:06:00	2017-10-31 11:06:00	\N
4302	4	Combarbalá	2017-10-31 11:06:00	2017-10-31 11:06:00	\N
4303	4	Monte Patria	2017-10-31 11:06:00	2017-10-31 11:06:00	\N
4304	4	Punitaqui	2017-10-31 11:06:00	2017-10-31 11:06:00	\N
4305	4	Río Hurtado	2017-10-31 11:06:00	2017-10-31 11:06:00	\N
5101	5	Valparaiso	2017-10-31 11:06:00	2017-10-31 11:06:00	\N
5102	5	Casablanca	2017-10-31 11:06:00	2017-10-31 11:06:00	\N
5103	5	Con Con	2017-10-31 11:06:00	2017-10-31 11:06:00	\N
5104	5	Juan Fernández	2017-10-31 11:06:00	2017-10-31 11:06:00	\N
5105	5	Puchuncaví	2017-10-31 11:06:00	2017-10-31 11:06:00	\N
5107	5	Quintero	2017-10-31 11:06:00	2017-10-31 11:06:00	\N
5109	5	Viña del Mar	2017-10-31 11:06:00	2017-10-31 11:06:00	\N
5201	5	Isla de Pascua	2017-10-31 11:06:00	2017-10-31 11:06:00	\N
5301	5	Los Andes	2017-10-31 11:06:00	2017-10-31 11:06:00	\N
5302	5	Calle Larga	2017-10-31 11:06:00	2017-10-31 11:06:00	\N
5303	5	Rinconada	2017-10-31 11:06:00	2017-10-31 11:06:00	\N
5304	5	San Esteban	2017-10-31 11:06:00	2017-10-31 11:06:00	\N
5401	5	La Ligua	2017-10-31 11:06:00	2017-10-31 11:06:00	\N
5402	5	Cabildo	2017-10-31 11:06:00	2017-10-31 11:06:00	\N
5403	5	Papudo	2017-10-31 11:06:00	2017-10-31 11:06:00	\N
5404	5	Petorca	2017-10-31 11:06:00	2017-10-31 11:06:00	\N
5405	5	Zapallar	2017-10-31 11:06:00	2017-10-31 11:06:00	\N
5501	5	Quillota	2017-10-31 11:06:00	2017-10-31 11:06:00	\N
5502	5	Calera	2017-10-31 11:06:00	2017-10-31 11:06:00	\N
5503	5	Hijuelas	2017-10-31 11:06:00	2017-10-31 11:06:00	\N
5504	5	La Cruz	2017-10-31 11:06:00	2017-10-31 11:06:00	\N
5506	5	Nogales	2017-10-31 11:06:00	2017-10-31 11:06:00	\N
5601	5	San Antonio	2017-10-31 11:06:00	2017-10-31 11:06:00	\N
5602	5	Algarrobo	2017-10-31 11:06:00	2017-10-31 11:06:00	\N
5603	5	Cartagena	2017-10-31 11:06:00	2017-10-31 11:06:00	\N
5604	5	El Quisco	2017-10-31 11:06:00	2017-10-31 11:06:00	\N
5605	5	El Tabo	2017-10-31 11:06:00	2017-10-31 11:06:00	\N
5606	5	Santo Domingo	2017-10-31 11:06:00	2017-10-31 11:06:00	\N
5701	5	San Felipe	2017-10-31 11:06:00	2017-10-31 11:06:00	\N
5702	5	Catemu	2017-10-31 11:06:00	2017-10-31 11:06:00	\N
5703	5	Llaillay	2017-10-31 11:06:00	2017-10-31 11:06:00	\N
5704	5	Panquehue	2017-10-31 11:06:00	2017-10-31 11:06:00	\N
5705	5	Putaendo	2017-10-31 11:06:00	2017-10-31 11:06:00	\N
5706	5	Santa Maria	2017-10-31 11:06:00	2017-10-31 11:06:00	\N
5801	5	Quilpue	2017-10-31 11:06:00	2017-10-31 11:06:00	\N
5802	5	Limache	2017-10-31 11:06:00	2017-10-31 11:06:00	\N
5803	5	Olmué	2017-10-31 11:06:00	2017-10-31 11:06:00	\N
5804	5	Villa Alemana	2017-10-31 11:06:00	2017-10-31 11:06:00	\N
6101	6	Rancagua	2017-10-31 11:06:00	2017-10-31 11:06:00	\N
6102	6	Codegua	2017-10-31 11:06:00	2017-10-31 11:06:00	\N
6103	6	Coinco	2017-10-31 11:06:00	2017-10-31 11:06:00	\N
6104	6	Coltauco	2017-10-31 11:06:00	2017-10-31 11:06:00	\N
6105	6	Doñihue	2017-10-31 11:06:00	2017-10-31 11:06:00	\N
6106	6	Graneros	2017-10-31 11:06:00	2017-10-31 11:06:00	\N
6107	6	Las Cabras	2017-10-31 11:06:00	2017-10-31 11:06:00	\N
6108	6	Machalí	2017-10-31 11:06:00	2017-10-31 11:06:00	\N
6109	6	Malloa	2017-10-31 11:06:00	2017-10-31 11:06:00	\N
6110	6	Mostazal	2017-10-31 11:06:00	2017-10-31 11:06:00	\N
6111	6	Olivar	2017-10-31 11:06:00	2017-10-31 11:06:00	\N
6112	6	Peumo	2017-10-31 11:06:00	2017-10-31 11:06:00	\N
6113	6	Pichidegua	2017-10-31 11:06:00	2017-10-31 11:06:00	\N
6114	6	Quinta de Tilcoco	2017-10-31 11:06:00	2017-10-31 11:06:00	\N
6115	6	Rengo	2017-10-31 11:06:00	2017-10-31 11:06:00	\N
6116	6	Requínoa	2017-10-31 11:06:00	2017-10-31 11:06:00	\N
6117	6	San Vicente	2017-10-31 11:06:00	2017-10-31 11:06:00	\N
6201	6	Pichilemu	2017-10-31 11:06:00	2017-10-31 11:06:00	\N
6202	6	La Estrella	2017-10-31 11:06:00	2017-10-31 11:06:00	\N
6203	6	Litueche	2017-10-31 11:06:00	2017-10-31 11:06:00	\N
6204	6	Marchihue	2017-10-31 11:06:00	2017-10-31 11:06:00	\N
6205	6	Navidad	2017-10-31 11:06:00	2017-10-31 11:06:00	\N
6206	6	Paredones	2017-10-31 11:06:00	2017-10-31 11:06:00	\N
6301	6	San Fernando	2017-10-31 11:06:00	2017-10-31 11:06:00	\N
6302	6	Chepica	2017-10-31 11:06:00	2017-10-31 11:06:00	\N
6303	6	Chimbarongo	2017-10-31 11:06:00	2017-10-31 11:06:00	\N
6304	6	Lolol	2017-10-31 11:06:00	2017-10-31 11:06:00	\N
6305	6	Nancagua	2017-10-31 11:06:00	2017-10-31 11:06:00	\N
6306	6	Palmilla	2017-10-31 11:06:00	2017-10-31 11:06:00	\N
6307	6	Peralillo	2017-10-31 11:06:00	2017-10-31 11:06:00	\N
6308	6	Placilla	2017-10-31 11:06:00	2017-10-31 11:06:00	\N
6309	6	Pumanque	2017-10-31 11:06:00	2017-10-31 11:06:00	\N
6310	6	Santa Cruz	2017-10-31 11:06:00	2017-10-31 11:06:00	\N
7101	7	Talca	2017-10-31 11:06:00	2017-10-31 11:06:00	\N
7102	7	Constitución	2017-10-31 11:06:00	2017-10-31 11:06:00	\N
7103	7	Curepto	2017-10-31 11:06:00	2017-10-31 11:06:00	\N
7104	7	Empedrado	2017-10-31 11:06:00	2017-10-31 11:06:00	\N
7105	7	Maule	2017-10-31 11:06:00	2017-10-31 11:06:00	\N
7106	7	Pelarco	2017-10-31 11:06:00	2017-10-31 11:06:00	\N
7107	7	Pencahue	2017-10-31 11:06:00	2017-10-31 11:06:00	\N
7108	7	Río Claro	2017-10-31 11:06:00	2017-10-31 11:06:00	\N
7109	7	San Clemente	2017-10-31 11:06:00	2017-10-31 11:06:00	\N
7110	7	San Rafael	2017-10-31 11:06:00	2017-10-31 11:06:00	\N
7201	7	Cauquenes	2017-10-31 11:06:00	2017-10-31 11:06:00	\N
7202	7	Chanco	2017-10-31 11:06:00	2017-10-31 11:06:00	\N
7203	7	Pelluhue	2017-10-31 11:06:00	2017-10-31 11:06:00	\N
7301	7	Curicó	2017-10-31 11:06:00	2017-10-31 11:06:00	\N
7302	7	Hualañé	2017-10-31 11:06:00	2017-10-31 11:06:00	\N
7303	7	Licantén	2017-10-31 11:06:00	2017-10-31 11:06:00	\N
7304	7	Molina	2017-10-31 11:06:00	2017-10-31 11:06:00	\N
7305	7	Rauco	2017-10-31 11:06:00	2017-10-31 11:06:00	\N
7306	7	Romeral	2017-10-31 11:06:00	2017-10-31 11:06:00	\N
7307	7	Sagrada Familia	2017-10-31 11:06:00	2017-10-31 11:06:00	\N
7308	7	Teno	2017-10-31 11:06:00	2017-10-31 11:06:00	\N
7309	7	Vichuquén	2017-10-31 11:06:00	2017-10-31 11:06:00	\N
7401	7	Linares	2017-10-31 11:06:00	2017-10-31 11:06:00	\N
7402	7	Colbún	2017-10-31 11:06:00	2017-10-31 11:06:00	\N
7403	7	Longaví	2017-10-31 11:06:00	2017-10-31 11:06:00	\N
7404	7	Parral	2017-10-31 11:06:00	2017-10-31 11:06:00	\N
7405	7	Retiro	2017-10-31 11:06:00	2017-10-31 11:06:00	\N
7406	7	San Javier	2017-10-31 11:06:00	2017-10-31 11:06:00	\N
7407	7	Villa Alegre	2017-10-31 11:06:00	2017-10-31 11:06:00	\N
7408	7	Yerbas Buenas	2017-10-31 11:06:00	2017-10-31 11:06:00	\N
8101	8	Concepción	2017-10-31 11:06:00	2017-10-31 11:06:00	\N
8102	8	Coronel	2017-10-31 11:06:00	2017-10-31 11:06:00	\N
8103	8	Chiguayante	2017-10-31 11:06:00	2017-10-31 11:06:00	\N
8104	8	Florida	2017-10-31 11:06:00	2017-10-31 11:06:00	\N
8105	8	Hualqui	2017-10-31 11:06:00	2017-10-31 11:06:00	\N
8106	8	Lota	2017-10-31 11:06:00	2017-10-31 11:06:00	\N
8107	8	Penco	2017-10-31 11:06:00	2017-10-31 11:06:00	\N
8108	8	San Pedro de la Paz	2017-10-31 11:06:00	2017-10-31 11:06:00	\N
8109	8	Santa Juana	2017-10-31 11:06:00	2017-10-31 11:06:00	\N
8110	8	Talcahuano	2017-10-31 11:06:00	2017-10-31 11:06:00	\N
8111	8	Tome	2017-10-31 11:06:00	2017-10-31 11:06:00	\N
8112	8	Hualpén	2017-10-31 11:06:00	2017-10-31 11:06:00	\N
8201	8	Lebu	2017-10-31 11:06:00	2017-10-31 11:06:00	\N
8202	8	Arauco	2017-10-31 11:06:00	2017-10-31 11:06:00	\N
8203	8	Cañete	2017-10-31 11:06:00	2017-10-31 11:06:00	\N
8204	8	Contulmo	2017-10-31 11:06:00	2017-10-31 11:06:00	\N
8205	8	Curanilahue	2017-10-31 11:06:00	2017-10-31 11:06:00	\N
8206	8	Los Álamos	2017-10-31 11:06:00	2017-10-31 11:06:00	\N
8207	8	Tirúa	2017-10-31 11:06:00	2017-10-31 11:06:00	\N
8301	8	Los Ángeles	2017-10-31 11:06:00	2017-10-31 11:06:00	\N
8302	8	Antuco	2017-10-31 11:06:00	2017-10-31 11:06:00	\N
8303	8	Cabrero	2017-10-31 11:06:00	2017-10-31 11:06:00	\N
8304	8	Laja	2017-10-31 11:06:00	2017-10-31 11:06:00	\N
8305	8	Mulchén	2017-10-31 11:06:00	2017-10-31 11:06:00	\N
8306	8	Nacimiento	2017-10-31 11:06:00	2017-10-31 11:06:00	\N
8307	8	Negrete	2017-10-31 11:06:00	2017-10-31 11:06:00	\N
8308	8	Quilaco	2017-10-31 11:06:00	2017-10-31 11:06:00	\N
8309	8	Quilleco	2017-10-31 11:06:00	2017-10-31 11:06:00	\N
8310	8	San Rosendo	2017-10-31 11:06:00	2017-10-31 11:06:00	\N
8311	8	Santa Bárbara	2017-10-31 11:06:00	2017-10-31 11:06:00	\N
8312	8	Tucapel	2017-10-31 11:06:00	2017-10-31 11:06:00	\N
8313	8	Yumbel	2017-10-31 11:06:00	2017-10-31 11:06:00	\N
8314	8	Alto Biobío	2017-10-31 11:06:00	2017-10-31 11:06:00	\N
8401	8	Chillán 	2017-10-31 11:06:00	2017-10-31 11:06:00	\N
8402	8	Bulnes	2017-10-31 11:06:00	2017-10-31 11:06:00	\N
8403	8	Cobquecura	2017-10-31 11:06:00	2017-10-31 11:06:00	\N
8404	8	Coelemu	2017-10-31 11:06:00	2017-10-31 11:06:00	\N
8405	8	Coihueco	2017-10-31 11:06:00	2017-10-31 11:06:00	\N
8406	8	Chillán Viejo	2017-10-31 11:06:00	2017-10-31 11:06:00	\N
8407	8	El Carmen	2017-10-31 11:06:00	2017-10-31 11:06:00	\N
8408	8	Ninhue	2017-10-31 11:06:00	2017-10-31 11:06:00	\N
8409	8	Ñiquén	2017-10-31 11:06:00	2017-10-31 11:06:00	\N
8410	8	Pemuco	2017-10-31 11:06:00	2017-10-31 11:06:00	\N
8411	8	Pinto	2017-10-31 11:06:00	2017-10-31 11:06:00	\N
8412	8	Portezuelo	2017-10-31 11:06:00	2017-10-31 11:06:00	\N
8413	8	Quillón	2017-10-31 11:06:00	2017-10-31 11:06:00	\N
8414	8	Quirihue	2017-10-31 11:06:00	2017-10-31 11:06:00	\N
8415	8	Ránquil	2017-10-31 11:06:00	2017-10-31 11:06:00	\N
8416	8	San Carlos	2017-10-31 11:06:00	2017-10-31 11:06:00	\N
8417	8	San Fabián	2017-10-31 11:06:00	2017-10-31 11:06:00	\N
8418	8	San Ignacio	2017-10-31 11:06:00	2017-10-31 11:06:00	\N
8419	8	San Nicolás	2017-10-31 11:06:00	2017-10-31 11:06:00	\N
8420	8	Treguaco	2017-10-31 11:06:00	2017-10-31 11:06:00	\N
8421	8	Yungay	2017-10-31 11:06:00	2017-10-31 11:06:00	\N
9101	9	Temuco	2017-10-31 11:06:00	2017-10-31 11:06:00	\N
9102	9	Carahue	2017-10-31 11:06:00	2017-10-31 11:06:00	\N
9103	9	Cunco	2017-10-31 11:06:00	2017-10-31 11:06:00	\N
9104	9	Curarrehue	2017-10-31 11:06:00	2017-10-31 11:06:00	\N
9105	9	Freire	2017-10-31 11:06:00	2017-10-31 11:06:00	\N
9106	9	Galvarino	2017-10-31 11:06:00	2017-10-31 11:06:00	\N
9107	9	Gorbea	2017-10-31 11:06:00	2017-10-31 11:06:00	\N
9108	9	Lautaro	2017-10-31 11:06:00	2017-10-31 11:06:00	\N
9109	9	Loncoche	2017-10-31 11:06:00	2017-10-31 11:06:00	\N
9110	9	Melipeuco	2017-10-31 11:06:00	2017-10-31 11:06:00	\N
9111	9	Nueva Imperial	2017-10-31 11:06:00	2017-10-31 11:06:00	\N
9112	9	Padre Las Casas	2017-10-31 11:06:00	2017-10-31 11:06:00	\N
9113	9	Perquenco	2017-10-31 11:06:00	2017-10-31 11:06:00	\N
9114	9	Pitrufquén	2017-10-31 11:06:00	2017-10-31 11:06:00	\N
9115	9	Pucón	2017-10-31 11:06:00	2017-10-31 11:06:00	\N
9116	9	Saavedra	2017-10-31 11:06:00	2017-10-31 11:06:00	\N
9117	9	Teodoro Schmidt	2017-10-31 11:06:00	2017-10-31 11:06:00	\N
9118	9	Toltén	2017-10-31 11:06:00	2017-10-31 11:06:00	\N
9119	9	Vilcún	2017-10-31 11:06:00	2017-10-31 11:06:00	\N
9120	9	Villarrica	2017-10-31 11:06:00	2017-10-31 11:06:00	\N
9121	9	Cholchol	2017-10-31 11:06:00	2017-10-31 11:06:00	\N
9201	9	Angol	2017-10-31 11:06:00	2017-10-31 11:06:00	\N
9202	9	Collipulli	2017-10-31 11:06:00	2017-10-31 11:06:00	\N
9203	9	Curacautín	2017-10-31 11:06:00	2017-10-31 11:06:00	\N
9204	9	Ercilla	2017-10-31 11:06:00	2017-10-31 11:06:00	\N
9205	9	Lonquimay	2017-10-31 11:06:00	2017-10-31 11:06:00	\N
9206	9	Los Sauces	2017-10-31 11:06:00	2017-10-31 11:06:00	\N
9207	9	Lumaco	2017-10-31 11:06:00	2017-10-31 11:06:00	\N
9208	9	Purén	2017-10-31 11:06:00	2017-10-31 11:06:00	\N
9209	9	Renaico	2017-10-31 11:06:00	2017-10-31 11:06:00	\N
9210	9	Traiguén	2017-10-31 11:06:00	2017-10-31 11:06:00	\N
9211	9	Victoria	2017-10-31 11:06:00	2017-10-31 11:06:00	\N
10101	10	Puerto Montt	2017-10-31 11:06:00	2017-10-31 11:06:00	\N
10102	10	Calbuco	2017-10-31 11:06:00	2017-10-31 11:06:00	\N
10103	10	Cochamó	2017-10-31 11:06:00	2017-10-31 11:06:00	\N
10104	10	Fresia	2017-10-31 11:06:00	2017-10-31 11:06:00	\N
10105	10	Frutillar	2017-10-31 11:06:00	2017-10-31 11:06:00	\N
10106	10	Los Muermos	2017-10-31 11:06:00	2017-10-31 11:06:00	\N
10107	10	Llanquihue	2017-10-31 11:06:00	2017-10-31 11:06:00	\N
10108	10	Maullín	2017-10-31 11:06:00	2017-10-31 11:06:00	\N
10109	10	Puerto Varas	2017-10-31 11:06:00	2017-10-31 11:06:00	\N
10201	10	Castro	2017-10-31 11:06:00	2017-10-31 11:06:00	\N
10202	10	Ancud	2017-10-31 11:06:00	2017-10-31 11:06:00	\N
10203	10	Chonchi	2017-10-31 11:06:00	2017-10-31 11:06:00	\N
10204	10	Curaco de Vélez	2017-10-31 11:06:00	2017-10-31 11:06:00	\N
10205	10	Dalcahue	2017-10-31 11:06:00	2017-10-31 11:06:00	\N
10206	10	Puqueldón	2017-10-31 11:06:00	2017-10-31 11:06:00	\N
10207	10	Queilén	2017-10-31 11:06:00	2017-10-31 11:06:00	\N
10208	10	Quellón	2017-10-31 11:06:00	2017-10-31 11:06:00	\N
10209	10	Quemchi	2017-10-31 11:06:00	2017-10-31 11:06:00	\N
10210	10	Quinchao	2017-10-31 11:06:00	2017-10-31 11:06:00	\N
10301	10	Osorno	2017-10-31 11:06:00	2017-10-31 11:06:00	\N
10302	10	Puerto Octay	2017-10-31 11:06:00	2017-10-31 11:06:00	\N
10303	10	Purranque	2017-10-31 11:06:00	2017-10-31 11:06:00	\N
10304	10	Puyehue	2017-10-31 11:06:00	2017-10-31 11:06:00	\N
10305	10	Río Negro	2017-10-31 11:06:00	2017-10-31 11:06:00	\N
10306	10	San Juan de la Costa	2017-10-31 11:06:00	2017-10-31 11:06:00	\N
10307	10	San Pablo	2017-10-31 11:06:00	2017-10-31 11:06:00	\N
10401	10	Chaitén	2017-10-31 11:06:00	2017-10-31 11:06:00	\N
10402	10	Futaleufú	2017-10-31 11:06:00	2017-10-31 11:06:00	\N
10403	10	Hualaihué	2017-10-31 11:06:00	2017-10-31 11:06:00	\N
10404	10	Palena	2017-10-31 11:06:00	2017-10-31 11:06:00	\N
11101	11	Coihaique	2017-10-31 11:06:00	2017-10-31 11:06:00	\N
11102	11	Lago Verde	2017-10-31 11:06:00	2017-10-31 11:06:00	\N
11201	11	Aisén	2017-10-31 11:06:00	2017-10-31 11:06:00	\N
11202	11	Cisnes	2017-10-31 11:06:00	2017-10-31 11:06:00	\N
11203	11	Guaitecas	2017-10-31 11:06:00	2017-10-31 11:06:00	\N
11301	11	Cochrane	2017-10-31 11:06:00	2017-10-31 11:06:00	\N
11302	11	O Higgins	2017-10-31 11:06:00	2017-10-31 11:06:00	\N
11303	11	Tortel	2017-10-31 11:06:00	2017-10-31 11:06:00	\N
11401	11	Chile Chico	2017-10-31 11:06:00	2017-10-31 11:06:00	\N
11402	11	Río Ibáñez	2017-10-31 11:06:00	2017-10-31 11:06:00	\N
12101	12	Punta Arenas	2017-10-31 11:06:00	2017-10-31 11:06:00	\N
12102	12	Laguna Blanca	2017-10-31 11:06:00	2017-10-31 11:06:00	\N
12103	12	Río Verde	2017-10-31 11:06:00	2017-10-31 11:06:00	\N
12104	12	San Gregorio	2017-10-31 11:06:00	2017-10-31 11:06:00	\N
12201	12	Cabo de Hornos	2017-10-31 11:06:00	2017-10-31 11:06:00	\N
12202	12	Antártica	2017-10-31 11:06:00	2017-10-31 11:06:00	\N
12301	12	Porvenir	2017-10-31 11:06:00	2017-10-31 11:06:00	\N
12302	12	Primavera	2017-10-31 11:06:00	2017-10-31 11:06:00	\N
12303	12	Timaukel	2017-10-31 11:06:00	2017-10-31 11:06:00	\N
12401	12	Natales	2017-10-31 11:06:00	2017-10-31 11:06:00	\N
12402	12	Torres del Paine	2017-10-31 11:06:00	2017-10-31 11:06:00	\N
13101	13	Santiago	2017-10-31 11:06:00	2017-10-31 11:06:00	\N
13102	13	Cerrillos	2017-10-31 11:06:00	2017-10-31 11:06:00	\N
13103	13	Cerro Navia	2017-10-31 11:06:00	2017-10-31 11:06:00	\N
13104	13	Conchalí	2017-10-31 11:06:00	2017-10-31 11:06:00	\N
13105	13	El Bosque	2017-10-31 11:06:00	2017-10-31 11:06:00	\N
13106	13	Estación Central	2017-10-31 11:06:00	2017-10-31 11:06:00	\N
13107	13	Huechuraba	2017-10-31 11:06:00	2017-10-31 11:06:00	\N
13108	13	Independencia	2017-10-31 11:06:00	2017-10-31 11:06:00	\N
13109	13	La Cisterna	2017-10-31 11:06:00	2017-10-31 11:06:00	\N
13110	13	La Florida	2017-10-31 11:06:00	2017-10-31 11:06:00	\N
13111	13	La Granja	2017-10-31 11:06:00	2017-10-31 11:06:00	\N
13112	13	La Pintana	2017-10-31 11:06:00	2017-10-31 11:06:00	\N
13113	13	La Reina	2017-10-31 11:06:00	2017-10-31 11:06:00	\N
13114	13	Las Condes	2017-10-31 11:06:00	2017-10-31 11:06:00	\N
13115	13	Lo Barnechea	2017-10-31 11:06:00	2017-10-31 11:06:00	\N
13116	13	Lo Espejo	2017-10-31 11:06:00	2017-10-31 11:06:00	\N
13117	13	Lo Prado	2017-10-31 11:06:00	2017-10-31 11:06:00	\N
13118	13	Macul	2017-10-31 11:06:00	2017-10-31 11:06:00	\N
13119	13	Maipu	2017-10-31 11:06:00	2017-10-31 11:06:00	\N
13120	13	Ñuñoa	2017-10-31 11:06:00	2017-10-31 11:06:00	\N
13121	13	Pedro Aguirre Cerda	2017-10-31 11:06:00	2017-10-31 11:06:00	\N
13122	13	Peñalolén	2017-10-31 11:06:00	2017-10-31 11:06:00	\N
13123	13	Providencia	2017-10-31 11:06:00	2017-10-31 11:06:00	\N
13124	13	Pudahuel	2017-10-31 11:06:00	2017-10-31 11:06:00	\N
13125	13	Quilicura	2017-10-31 11:06:00	2017-10-31 11:06:00	\N
13126	13	Quinta Normal	2017-10-31 11:06:00	2017-10-31 11:06:00	\N
13127	13	Recoleta	2017-10-31 11:06:00	2017-10-31 11:06:00	\N
13128	13	Renca	2017-10-31 11:06:00	2017-10-31 11:06:00	\N
13129	13	San Joaquín	2017-10-31 11:06:00	2017-10-31 11:06:00	\N
13130	13	San Miguel	2017-10-31 11:06:00	2017-10-31 11:06:00	\N
13131	13	San Ramón	2017-10-31 11:06:00	2017-10-31 11:06:00	\N
13132	13	Vitacura	2017-10-31 11:06:00	2017-10-31 11:06:00	\N
13201	13	Puente Alto	2017-10-31 11:06:00	2017-10-31 11:06:00	\N
13202	13	Pirque	2017-10-31 11:06:00	2017-10-31 11:06:00	\N
13203	13	San José de Maipo	2017-10-31 11:06:00	2017-10-31 11:06:00	\N
13301	13	Colina	2017-10-31 11:06:00	2017-10-31 11:06:00	\N
13302	13	Lampa	2017-10-31 11:06:00	2017-10-31 11:06:00	\N
13303	13	Tiltil	2017-10-31 11:06:00	2017-10-31 11:06:00	\N
13401	13	San Bernardo	2017-10-31 11:06:00	2017-10-31 11:06:00	\N
13402	13	Buin	2017-10-31 11:06:00	2017-10-31 11:06:00	\N
13403	13	Calera de Tango	2017-10-31 11:06:00	2017-10-31 11:06:00	\N
13404	13	Paine	2017-10-31 11:06:00	2017-10-31 11:06:00	\N
13501	13	Melipilla	2017-10-31 11:06:00	2017-10-31 11:06:00	\N
13502	13	Alhué	2017-10-31 11:06:00	2017-10-31 11:06:00	\N
13503	13	Curacaví	2017-10-31 11:06:00	2017-10-31 11:06:00	\N
13504	13	Maria Pinto	2017-10-31 11:06:00	2017-10-31 11:06:00	\N
13505	13	San Pedro	2017-10-31 11:06:00	2017-10-31 11:06:00	\N
13601	13	Talagante	2017-10-31 11:06:00	2017-10-31 11:06:00	\N
13602	13	El Monte	2017-10-31 11:06:00	2017-10-31 11:06:00	\N
13603	13	Isla de Maipo	2017-10-31 11:06:00	2017-10-31 11:06:00	\N
13604	13	Padre Hurtado	2017-10-31 11:06:00	2017-10-31 11:06:00	\N
13605	13	Peñaflor	2017-10-31 11:06:00	2017-10-31 11:06:00	\N
14101	14	Valdivia	2017-10-31 11:06:00	2017-10-31 11:06:00	\N
14102	14	Corral	2017-10-31 11:06:00	2017-10-31 11:06:00	\N
14103	14	Lanco	2017-10-31 11:06:00	2017-10-31 11:06:00	\N
14104	14	Los Lagos	2017-10-31 11:06:00	2017-10-31 11:06:00	\N
14105	14	Máfil	2017-10-31 11:06:00	2017-10-31 11:06:00	\N
14106	14	Mariquina	2017-10-31 11:06:00	2017-10-31 11:06:00	\N
14107	14	Paillaco	2017-10-31 11:06:00	2017-10-31 11:06:00	\N
14108	14	Panguipulli	2017-10-31 11:06:00	2017-10-31 11:06:00	\N
14201	14	La Unión	2017-10-31 11:06:00	2017-10-31 11:06:00	\N
14202	14	Futrono	2017-10-31 11:06:00	2017-10-31 11:06:00	\N
14203	14	Lago Ranco	2017-10-31 11:06:00	2017-10-31 11:06:00	\N
14204	14	Río Bueno	2017-10-31 11:06:00	2017-10-31 11:06:00	\N
15101	15	Arica	2017-10-31 11:06:00	2017-10-31 11:06:00	\N
15102	15	Camarones	2017-10-31 11:06:00	2017-10-31 11:06:00	\N
15201	15	Putre	2017-10-31 11:06:00	2017-10-31 11:06:00	\N
15202	15	General Lagos	2017-10-31 11:06:00	2017-10-31 11:06:00	\N
\.


--
-- Data for Name: datacentros; Type: TABLE DATA; Schema: public; Owner: postgres
--

COPY public.datacentros (id_datacentro, nom_datacentro, id_usuario_registra, id_usuario_modifica, created_at, updated_at, deleted_at, det_datacentro, cod_datacentro) FROM stdin;
1	CPD	4	4	2018-03-06 01:31:31	2018-03-06 01:31:31	\N	Datacentro local en minsal	CPD001
2	Convergente	4	4	2018-03-06 01:32:08	2018-03-06 01:32:08	\N	Datacentro convergente ubicado en puerto montt.	CVGT001
3	asdfsdf	4	4	2018-03-06 06:46:05	2018-03-06 06:46:07	2018-03-06 06:46:07	afd	af
\.


--
-- Data for Name: dominios; Type: TABLE DATA; Schema: public; Owner: postgres
--

COPY public.dominios (id_dominio, nom_dominio, det_dominio, ip_publica, ip_balanceador, dns_asoc_dominio, id_usuario_registra, id_usuario_modifica, created_at, updated_at, deleted_at) FROM stdin;
1	Minsal	minsal.cl	5.5.5.5	5.5.5.5	2.2.2.2	4	4	2018-03-02 21:12:55	2018-03-03 17:21:51	\N
2	Red Salud	redsalud.gob.cl	0.0.0.0	0.0.0.0	0.0.0.0	4	4	2018-03-03 17:22:21	2018-03-03 17:22:21	\N
3	Gob	gob.cl	0.0.0.0	0.0.0.0	0.0.0.0	4	4	2018-03-03 17:22:46	2018-03-03 17:22:46	\N
4	ewqeq	qweqwe	1.1.1.1	1.1.1.1	1.1.1.1	4	4	2018-03-06 06:43:10	2018-03-06 06:43:15	2018-03-06 06:43:15
\.


--
-- Data for Name: entregas_credenciales_usuarios; Type: TABLE DATA; Schema: public; Owner: postgres
--

COPY public.entregas_credenciales_usuarios (id_entrega_credencial_usuario, username, password, tiempo_expiracion, estado, id_usuario_registra, id_usuario_modifica, created_at, updated_at, deleted_at) FROM stdin;
\.


--
-- Data for Name: establecimientos; Type: TABLE DATA; Schema: public; Owner: postgres
--

COPY public.establecimientos (id_establecimiento, id_establecimiento_antiguo, id_servicio_salud, id_region, id_comuna, nombre_establecimiento, tipo_establecimiento, vigencia_desde, fecha_cierre, created_at, updated_at, deleted_at) FROM stdin;
\.


--
-- Data for Name: estados; Type: TABLE DATA; Schema: public; Owner: postgres
--

COPY public.estados (id_estado, nom_estado, cod_estado, id_usuario_registra, id_usuario_modifica, created_at, updated_at, deleted_at, det_estado) FROM stdin;
1	qwe	\N	1	1	2018-02-27 20:00:36	2018-02-27 20:00:54	2018-02-27 20:00:54	qwe
2	Activo	ds	1	4	2018-02-27 20:18:02	2018-03-02 20:33:59	\N	Estado activo
3	Inactivo	74ug	4	4	2018-03-06 06:30:37	2018-03-06 06:30:37	\N	Inactivo
4	Ausente	93jrf	4	4	2018-03-06 06:30:45	2018-03-06 06:30:45	\N	Ausente
5	Vacaciones	8i4f	4	4	2018-03-06 06:30:55	2018-03-06 06:30:55	\N	Vacaciones
\.


--
-- Data for Name: fuentes_aplicaciones; Type: TABLE DATA; Schema: public; Owner: postgres
--

COPY public.fuentes_aplicaciones (id_fuente_aplicacion, id_aplicacion, id_servicio, url_descarga, nom_fuente, det_fuente, id_usuario_registra, id_usuario_modifica, created_at, updated_at, deleted_at) FROM stdin;
\.


--
-- Data for Name: log_navegacion; Type: TABLE DATA; Schema: public; Owner: postgres
--

COPY public.log_navegacion (id_log_navegacion, id_usuario, cod_establecimiento, nom_usuario, email_usuario, path_url, ip, latitude, longitude, created_at, updated_at, deleted_at) FROM stdin;
\.


--
-- Data for Name: migrations; Type: TABLE DATA; Schema: public; Owner: postgres
--

COPY public.migrations (id, migration, batch) FROM stdin;
1	2014_10_12_000000_create_users_table	1
2	2014_10_12_100000_create_password_resets_table	1
\.


--
-- Data for Name: pais; Type: TABLE DATA; Schema: public; Owner: postgres
--

COPY public.pais (id_pais, nombre_pais, created_at, updated_at, deleted_at) FROM stdin;
4	AFGANISTÁN	2017-10-31 11:06:00	2017-10-31 11:06:00	\N
8	ALBANIA	2017-10-31 11:06:00	2017-10-31 11:06:00	\N
10	ANTÁRTIDA	2017-10-31 11:06:00	2017-10-31 11:06:00	\N
12	ARGEL	2017-10-31 11:06:00	2017-10-31 11:06:00	\N
16	SAMOA AMERICANA	2017-10-31 11:06:00	2017-10-31 11:06:00	\N
20	ANDORRA	2017-10-31 11:06:00	2017-10-31 11:06:00	\N
24	ANGOLA	2017-10-31 11:06:00	2017-10-31 11:06:00	\N
28	ANTIGUA Y BARBUDA	2017-10-31 11:06:00	2017-10-31 11:06:00	\N
31	AZERBAIYÁN	2017-10-31 11:06:00	2017-10-31 11:06:00	\N
32	ARGENTINA	2017-10-31 11:06:00	2017-10-31 11:06:00	\N
36	AUSTRALIA	2017-10-31 11:06:00	2017-10-31 11:06:00	\N
40	AUSTRIA	2017-10-31 11:06:00	2017-10-31 11:06:00	\N
44	BAHAMAS	2017-10-31 11:06:00	2017-10-31 11:06:00	\N
48	BAHRÉIN	2017-10-31 11:06:00	2017-10-31 11:06:00	\N
50	BANGLADESH	2017-10-31 11:06:00	2017-10-31 11:06:00	\N
51	ARMENIA	2017-10-31 11:06:00	2017-10-31 11:06:00	\N
52	BARBADOS	2017-10-31 11:06:00	2017-10-31 11:06:00	\N
56	BÉLGICA	2017-10-31 11:06:00	2017-10-31 11:06:00	\N
60	BERMUDAS	2017-10-31 11:06:00	2017-10-31 11:06:00	\N
64	BHUTÁN	2017-10-31 11:06:00	2017-10-31 11:06:00	\N
68	BOLIVIA	2017-10-31 11:06:00	2017-10-31 11:06:00	\N
70	BOSNIA Y HERZEGOVINA	2017-10-31 11:06:00	2017-10-31 11:06:00	\N
72	BOTSUANA	2017-10-31 11:06:00	2017-10-31 11:06:00	\N
74	ISLA BOUVET	2017-10-31 11:06:00	2017-10-31 11:06:00	\N
76	BRASIL	2017-10-31 11:06:00	2017-10-31 11:06:00	\N
84	BELICE	2017-10-31 11:06:00	2017-10-31 11:06:00	\N
86	TERRITORIO BRITÁNICO DEL OCÉANO ÍNDICO	2017-10-31 11:06:00	2017-10-31 11:06:00	\N
90	ISLAS SOLOMÓN	2017-10-31 11:06:00	2017-10-31 11:06:00	\N
92	ISLAS VÍRGENES BRITÁNICAS	2017-10-31 11:06:00	2017-10-31 11:06:00	\N
96	BRUNÉI	2017-10-31 11:06:00	2017-10-31 11:06:00	\N
100	BULGARIA	2017-10-31 11:06:00	2017-10-31 11:06:00	\N
104	MYANMAR	2017-10-31 11:06:00	2017-10-31 11:06:00	\N
108	BURUNDI	2017-10-31 11:06:00	2017-10-31 11:06:00	\N
112	BELARÚS	2017-10-31 11:06:00	2017-10-31 11:06:00	\N
116	CAMBOYA	2017-10-31 11:06:00	2017-10-31 11:06:00	\N
120	CAMERÚN	2017-10-31 11:06:00	2017-10-31 11:06:00	\N
124	CANADÁ	2017-10-31 11:06:00	2017-10-31 11:06:00	\N
132	CABO VERDE	2017-10-31 11:06:00	2017-10-31 11:06:00	\N
136	ISLAS CAIMÁN	2017-10-31 11:06:00	2017-10-31 11:06:00	\N
140	REPÚBLICA CENTRO-AFRICANA	2017-10-31 11:06:00	2017-10-31 11:06:00	\N
144	SRI LANKA	2017-10-31 11:06:00	2017-10-31 11:06:00	\N
148	CHAD	2017-10-31 11:06:00	2017-10-31 11:06:00	\N
152	CHILE	2017-10-31 11:06:00	2017-10-31 11:06:00	\N
156	CHINA	2017-10-31 11:06:00	2017-10-31 11:06:00	\N
158	TAIWÁN	2017-10-31 11:06:00	2017-10-31 11:06:00	\N
162	ISLAS CHRISTMAS	2017-10-31 11:06:00	2017-10-31 11:06:00	\N
166	ISLAS COCOS	2017-10-31 11:06:00	2017-10-31 11:06:00	\N
170	COLOMBIA	2017-10-31 11:06:00	2017-10-31 11:06:00	\N
174	COMOROS	2017-10-31 11:06:00	2017-10-31 11:06:00	\N
175	MAYOTTE	2017-10-31 11:06:00	2017-10-31 11:06:00	\N
178	CONGO	2017-10-31 11:06:00	2017-10-31 11:06:00	\N
184	ISLAS COOK	2017-10-31 11:06:00	2017-10-31 11:06:00	\N
188	COSTA RICA	2017-10-31 11:06:00	2017-10-31 11:06:00	\N
191	CROACIA	2017-10-31 11:06:00	2017-10-31 11:06:00	\N
192	CUBA	2017-10-31 11:06:00	2017-10-31 11:06:00	\N
196	CHIPRE	2017-10-31 11:06:00	2017-10-31 11:06:00	\N
203	REPÚBLICA CHECA	2017-10-31 11:06:00	2017-10-31 11:06:00	\N
204	BENIN	2017-10-31 11:06:00	2017-10-31 11:06:00	\N
208	DINAMARCA	2017-10-31 11:06:00	2017-10-31 11:06:00	\N
212	DOMÍNICA	2017-10-31 11:06:00	2017-10-31 11:06:00	\N
214	REPÚBLICA DOMINICANA	2017-10-31 11:06:00	2017-10-31 11:06:00	\N
218	ECUADOR	2017-10-31 11:06:00	2017-10-31 11:06:00	\N
222	EL SALVADOR	2017-10-31 11:06:00	2017-10-31 11:06:00	\N
226	GUINEA ECUATORIAL	2017-10-31 11:06:00	2017-10-31 11:06:00	\N
231	ETIOPÍA	2017-10-31 11:06:00	2017-10-31 11:06:00	\N
232	ERITREA	2017-10-31 11:06:00	2017-10-31 11:06:00	\N
233	ESTONIA	2017-10-31 11:06:00	2017-10-31 11:06:00	\N
234	ISLAS FAROE	2017-10-31 11:06:00	2017-10-31 11:06:00	\N
238	ISLAS MALVINAS	2017-10-31 11:06:00	2017-10-31 11:06:00	\N
239	GEORGIA DEL SUR E ISLAS SANDWICH DEL SUR	2017-10-31 11:06:00	2017-10-31 11:06:00	\N
242	FIJI	2017-10-31 11:06:00	2017-10-31 11:06:00	\N
246	FINLANDIA	2017-10-31 11:06:00	2017-10-31 11:06:00	\N
248	ISLAS ÁLAND	2017-10-31 11:06:00	2017-10-31 11:06:00	\N
250	FRANCIA	2017-10-31 11:06:00	2017-10-31 11:06:00	\N
254	GUAYANA FRANCESA	2017-10-31 11:06:00	2017-10-31 11:06:00	\N
258	POLINESIA FRANCESA	2017-10-31 11:06:00	2017-10-31 11:06:00	\N
260	TERRITORIOS AUSTRALES FRANCESES	2017-10-31 11:06:00	2017-10-31 11:06:00	\N
262	YIBUTI	2017-10-31 11:06:00	2017-10-31 11:06:00	\N
266	GABÓN	2017-10-31 11:06:00	2017-10-31 11:06:00	\N
268	GEORGIA	2017-10-31 11:06:00	2017-10-31 11:06:00	\N
270	GAMBIA	2017-10-31 11:06:00	2017-10-31 11:06:00	\N
275	PALESTINA	2017-10-31 11:06:00	2017-10-31 11:06:00	\N
276	ALEMANIA	2017-10-31 11:06:00	2017-10-31 11:06:00	\N
288	GHANA	2017-10-31 11:06:00	2017-10-31 11:06:00	\N
292	GIBRALTAR	2017-10-31 11:06:00	2017-10-31 11:06:00	\N
296	KIRIBATI	2017-10-31 11:06:00	2017-10-31 11:06:00	\N
300	GRECIA	2017-10-31 11:06:00	2017-10-31 11:06:00	\N
304	GROENLANDIA	2017-10-31 11:06:00	2017-10-31 11:06:00	\N
308	GRANADA	2017-10-31 11:06:00	2017-10-31 11:06:00	\N
312	GUADALUPE	2017-10-31 11:06:00	2017-10-31 11:06:00	\N
316	GUAM	2017-10-31 11:06:00	2017-10-31 11:06:00	\N
320	GUATEMALA	2017-10-31 11:06:00	2017-10-31 11:06:00	\N
324	GUINEA	2017-10-31 11:06:00	2017-10-31 11:06:00	\N
328	GUAYANA	2017-10-31 11:06:00	2017-10-31 11:06:00	\N
332	HAITÍ	2017-10-31 11:06:00	2017-10-31 11:06:00	\N
334	ISLAS HEARD Y MCDONALD	2017-10-31 11:06:00	2017-10-31 11:06:00	\N
336	CIUDAD DEL VATICANO	2017-10-31 11:06:00	2017-10-31 11:06:00	\N
340	HONDURAS	2017-10-31 11:06:00	2017-10-31 11:06:00	\N
344	HONG KONG	2017-10-31 11:06:00	2017-10-31 11:06:00	\N
348	HUNGRÍA	2017-10-31 11:06:00	2017-10-31 11:06:00	\N
352	ISLANDIA	2017-10-31 11:06:00	2017-10-31 11:06:00	\N
356	INDIA	2017-10-31 11:06:00	2017-10-31 11:06:00	\N
360	INDONESIA	2017-10-31 11:06:00	2017-10-31 11:06:00	\N
364	IRÁN	2017-10-31 11:06:00	2017-10-31 11:06:00	\N
368	IRAK	2017-10-31 11:06:00	2017-10-31 11:06:00	\N
372	IRLANDA	2017-10-31 11:06:00	2017-10-31 11:06:00	\N
376	ISRAEL	2017-10-31 11:06:00	2017-10-31 11:06:00	\N
380	ITALIA	2017-10-31 11:06:00	2017-10-31 11:06:00	\N
384	COSTA DE MARFIL	2017-10-31 11:06:00	2017-10-31 11:06:00	\N
388	JAMAICA	2017-10-31 11:06:00	2017-10-31 11:06:00	\N
392	JAPÓN	2017-10-31 11:06:00	2017-10-31 11:06:00	\N
398	KAZAJSTÁN	2017-10-31 11:06:00	2017-10-31 11:06:00	\N
400	JORDANIA	2017-10-31 11:06:00	2017-10-31 11:06:00	\N
404	KENIA	2017-10-31 11:06:00	2017-10-31 11:06:00	\N
408	COREA DEL NORTE	2017-10-31 11:06:00	2017-10-31 11:06:00	\N
410	COREA DEL SUR	2017-10-31 11:06:00	2017-10-31 11:06:00	\N
414	KUWAIT	2017-10-31 11:06:00	2017-10-31 11:06:00	\N
417	KIRGUISTÁN	2017-10-31 11:06:00	2017-10-31 11:06:00	\N
418	LAOS	2017-10-31 11:06:00	2017-10-31 11:06:00	\N
422	LÍBANO	2017-10-31 11:06:00	2017-10-31 11:06:00	\N
426	LESOTHO	2017-10-31 11:06:00	2017-10-31 11:06:00	\N
428	LETONIA	2017-10-31 11:06:00	2017-10-31 11:06:00	\N
430	LIBERIA	2017-10-31 11:06:00	2017-10-31 11:06:00	\N
434	LIBIA	2017-10-31 11:06:00	2017-10-31 11:06:00	\N
438	LIECHTENSTEIN	2017-10-31 11:06:00	2017-10-31 11:06:00	\N
440	LITUANIA	2017-10-31 11:06:00	2017-10-31 11:06:00	\N
442	LUXEMBURGO	2017-10-31 11:06:00	2017-10-31 11:06:00	\N
446	MACAO	2017-10-31 11:06:00	2017-10-31 11:06:00	\N
450	MADAGASCAR	2017-10-31 11:06:00	2017-10-31 11:06:00	\N
454	MALAWI	2017-10-31 11:06:00	2017-10-31 11:06:00	\N
458	MALASIA	2017-10-31 11:06:00	2017-10-31 11:06:00	\N
462	MALDIVAS	2017-10-31 11:06:00	2017-10-31 11:06:00	\N
466	MALI	2017-10-31 11:06:00	2017-10-31 11:06:00	\N
470	MALTA	2017-10-31 11:06:00	2017-10-31 11:06:00	\N
474	MARTINICA	2017-10-31 11:06:00	2017-10-31 11:06:00	\N
478	MAURITANIA	2017-10-31 11:06:00	2017-10-31 11:06:00	\N
480	MAURICIO	2017-10-31 11:06:00	2017-10-31 11:06:00	\N
484	MÉXICO	2017-10-31 11:06:00	2017-10-31 11:06:00	\N
492	MÓNACO	2017-10-31 11:06:00	2017-10-31 11:06:00	\N
496	MONGOLIA	2017-10-31 11:06:00	2017-10-31 11:06:00	\N
498	MOLDOVA	2017-10-31 11:06:00	2017-10-31 11:06:00	\N
499	MONTENEGRO	2017-10-31 11:06:00	2017-10-31 11:06:00	\N
500	MONTSERRAT	2017-10-31 11:06:00	2017-10-31 11:06:00	\N
504	MARRUECOS	2017-10-31 11:06:00	2017-10-31 11:06:00	\N
508	MOZAMBIQUE	2017-10-31 11:06:00	2017-10-31 11:06:00	\N
512	OMÁN	2017-10-31 11:06:00	2017-10-31 11:06:00	\N
516	NAMIBIA	2017-10-31 11:06:00	2017-10-31 11:06:00	\N
520	NAURU	2017-10-31 11:06:00	2017-10-31 11:06:00	\N
524	NEPAL	2017-10-31 11:06:00	2017-10-31 11:06:00	\N
528	PAÍSES BAJOS	2017-10-31 11:06:00	2017-10-31 11:06:00	\N
530	ANTILLAS NEERLANDESAS	2017-10-31 11:06:00	2017-10-31 11:06:00	\N
533	ARUBA	2017-10-31 11:06:00	2017-10-31 11:06:00	\N
540	NUEVA CALEDONIA	2017-10-31 11:06:00	2017-10-31 11:06:00	\N
548	VANUATU	2017-10-31 11:06:00	2017-10-31 11:06:00	\N
554	NUEVA ZELANDA	2017-10-31 11:06:00	2017-10-31 11:06:00	\N
558	NICARAGUA	2017-10-31 11:06:00	2017-10-31 11:06:00	\N
562	NÍGER	2017-10-31 11:06:00	2017-10-31 11:06:00	\N
566	NIGERIA	2017-10-31 11:06:00	2017-10-31 11:06:00	\N
570	NIUE	2017-10-31 11:06:00	2017-10-31 11:06:00	\N
574	ISLAS NORKFOLK	2017-10-31 11:06:00	2017-10-31 11:06:00	\N
578	NORUEGA	2017-10-31 11:06:00	2017-10-31 11:06:00	\N
583	MICRONESIA	2017-10-31 11:06:00	2017-10-31 11:06:00	\N
584	ISLAS MARSHALL	2017-10-31 11:06:00	2017-10-31 11:06:00	\N
585	ISLAS PALAOS	2017-10-31 11:06:00	2017-10-31 11:06:00	\N
586	PAKISTÁN	2017-10-31 11:06:00	2017-10-31 11:06:00	\N
591	PANAMÁ	2017-10-31 11:06:00	2017-10-31 11:06:00	\N
598	PAPÚA NUEVA GUINEA	2017-10-31 11:06:00	2017-10-31 11:06:00	\N
600	PARAGUAY	2017-10-31 11:06:00	2017-10-31 11:06:00	\N
604	PERÚ	2017-10-31 11:06:00	2017-10-31 11:06:00	\N
608	FILIPINAS	2017-10-31 11:06:00	2017-10-31 11:06:00	\N
612	ISLAS PITCAIRN	2017-10-31 11:06:00	2017-10-31 11:06:00	\N
616	POLONIA	2017-10-31 11:06:00	2017-10-31 11:06:00	\N
620	PORTUGAL	2017-10-31 11:06:00	2017-10-31 11:06:00	\N
624	GUINEA-BISSAU	2017-10-31 11:06:00	2017-10-31 11:06:00	\N
626	TIMOR-LESTE	2017-10-31 11:06:00	2017-10-31 11:06:00	\N
630	PUERTO RICO	2017-10-31 11:06:00	2017-10-31 11:06:00	\N
634	QATAR	2017-10-31 11:06:00	2017-10-31 11:06:00	\N
638	REUNIÓN	2017-10-31 11:06:00	2017-10-31 11:06:00	\N
642	RUMANÍA	2017-10-31 11:06:00	2017-10-31 11:06:00	\N
643	RUSIA	2017-10-31 11:06:00	2017-10-31 11:06:00	\N
646	RUANDA	2017-10-31 11:06:00	2017-10-31 11:06:00	\N
652	SAN BARTOLOMÉ	2017-10-31 11:06:00	2017-10-31 11:06:00	\N
654	SANTA ELENA	2017-10-31 11:06:00	2017-10-31 11:06:00	\N
659	SAN CRISTÓBAL Y NIEVES	2017-10-31 11:06:00	2017-10-31 11:06:00	\N
660	ANGUILA	2017-10-31 11:06:00	2017-10-31 11:06:00	\N
662	SANTA LUCÍA	2017-10-31 11:06:00	2017-10-31 11:06:00	\N
666	SAN PEDRO Y MIQUELÓN	2017-10-31 11:06:00	2017-10-31 11:06:00	\N
670	SAN VICENTE Y LAS GRANADINAS	2017-10-31 11:06:00	2017-10-31 11:06:00	\N
674	SAN MARINO	2017-10-31 11:06:00	2017-10-31 11:06:00	\N
678	SANTO TOMÉ Y PRÍNCIPE	2017-10-31 11:06:00	2017-10-31 11:06:00	\N
682	ARABIA SAUDITA	2017-10-31 11:06:00	2017-10-31 11:06:00	\N
686	SENEGAL	2017-10-31 11:06:00	2017-10-31 11:06:00	\N
688	SERBIA Y MONTENEGRO	2017-10-31 11:06:00	2017-10-31 11:06:00	\N
690	SEYCHELLES	2017-10-31 11:06:00	2017-10-31 11:06:00	\N
694	SIERRA LEONA	2017-10-31 11:06:00	2017-10-31 11:06:00	\N
702	SINGAPUR	2017-10-31 11:06:00	2017-10-31 11:06:00	\N
703	ESLOVAQUIA	2017-10-31 11:06:00	2017-10-31 11:06:00	\N
704	VIETNAM	2017-10-31 11:06:00	2017-10-31 11:06:00	\N
705	ESLOVENIA	2017-10-31 11:06:00	2017-10-31 11:06:00	\N
706	SOMALIA	2017-10-31 11:06:00	2017-10-31 11:06:00	\N
710	SUDÁFRICA	2017-10-31 11:06:00	2017-10-31 11:06:00	\N
724	ESPAÑA	2017-10-31 11:06:00	2017-10-31 11:06:00	\N
732	SAHARA OCCIDENTAL	2017-10-31 11:06:00	2017-10-31 11:06:00	\N
736	SUDÁN	2017-10-31 11:06:00	2017-10-31 11:06:00	\N
740	SURINAM	2017-10-31 11:06:00	2017-10-31 11:06:00	\N
744	ISLAS SVALBARD Y JAN MAYEN	2017-10-31 11:06:00	2017-10-31 11:06:00	\N
748	SUAZILANDIA	2017-10-31 11:06:00	2017-10-31 11:06:00	\N
752	SUECIA	2017-10-31 11:06:00	2017-10-31 11:06:00	\N
756	SUIZA	2017-10-31 11:06:00	2017-10-31 11:06:00	\N
760	SIRIA	2017-10-31 11:06:00	2017-10-31 11:06:00	\N
762	TAYIKISTÁN	2017-10-31 11:06:00	2017-10-31 11:06:00	\N
764	TAILANDIA	2017-10-31 11:06:00	2017-10-31 11:06:00	\N
768	TOGO	2017-10-31 11:06:00	2017-10-31 11:06:00	\N
772	TOKELAU	2017-10-31 11:06:00	2017-10-31 11:06:00	\N
776	TONGA	2017-10-31 11:06:00	2017-10-31 11:06:00	\N
780	TRINIDAD Y TOBAGO	2017-10-31 11:06:00	2017-10-31 11:06:00	\N
784	EMIRATOS ÁRABES UNIDOS	2017-10-31 11:06:00	2017-10-31 11:06:00	\N
788	TÚNEZ	2017-10-31 11:06:00	2017-10-31 11:06:00	\N
792	TURQUÍA	2017-10-31 11:06:00	2017-10-31 11:06:00	\N
795	TURKMENISTÁN	2017-10-31 11:06:00	2017-10-31 11:06:00	\N
796	ISLAS TURCAS Y CAICOS	2017-10-31 11:06:00	2017-10-31 11:06:00	\N
798	TUVALU	2017-10-31 11:06:00	2017-10-31 11:06:00	\N
800	UGANDA	2017-10-31 11:06:00	2017-10-31 11:06:00	\N
804	UCRANIA	2017-10-31 11:06:00	2017-10-31 11:06:00	\N
807	MACEDONIA	2017-10-31 11:06:00	2017-10-31 11:06:00	\N
818	EGIPTO	2017-10-31 11:06:00	2017-10-31 11:06:00	\N
826	REINO UNIDO	2017-10-31 11:06:00	2017-10-31 11:06:00	\N
831	GUERNSEY	2017-10-31 11:06:00	2017-10-31 11:06:00	\N
832	JERSEY	2017-10-31 11:06:00	2017-10-31 11:06:00	\N
833	ISLA DE MAN	2017-10-31 11:06:00	2017-10-31 11:06:00	\N
834	TANZANIA	2017-10-31 11:06:00	2017-10-31 11:06:00	\N
840	ESTADOS UNIDOS DE AMÉRICA	2017-10-31 11:06:00	2017-10-31 11:06:00	\N
850	ISLAS VÍRGENES DE LOS ESTADOS UNIDOS DE AMÉRICA	2017-10-31 11:06:00	2017-10-31 11:06:00	\N
854	BURKINA FASO	2017-10-31 11:06:00	2017-10-31 11:06:00	\N
858	URUGUAY	2017-10-31 11:06:00	2017-10-31 11:06:00	\N
860	UZBEKISTÁN	2017-10-31 11:06:00	2017-10-31 11:06:00	\N
862	VENEZUELA	2017-10-31 11:06:00	2017-10-31 11:06:00	\N
876	WALLIS Y FUTUNA	2017-10-31 11:06:00	2017-10-31 11:06:00	\N
882	SAMOA	2017-10-31 11:06:00	2017-10-31 11:06:00	\N
887	YEMEN	2017-10-31 11:06:00	2017-10-31 11:06:00	\N
\.


--
-- Data for Name: password_resets; Type: TABLE DATA; Schema: public; Owner: postgres
--

COPY public.password_resets (email, token, created_at) FROM stdin;
\.


--
-- Data for Name: permisos; Type: TABLE DATA; Schema: public; Owner: postgres
--

COPY public.permisos (id_permiso, nom_permiso, det_permiso, cod_permiso, id_usuario_registra, id_usuario_modifica, created_at, updated_at, deleted_at) FROM stdin;
18	sda	asdsada	\N	\N	\N	2018-02-26 21:18:26	2018-02-26 21:18:32	2018-02-26 21:18:32
19	wqeqwe	qweq	\N	1	1	2018-02-27 19:29:29	2018-02-27 19:29:36	2018-02-27 19:29:36
15	R	R representa read, tiene permisos nivel 1 y puede solo visualizar.	1	\N	4	2018-02-20 21:41:31	2018-02-28 23:06:43	\N
17	D	D representa delete, tiene permisos nivel 4 y puede visualizar, crear, editar y hasta eliminar.	4	\N	4	2018-02-20 21:42:31	2018-02-28 23:06:53	\N
14	C	C representa create, tiene permisos nivel 2 y puede crear y visualizar.	2	\N	4	2018-02-20 21:41:09	2018-02-28 23:09:03	\N
16	U	U representa update, tiene permisos nivel 3 y puede visualizar, crear y editar.	3	\N	4	2018-02-20 21:42:05	2018-03-01 00:14:25	\N
20	H	Triple combo kill	\N	4	4	2018-03-06 05:58:57	2018-03-07 13:50:48	2018-03-07 13:50:48
\.


--
-- Data for Name: region; Type: TABLE DATA; Schema: public; Owner: postgres
--

COPY public.region (id_region, nombre_region, alias, orden, created_at, updated_at, deleted_at) FROM stdin;
1	De Tarapacá	I	2	2017-10-31 11:06:00	2017-10-31 11:06:00	\N
2	De Antofagasta	II	3	2017-10-31 11:06:00	2017-10-31 11:06:00	\N
3	De Atacama	III	4	2017-10-31 11:06:00	2017-10-31 11:06:00	\N
4	De Coquimbo	IV	5	2017-10-31 11:06:00	2017-10-31 11:06:00	\N
5	De Valparaíso	V	6	2017-10-31 11:06:00	2017-10-31 11:06:00	\N
6	Del Libertador B. O´Higgins	VI	8	2017-10-31 11:06:00	2017-10-31 11:06:00	\N
7	Del Maule	VII	9	2017-10-31 11:06:00	2017-10-31 11:06:00	\N
8	Del Biobío	VIII	10	2017-10-31 11:06:00	2017-10-31 11:06:00	\N
9	De La Araucanía	IX	11	2017-10-31 11:06:00	2017-10-31 11:06:00	\N
10	De Los Lagos	X	13	2017-10-31 11:06:00	2017-10-31 11:06:00	\N
11	De Aisén del Gral.C.Ibañez del Campo	XI	14	2017-10-31 11:06:00	2017-10-31 11:06:00	\N
12	De Magallanes  y de La Antártica chilena	XII	15	2017-10-31 11:06:00	2017-10-31 11:06:00	\N
13	Metropolitana De Santiago	RM	7	2017-10-31 11:06:00	2017-10-31 11:06:00	\N
14	De Los Rios	XIV	12	2017-10-31 11:06:00	2017-10-31 11:06:00	\N
15	De Arica y Parinacota	XV	1	2017-10-31 11:06:00	2017-10-31 11:06:00	\N
\.


--
-- Data for Name: roles; Type: TABLE DATA; Schema: public; Owner: postgres
--

COPY public.roles (id_role, nom_role, det_role, id_usuario_registra, id_usuario_modifica, created_at, updated_at, deleted_at) FROM stdin;
55	Nivel 3	Nivel 3	\N	\N	2018-02-23 23:00:17	2018-02-26 15:27:01	2018-02-26 15:27:01
56	Role Enrolable	Role remain	\N	\N	2018-02-24 01:00:09	2018-02-26 15:30:07	2018-02-26 15:30:07
57	57 sdfsdf	dsfsdfsd\nfsad\n sdfda d\n ff sd f\ndsf \nads f\nsdf\n asd\nfsd \nfsda	\N	\N	2018-02-25 02:17:05	2018-02-26 15:49:13	2018-02-26 15:49:13
59	fsfsd	fsd	\N	\N	2018-02-26 16:18:34	2018-02-26 16:18:38	2018-02-26 16:18:38
58	role	role	\N	\N	2018-02-26 15:49:22	2018-02-26 16:19:04	2018-02-26 16:19:04
61	no editable	pq no se peue	\N	\N	2018-02-26 19:30:21	2018-02-26 20:22:37	2018-02-26 20:22:37
60	role	role	\N	\N	2018-02-26 16:19:11	2018-02-26 20:22:39	2018-02-26 20:22:39
65	role new	role a.s,da	\N	\N	2018-02-27 19:29:06	2018-02-27 19:29:19	2018-02-27 19:29:19
67	dfasfd	fasdf	\N	\N	2018-03-06 05:51:18	2018-03-06 05:51:22	2018-03-06 05:51:22
63	role 2	role 2	\N	4	2018-02-26 20:22:57	2018-03-06 05:57:47	\N
64	role 3	role 3	\N	4	2018-02-26 20:23:13	2018-03-06 05:57:52	\N
68	sfdafsdf	sdfsdf	4	4	2018-03-06 07:05:15	2018-03-07 13:51:02	2018-03-07 13:51:02
62	role 1	role 1	\N	4	2018-02-26 20:22:50	2018-03-12 01:48:29	\N
66	Role 4	Role 4	\N	4	2018-02-28 23:44:07	2018-03-13 15:11:06	\N
\.


--
-- Data for Name: roles_permisos; Type: TABLE DATA; Schema: public; Owner: postgres
--

COPY public.roles_permisos (id_role_permiso, id_role, id_permiso, id_usuario_registra, id_usuario_modifica, created_at, updated_at, deleted_at) FROM stdin;
10	11	14	\N	\N	2018-02-22 14:08:23	2018-02-22 14:08:23	\N
11	12	14	\N	\N	2018-02-22 14:08:28	2018-02-22 14:08:28	\N
12	13	14	\N	\N	2018-02-22 14:08:33	2018-02-22 14:08:33	\N
13	10	15	\N	\N	2018-02-22 14:08:40	2018-02-22 14:08:40	\N
14	10	16	\N	\N	2018-02-22 14:08:44	2018-02-22 14:08:44	\N
15	10	17	\N	\N	2018-02-22 14:08:48	2018-02-22 14:08:48	\N
16	10	14	\N	\N	2018-02-22 14:19:50	2018-02-22 14:19:50	\N
9	10	10	\N	\N	2018-02-22 14:06:15	2018-02-22 18:22:22	\N
17	19	17	\N	\N	2018-02-22 21:09:18	2018-02-22 21:09:18	\N
18	20	15	\N	\N	2018-02-22 21:17:22	2018-02-22 21:17:22	\N
19	21	16	\N	\N	2018-02-22 21:18:26	2018-02-22 21:18:26	\N
20	22	17	\N	\N	2018-02-22 21:23:26	2018-02-22 21:23:26	\N
21	23	15	\N	\N	2018-02-22 21:23:49	2018-02-22 21:23:49	\N
22	24	17	\N	\N	2018-02-22 21:25:02	2018-02-22 21:25:02	\N
23	25	17	\N	\N	2018-02-23 04:12:59	2018-02-23 04:12:59	\N
24	26	17	\N	\N	2018-02-23 04:13:18	2018-02-23 04:13:18	\N
25	27	15	\N	\N	2018-02-23 12:47:06	2018-02-23 12:47:06	\N
26	28	15	\N	\N	2018-02-23 14:07:27	2018-02-23 14:07:27	\N
27	29	15	\N	\N	2018-02-23 14:40:08	2018-02-23 14:40:08	\N
28	30	15	\N	\N	2018-02-23 14:58:07	2018-02-23 14:58:07	\N
29	31	15	\N	\N	2018-02-23 14:59:58	2018-02-23 14:59:58	\N
30	32	15	\N	\N	2018-02-23 15:01:16	2018-02-23 15:01:16	\N
31	33	15	\N	\N	2018-02-23 15:02:09	2018-02-23 15:02:09	\N
32	34	15	\N	\N	2018-02-23 15:03:23	2018-02-23 15:03:23	\N
33	35	16	\N	\N	2018-02-23 15:05:13	2018-02-23 15:05:13	\N
34	36	17	\N	\N	2018-02-23 15:05:28	2018-02-23 15:05:28	\N
35	37	15	\N	\N	2018-02-23 15:07:06	2018-02-23 15:07:06	\N
37	39	14	\N	\N	2018-02-23 15:13:35	2018-02-23 19:28:48	\N
38	40	15	\N	\N	2018-02-23 15:14:26	2018-02-23 19:29:14	\N
36	38	14	\N	\N	2018-02-23 15:08:30	2018-02-23 19:29:34	\N
39	41	17	\N	\N	2018-02-23 20:21:08	2018-02-23 20:21:08	\N
40	42	15	\N	\N	2018-02-23 20:21:21	2018-02-23 20:21:21	\N
41	43	17	\N	\N	2018-02-23 21:11:42	2018-02-23 21:11:42	\N
42	44	17	\N	\N	2018-02-23 21:25:52	2018-02-23 21:25:52	\N
43	45	17	\N	\N	2018-02-23 21:26:29	2018-02-23 21:26:29	\N
44	46	16	\N	\N	2018-02-23 21:29:32	2018-02-23 21:29:32	\N
45	47	15	\N	\N	2018-02-23 21:32:38	2018-02-23 21:32:38	\N
46	48	15	\N	\N	2018-02-23 21:33:53	2018-02-23 21:33:53	\N
47	49	15	\N	\N	2018-02-23 21:35:51	2018-02-23 21:35:51	\N
48	50	16	\N	\N	2018-02-23 21:36:12	2018-02-23 21:36:12	\N
49	51	15	\N	\N	2018-02-23 21:37:10	2018-02-23 21:37:10	\N
50	52	15	\N	\N	2018-02-23 21:38:13	2018-02-23 21:38:13	\N
51	53	15	\N	\N	2018-02-23 21:44:27	2018-02-23 21:44:27	\N
52	54	15	\N	\N	2018-02-23 21:48:38	2018-02-23 21:48:38	\N
53	55	16	\N	\N	2018-02-23 23:00:17	2018-02-26 15:27:01	2018-02-26 15:27:01
54	56	16	\N	\N	2018-02-24 01:00:09	2018-02-26 15:30:07	2018-02-26 15:30:07
55	57	16	\N	\N	2018-02-25 02:17:05	2018-02-26 15:49:13	2018-02-26 15:49:13
57	59	14	\N	\N	2018-02-26 16:18:34	2018-02-26 16:18:38	2018-02-26 16:18:38
56	58	15	\N	\N	2018-02-26 15:49:22	2018-02-26 16:19:04	2018-02-26 16:19:04
59	61	16	\N	\N	2018-02-26 19:30:21	2018-02-26 20:22:37	2018-02-26 20:22:37
58	60	15	\N	\N	2018-02-26 16:19:11	2018-02-26 20:22:39	2018-02-26 20:22:39
60	62	15	\N	\N	2018-02-26 20:22:50	2018-02-26 20:22:50	\N
62	64	14	\N	\N	2018-02-26 20:23:13	2018-02-26 20:23:13	\N
63	65	17	\N	\N	2018-02-27 19:29:06	2018-02-27 19:29:19	2018-02-27 19:29:19
65	67	17	\N	\N	2018-03-06 05:51:18	2018-03-06 05:51:22	2018-03-06 05:51:22
66	68	14	\N	\N	2018-03-06 07:05:15	2018-03-07 13:51:02	2018-03-07 13:51:02
64	66	14	\N	\N	2018-02-28 23:44:07	2018-03-13 15:11:06	\N
61	63	15	\N	\N	2018-02-26 20:22:57	2018-03-13 15:15:24	\N
\.


--
-- Data for Name: servicio_salud; Type: TABLE DATA; Schema: public; Owner: postgres
--

COPY public.servicio_salud (id_servicio_salud, id_region, nombre_servicio_salud, orden, created_at, updated_at, deleted_at) FROM stdin;
1	15	Arica	1	2017-10-31 11:06:00	2017-10-31 11:06:00	\N
2	1	Iquique	2	2017-10-31 11:06:00	2017-10-31 11:06:00	\N
3	2	Antofagasta	3	2017-10-31 11:06:00	2017-10-31 11:06:00	\N
4	3	Atacama	4	2017-10-31 11:06:00	2017-10-31 11:06:00	\N
5	4	Coquimbo	5	2017-10-31 11:06:00	2017-10-31 11:06:00	\N
6	5	Valparaíso San Antonio	6	2017-10-31 11:06:00	2017-10-31 11:06:00	\N
7	5	Viña del Mar Quillota	7	2017-10-31 11:06:00	2017-10-31 11:06:00	\N
8	5	Aconcagua	8	2017-10-31 11:06:00	2017-10-31 11:06:00	\N
9	13	Metropolitano Norte	9	2017-10-31 11:06:00	2017-10-31 11:06:00	\N
10	13	Metropolitano Occidente	10	2017-10-31 11:06:00	2017-10-31 11:06:00	\N
11	13	Metropolitano Central	11	2017-10-31 11:06:00	2017-10-31 11:06:00	\N
12	13	Metropolitano Oriente	12	2017-10-31 11:06:00	2017-10-31 11:06:00	\N
13	13	Metropolitano Sur	13	2017-10-31 11:06:00	2017-10-31 11:06:00	\N
14	13	Metropolitano Sur Oriente	14	2017-10-31 11:06:00	2017-10-31 11:06:00	\N
15	6	Del Libertador B. O´Higgins	15	2017-10-31 11:06:00	2017-10-31 11:06:00	\N
16	7	Del Maule	16	2017-10-31 11:06:00	2017-10-31 11:06:00	\N
17	8	Ñuble	17	2017-10-31 11:06:00	2017-10-31 11:06:00	\N
18	8	Concepción	18	2017-10-31 11:06:00	2017-10-31 11:06:00	\N
19	8	Talcahuano	20	2017-10-31 11:06:00	2017-10-31 11:06:00	\N
20	8	Biobío	21	2017-10-31 11:06:00	2017-10-31 11:06:00	\N
21	9	Araucanía Sur	23	2017-10-31 11:06:00	2017-10-31 11:06:00	\N
22	14	Valdivia	24	2017-10-31 11:06:00	2017-10-31 11:06:00	\N
23	10	Osorno	25	2017-10-31 11:06:00	2017-10-31 11:06:00	\N
24	10	Del Reloncaví	26	2017-10-31 11:06:00	2017-10-31 11:06:00	\N
25	11	Aisén	28	2017-10-31 11:06:00	2017-10-31 11:06:00	\N
26	12	Magallanes	29	2017-10-31 11:06:00	2017-10-31 11:06:00	\N
28	8	Arauco	19	2017-10-31 11:06:00	2017-10-31 11:06:00	\N
29	9	Araucanía Norte	22	2017-10-31 11:06:00	2017-10-31 11:06:00	\N
33	10	Chiloé	27	2017-10-31 11:06:00	2017-10-31 11:06:00	\N
\.


--
-- Data for Name: servicios; Type: TABLE DATA; Schema: public; Owner: postgres
--

COPY public.servicios (id_servicio, id_actividad, id_usuario, nom_servicio, det_servicio, id_usuario_registra, id_usuario_modifica, created_at, updated_at, deleted_at) FROM stdin;
2	4	4	Wordpress	Servicio que se encarga de mantener y administrar los sitios hechos en wordpress	1	4	2018-02-27 19:04:06	2018-03-05 20:56:33	\N
1	4	4	Sitios Web	Servicio que realiza el equipo de soporte	1	4	2018-02-27 18:58:58	2018-03-06 06:39:45	\N
5	7	4	eqweqwe	wqe	4	4	2018-03-06 06:39:50	2018-03-06 06:39:53	2018-03-06 06:39:53
3	4	4	Sitios en Yii	Desarrollos que se han realizado en Yii Framework.	1	4	2018-02-27 19:04:06	2018-03-06 06:41:35	\N
6	10	4	sdaf	fsadf	4	4	2018-03-06 06:41:42	2018-03-06 06:41:45	2018-03-06 06:41:45
7	1	4	Sigte	Sistema de gestion de tiempos de espera	4	4	2018-03-07 13:52:04	2018-03-12 04:43:53	\N
4	4	4	Web Minsal	Desarrollos relacionados al servicio web minsal	1	4	2018-02-27 19:35:43	2018-03-12 04:50:25	\N
\.


--
-- Data for Name: servicios_estados; Type: TABLE DATA; Schema: public; Owner: postgres
--

COPY public.servicios_estados (id_servicio_estado, id_servicio, id_estado, id_usuario_registra, id_usuario_modifica, created_at, updated_at, deleted_at) FROM stdin;
\.


--
-- Data for Name: servicios_permisos; Type: TABLE DATA; Schema: public; Owner: postgres
--

COPY public.servicios_permisos (id_servicio_permiso, id_servicio, id_permiso, id_usuario_registra, id_usuario_modifica, created_at, updated_at, deleted_at) FROM stdin;
\.


--
-- Data for Name: servicios_tags; Type: TABLE DATA; Schema: public; Owner: postgres
--

COPY public.servicios_tags (id_servicio_tag, id_servicio, id_tag, id_usuario_registra, id_usuario_modifica, created_at, updated_at, deleted_at) FROM stdin;
\.


--
-- Data for Name: servidores; Type: TABLE DATA; Schema: public; Owner: postgres
--

COPY public.servidores (id_servidor, id_datacentro, id_sistema_operativo, nom_servidor, ip_servidor, id_usuario_registra, id_usuario_modifica, created_at, updated_at, deleted_at, det_servidor, ram, memoria_dd, swap, procesador, frec_procesador, nucleos, usuarios_pactados, mac, nodo, interface) FROM stdin;
3	\N	\N	DEL	8.8.8.8	4	4	2018-03-05 21:28:32	2018-03-05 21:28:35	2018-03-05 21:28:35	DEL	\N	\N	\N	\N	\N	\N	\N	\N	\N	\N
2	1	6	IP	8.8.8.8	4	4	2018-03-05 21:28:03	2018-03-12 01:40:58	\N	IP	4234	2342	34	amd	234	234	342	1b:23:2a:e3:11:ab	\N	\N
1	2	4	APP01QAMINSAL	8.8.8.8	4	4	2018-03-05 21:26:30	2018-03-12 02:02:18	\N	Servidor de webminsal	2048	30000	8000	intel	2400	2	3	\N	\N	\N
4	1	6	MNSOAPSIGTE	1.1.1.1	4	4	2018-03-07 13:57:52	2018-03-12 04:53:02	\N	Servidor sigte	1024	30000	8000	amd	2400	2	1	ab:13:1b:f5:2d:4a	\N	\N
\.


--
-- Data for Name: servidores_accesos; Type: TABLE DATA; Schema: public; Owner: postgres
--

COPY public.servidores_accesos (id_servidor_acceso, id_aplicacion, id_servidor, username, password, tipo_acceso, puerto_acceso, id_usuario_registra, id_usuario_modifica, created_at, updated_at, deleted_at) FROM stdin;
\.


--
-- Data for Name: sistemas_operativos; Type: TABLE DATA; Schema: public; Owner: postgres
--

COPY public.sistemas_operativos (id_sistema_operativo, arquitectura, nom_sistema_operativo, det_sistema_operativo, vers_sistema_operativo, lic_sistema_operativo, det_licencia_sistema_operativo, id_usuario_registra, id_usuario_modifica, created_at, updated_at, deleted_at) FROM stdin;
2	x64	true	null	null	no	null	4	4	2018-03-06 04:21:30	2018-03-06 04:34:47	\N
4	x86	Linux	Centos	7.4	no	GNU	4	4	2018-03-06 04:33:08	2018-03-06 04:34:58	\N
1	x64	nombre	nombre	null	no	no tiene licencia	4	4	2018-03-06 03:51:20	2018-03-06 04:35:06	\N
3	x86	Windows	Windows 10 Profesional	10	si	null	4	4	2018-03-06 04:30:40	2018-03-06 04:35:12	\N
5	x64	dfasfd	sfafasd	fsf	no	sdaf	4	4	2018-03-06 06:46:36	2018-03-06 06:46:40	2018-03-06 06:46:40
6	x86	Centos	Centos linux	7.4	si	saddsdas asdas asdasd as as	4	4	2018-03-09 04:34:23	2018-03-09 04:34:23	\N
\.


--
-- Data for Name: tags; Type: TABLE DATA; Schema: public; Owner: postgres
--

COPY public.tags (id_tag, nom_tag, det_tag, meta_tag, id_usuario_registra, id_usuario_modifica, created_at, updated_at, deleted_at) FROM stdin;
1	Tag 1	Tag 1	tagsdf ata at	4	4	2018-03-06 13:16:09	2018-03-06 13:16:09	\N
2	Tag 2	Tag 2	tagfkdb32	4	4	2018-03-06 17:54:02	2018-03-06 17:54:02	\N
\.


--
-- Data for Name: tecnologia_desarrollo; Type: TABLE DATA; Schema: public; Owner: postgres
--

COPY public.tecnologia_desarrollo (id_tecnologia_desarrollo, id_tipo_tecnologia, nom_tecnologia, det_tecnologia, vers_tecnologia, id_usuario_registra, id_usuario_modifica, created_at, updated_at, deleted_at) FROM stdin;
\.


--
-- Data for Name: tipos_aplicaciones; Type: TABLE DATA; Schema: public; Owner: postgres
--

COPY public.tipos_aplicaciones (id_tipo_aplicacion, nom_tipo_aplicacion, det_tipo_aplicacion, cod_tipo_aplicacion, id_usuario_registra, id_usuario_modifica, created_at, updated_at, deleted_at) FROM stdin;
2	ds	ad	sa	4	4	2018-02-28 13:26:03	2018-02-28 13:26:05	2018-02-28 13:26:05
1	Aplicacion Nativa	Aplicacion Nativa con algun lenguaje en particular	038238fdds	4	4	2018-02-28 13:25:51	2018-02-28 14:04:11	\N
3	Aplicacion punto Net	Aplicacion .Net	null	4	4	2018-02-28 14:04:39	2018-02-28 14:04:39	\N
4	Wordpress	Wordpress	null	4	4	2018-02-28 14:05:01	2018-02-28 14:05:01	\N
5	Joomla	Joomla	null	4	4	2018-02-28 14:05:07	2018-02-28 14:05:07	\N
6	Aplicacion Php	Aplicacion php	null	4	4	2018-02-28 14:05:19	2018-02-28 14:05:19	\N
7	Php Yii Framework	Php Yii Framework	null	4	4	2018-02-28 14:05:40	2018-02-28 14:05:40	\N
8	Laravel Php Framework	Laravel Php Framework	null	4	4	2018-02-28 14:05:49	2018-02-28 14:05:49	\N
9	Fremework	Codeigniter	CI	4	4	2018-03-06 05:05:19	2018-03-06 05:05:19	\N
10	qewe	wqew	e	4	4	2018-03-06 06:40:12	2018-03-06 06:40:15	2018-03-06 06:40:15
\.


--
-- Data for Name: tipos_tecnologias_desarrollo; Type: TABLE DATA; Schema: public; Owner: postgres
--

COPY public.tipos_tecnologias_desarrollo (id_tipo_tecnologia_desarrollo, nom_tipo, det_tipo, cod_tipo, id_usuario_registra, id_usuario_modifica, created_at, updated_at, deleted_at) FROM stdin;
\.


--
-- Data for Name: usuarios; Type: TABLE DATA; Schema: public; Owner: postgres
--

COPY public.usuarios (id_usuario, nom_usuario, nom_completo, ape_paterno, ape_materno, username, email, password, remember_token, id_usuario_registra, id_usuario_modifica, created_at, updated_at, deleted_at) FROM stdin;
3	qweqwe	null	null	null	qwe	esteban.ramos@minsawqel.cl	$2y$10$/wzbajETfyaumw8bTd8GHu3Ml50hxxbjb2HYduh4Cm5SDnpM5aYWW	\N	\N	\N	2018-02-27 19:30:51	2018-02-27 19:32:25	2018-02-27 19:32:25
2	edsaf	null	null	null	aasdasd	esteban.ramos@minsaasdl.cl	$2y$10$EMV5tnLbwP5gAhTXjmVVu.rsn8bkQ9dIt9iay1e6Vj7AenetPnqsy	\N	\N	\N	2018-02-27 13:25:49	2018-02-27 19:32:28	2018-02-27 19:32:28
1	Esteban	\N	\N	\N	\N	esteban.ramos@minsal.cl	$2y$10$56R..xvCC1igB5V0842UI.f2B5V2p7lopByoVEjig0R2BSgRosuEu	Qya1IjuaQ6Wjz3Q4OwKsoYqFHSEFqwu6wFNh1hdyj7UdVI4oUqVOX5rKDiy6	\N	\N	2018-02-19 18:08:14	2018-02-27 23:36:15	2018-02-27 23:36:15
5	asds	null	asd	asd	asd	estasddeban.ramos.f@gmail.com	$2y$10$efcUhxc91net4pQsHaEOuucB682MsKzYciRQyqtGahn7lZ4/fJp/S	\N	\N	\N	2018-03-06 06:10:38	2018-03-06 06:24:26	2018-03-06 06:24:26
4	Esteban	\N	\N	\N	fsdsf	esteban.ramos.f@gmail.com	$2y$10$4uyuYE2vEhfV5zdzp8o4f.LuzSlq3YRhcnH2R1mkT0PulWZfkpCVu	PbPf3H2ZAuBQvSYkmIUAuAj8XKmSaBzltsUWVAzqrzeHagbNsftLWKM1HeyO	\N	\N	2018-02-27 23:36:43	2018-03-13 15:17:36	\N
\.


--
-- Data for Name: usuarios_bitacora_servicios; Type: TABLE DATA; Schema: public; Owner: postgres
--

COPY public.usuarios_bitacora_servicios (id_usuario_bitacora_servicio, id_usuario, id_servicio, id_actividad, asunto, det_bitacora, id_usuario_registra, id_usuario_modifica, created_at, updated_at, deleted_at) FROM stdin;
1	4	2	1	Cambio en tv minsal	Se realiza cambio menor en formulario de tv minsal.	4	4	2018-03-12 14:49:51	2018-03-12 16:09:17	\N
2	4	2	1	Nuevo cambio tv minsal	Cambio menor tv minsal	4	4	2018-03-12 14:55:59	2018-03-12 16:09:23	\N
\.


--
-- Data for Name: usuarios_cargos; Type: TABLE DATA; Schema: public; Owner: postgres
--

COPY public.usuarios_cargos (id_usuario_cargo, id_usuario, id_cargo, id_usuario_registra, id_usuario_modifica, created_at, updated_at, deleted_at) FROM stdin;
\.


--
-- Data for Name: usuarios_estados; Type: TABLE DATA; Schema: public; Owner: postgres
--

COPY public.usuarios_estados (id_usuario_estado, id_estado, id_usuario, id_usuario_registra, id_usuario_modifica, created_at, updated_at, deleted_at) FROM stdin;
\.


--
-- Data for Name: usuarios_roles; Type: TABLE DATA; Schema: public; Owner: postgres
--

COPY public.usuarios_roles (id_usuario_role, id_role, id_usuario, id_usuario_registra, id_usuario_modifica, created_at, updated_at, deleted_at) FROM stdin;
\.


--
-- Data for Name: usuarios_servicios; Type: TABLE DATA; Schema: public; Owner: postgres
--

COPY public.usuarios_servicios (id_usuario_servicio, id_usuario, id_servicio, id_usuario_registra, id_usuario_modifica, created_at, updated_at, deleted_at) FROM stdin;
\.


--
-- Name: accesos_aplicaciones_id_seq; Type: SEQUENCE SET; Schema: public; Owner: postgres
--

SELECT pg_catalog.setval('public.accesos_aplicaciones_id_seq', 1, false);


--
-- Name: accesos_servidores_id_seq; Type: SEQUENCE SET; Schema: public; Owner: postgres
--

SELECT pg_catalog.setval('public.accesos_servidores_id_seq', 1, false);


--
-- Name: actividades_id_seq; Type: SEQUENCE SET; Schema: public; Owner: postgres
--

SELECT pg_catalog.setval('public.actividades_id_seq', 11, true);


--
-- Name: actividades_tags_id_seq; Type: SEQUENCE SET; Schema: public; Owner: postgres
--

SELECT pg_catalog.setval('public.actividades_tags_id_seq', 1, false);


--
-- Name: aplicaciones_estados_id_seq; Type: SEQUENCE SET; Schema: public; Owner: postgres
--

SELECT pg_catalog.setval('public.aplicaciones_estados_id_seq', 1, false);


--
-- Name: aplicaciones_id_seq; Type: SEQUENCE SET; Schema: public; Owner: postgres
--

SELECT pg_catalog.setval('public.aplicaciones_id_seq', 6, true);


--
-- Name: aplicaciones_tags_id_seq; Type: SEQUENCE SET; Schema: public; Owner: postgres
--

SELECT pg_catalog.setval('public.aplicaciones_tags_id_seq', 1, false);


--
-- Name: aplicaciones_tecnologias_id_seq; Type: SEQUENCE SET; Schema: public; Owner: postgres
--

SELECT pg_catalog.setval('public.aplicaciones_tecnologias_id_seq', 1, false);


--
-- Name: cargos_id_seq; Type: SEQUENCE SET; Schema: public; Owner: postgres
--

SELECT pg_catalog.setval('public.cargos_id_seq', 5, true);


--
-- Name: catalogos_servicios_id_seq; Type: SEQUENCE SET; Schema: public; Owner: postgres
--

SELECT pg_catalog.setval('public.catalogos_servicios_id_seq', 1, false);


--
-- Name: catalogos_servicios_tags_id_seq; Type: SEQUENCE SET; Schema: public; Owner: postgres
--

SELECT pg_catalog.setval('public.catalogos_servicios_tags_id_seq', 1, false);


--
-- Name: datacentros_id_seq; Type: SEQUENCE SET; Schema: public; Owner: postgres
--

SELECT pg_catalog.setval('public.datacentros_id_seq', 3, true);


--
-- Name: dominios_id_seq; Type: SEQUENCE SET; Schema: public; Owner: postgres
--

SELECT pg_catalog.setval('public.dominios_id_seq', 4, true);


--
-- Name: entregas_credenciales_usuarios_id_seq; Type: SEQUENCE SET; Schema: public; Owner: postgres
--

SELECT pg_catalog.setval('public.entregas_credenciales_usuarios_id_seq', 1, false);


--
-- Name: estados_id_seq; Type: SEQUENCE SET; Schema: public; Owner: postgres
--

SELECT pg_catalog.setval('public.estados_id_seq', 5, true);


--
-- Name: fuentes_aplicaciones_id_seq; Type: SEQUENCE SET; Schema: public; Owner: postgres
--

SELECT pg_catalog.setval('public.fuentes_aplicaciones_id_seq', 1, false);


--
-- Name: log_navegacion_id_seq; Type: SEQUENCE SET; Schema: public; Owner: postgres
--

SELECT pg_catalog.setval('public.log_navegacion_id_seq', 1, false);


--
-- Name: migrations_id_seq; Type: SEQUENCE SET; Schema: public; Owner: postgres
--

SELECT pg_catalog.setval('public.migrations_id_seq', 2, true);


--
-- Name: permisos_id_seq; Type: SEQUENCE SET; Schema: public; Owner: postgres
--

SELECT pg_catalog.setval('public.permisos_id_seq', 20, true);


--
-- Name: roles_id_seq; Type: SEQUENCE SET; Schema: public; Owner: postgres
--

SELECT pg_catalog.setval('public.roles_id_seq', 68, true);


--
-- Name: roles_permisos_id_seq; Type: SEQUENCE SET; Schema: public; Owner: postgres
--

SELECT pg_catalog.setval('public.roles_permisos_id_seq', 66, true);


--
-- Name: servicios_estados_id_seq; Type: SEQUENCE SET; Schema: public; Owner: postgres
--

SELECT pg_catalog.setval('public.servicios_estados_id_seq', 1, false);


--
-- Name: servicios_id_seq; Type: SEQUENCE SET; Schema: public; Owner: postgres
--

SELECT pg_catalog.setval('public.servicios_id_seq', 7, true);


--
-- Name: servicios_permisos_id_seq; Type: SEQUENCE SET; Schema: public; Owner: postgres
--

SELECT pg_catalog.setval('public.servicios_permisos_id_seq', 1, false);


--
-- Name: servicios_tags_id_seq; Type: SEQUENCE SET; Schema: public; Owner: postgres
--

SELECT pg_catalog.setval('public.servicios_tags_id_seq', 1, false);


--
-- Name: servidor_aplicaciones_id_seq; Type: SEQUENCE SET; Schema: public; Owner: postgres
--

SELECT pg_catalog.setval('public.servidor_aplicaciones_id_seq', 4, true);


--
-- Name: sistemas_operativos_id_seq; Type: SEQUENCE SET; Schema: public; Owner: postgres
--

SELECT pg_catalog.setval('public.sistemas_operativos_id_seq', 6, true);


--
-- Name: tags_id_seq; Type: SEQUENCE SET; Schema: public; Owner: postgres
--

SELECT pg_catalog.setval('public.tags_id_seq', 2, true);


--
-- Name: tecnologia_desarrollo_id_seq; Type: SEQUENCE SET; Schema: public; Owner: postgres
--

SELECT pg_catalog.setval('public.tecnologia_desarrollo_id_seq', 1, false);


--
-- Name: tipos_aplicaciones_id_seq; Type: SEQUENCE SET; Schema: public; Owner: postgres
--

SELECT pg_catalog.setval('public.tipos_aplicaciones_id_seq', 10, true);


--
-- Name: tipos_tecnologias_desarrollo_id_seq; Type: SEQUENCE SET; Schema: public; Owner: postgres
--

SELECT pg_catalog.setval('public.tipos_tecnologias_desarrollo_id_seq', 1, false);


--
-- Name: usuarios_bitacora_servicios_id_seq; Type: SEQUENCE SET; Schema: public; Owner: postgres
--

SELECT pg_catalog.setval('public.usuarios_bitacora_servicios_id_seq', 2, true);


--
-- Name: usuarios_cargos_id_seq; Type: SEQUENCE SET; Schema: public; Owner: postgres
--

SELECT pg_catalog.setval('public.usuarios_cargos_id_seq', 1, false);


--
-- Name: usuarios_estados_id_seq; Type: SEQUENCE SET; Schema: public; Owner: postgres
--

SELECT pg_catalog.setval('public.usuarios_estados_id_seq', 1, false);


--
-- Name: usuarios_id_seq; Type: SEQUENCE SET; Schema: public; Owner: postgres
--

SELECT pg_catalog.setval('public.usuarios_id_seq', 5, true);


--
-- Name: usuarios_roles_id_seq; Type: SEQUENCE SET; Schema: public; Owner: postgres
--

SELECT pg_catalog.setval('public.usuarios_roles_id_seq', 1, false);


--
-- Name: usuarios_servicios_id_seq; Type: SEQUENCE SET; Schema: public; Owner: postgres
--

SELECT pg_catalog.setval('public.usuarios_servicios_id_seq', 1, false);


--
-- Name: aplicaciones_accesos accesos_aplicaciones_pkey; Type: CONSTRAINT; Schema: public; Owner: postgres
--

ALTER TABLE ONLY public.aplicaciones_accesos
    ADD CONSTRAINT accesos_aplicaciones_pkey PRIMARY KEY (id_acceso_aplicacion);


--
-- Name: servidores_accesos accesos_servidores_pkey; Type: CONSTRAINT; Schema: public; Owner: postgres
--

ALTER TABLE ONLY public.servidores_accesos
    ADD CONSTRAINT accesos_servidores_pkey PRIMARY KEY (id_servidor_acceso);


--
-- Name: actividades actividades_pkey; Type: CONSTRAINT; Schema: public; Owner: postgres
--

ALTER TABLE ONLY public.actividades
    ADD CONSTRAINT actividades_pkey PRIMARY KEY (id_actividad);


--
-- Name: actividades_tags actividades_tags_pkey; Type: CONSTRAINT; Schema: public; Owner: postgres
--

ALTER TABLE ONLY public.actividades_tags
    ADD CONSTRAINT actividades_tags_pkey PRIMARY KEY (id_actividad_tag);


--
-- Name: aplicaciones_estados aplicaciones_estados_pkey; Type: CONSTRAINT; Schema: public; Owner: postgres
--

ALTER TABLE ONLY public.aplicaciones_estados
    ADD CONSTRAINT aplicaciones_estados_pkey PRIMARY KEY (id_aplicacion_estado);


--
-- Name: aplicaciones aplicaciones_pkey; Type: CONSTRAINT; Schema: public; Owner: postgres
--

ALTER TABLE ONLY public.aplicaciones
    ADD CONSTRAINT aplicaciones_pkey PRIMARY KEY (id_aplicacion);


--
-- Name: aplicaciones_tags aplicaciones_tags_pkey; Type: CONSTRAINT; Schema: public; Owner: postgres
--

ALTER TABLE ONLY public.aplicaciones_tags
    ADD CONSTRAINT aplicaciones_tags_pkey PRIMARY KEY (id_aplicacion_tag);


--
-- Name: aplicaciones_tecnologias aplicaciones_tecnologias_pkey; Type: CONSTRAINT; Schema: public; Owner: postgres
--

ALTER TABLE ONLY public.aplicaciones_tecnologias
    ADD CONSTRAINT aplicaciones_tecnologias_pkey PRIMARY KEY (id_aplicacion_tecnologia);


--
-- Name: cargos cargos_pkey; Type: CONSTRAINT; Schema: public; Owner: postgres
--

ALTER TABLE ONLY public.cargos
    ADD CONSTRAINT cargos_pkey PRIMARY KEY (id_cargo);


--
-- Name: catalogos_servicios catalogos_servicios_pkey; Type: CONSTRAINT; Schema: public; Owner: postgres
--

ALTER TABLE ONLY public.catalogos_servicios
    ADD CONSTRAINT catalogos_servicios_pkey PRIMARY KEY (id_catalogo_servicio);


--
-- Name: catalogos_servicios_tags catalogos_servicios_tags_pkey; Type: CONSTRAINT; Schema: public; Owner: postgres
--

ALTER TABLE ONLY public.catalogos_servicios_tags
    ADD CONSTRAINT catalogos_servicios_tags_pkey PRIMARY KEY (id_catalogo_servicio_tag);


--
-- Name: datacentros datacentros_pkey; Type: CONSTRAINT; Schema: public; Owner: postgres
--

ALTER TABLE ONLY public.datacentros
    ADD CONSTRAINT datacentros_pkey PRIMARY KEY (id_datacentro);


--
-- Name: dominios dominios_pkey; Type: CONSTRAINT; Schema: public; Owner: postgres
--

ALTER TABLE ONLY public.dominios
    ADD CONSTRAINT dominios_pkey PRIMARY KEY (id_dominio);


--
-- Name: entregas_credenciales_usuarios entregas_credenciales_usuarios_pkey; Type: CONSTRAINT; Schema: public; Owner: postgres
--

ALTER TABLE ONLY public.entregas_credenciales_usuarios
    ADD CONSTRAINT entregas_credenciales_usuarios_pkey PRIMARY KEY (id_entrega_credencial_usuario);


--
-- Name: estados estados_pkey; Type: CONSTRAINT; Schema: public; Owner: postgres
--

ALTER TABLE ONLY public.estados
    ADD CONSTRAINT estados_pkey PRIMARY KEY (id_estado);


--
-- Name: fuentes_aplicaciones fuentes_aplicaciones_pkey; Type: CONSTRAINT; Schema: public; Owner: postgres
--

ALTER TABLE ONLY public.fuentes_aplicaciones
    ADD CONSTRAINT fuentes_aplicaciones_pkey PRIMARY KEY (id_fuente_aplicacion);


--
-- Name: log_navegacion log_navegacion_pkey; Type: CONSTRAINT; Schema: public; Owner: postgres
--

ALTER TABLE ONLY public.log_navegacion
    ADD CONSTRAINT log_navegacion_pkey PRIMARY KEY (id_log_navegacion);


--
-- Name: migrations migrations_pkey; Type: CONSTRAINT; Schema: public; Owner: postgres
--

ALTER TABLE ONLY public.migrations
    ADD CONSTRAINT migrations_pkey PRIMARY KEY (id);


--
-- Name: permisos permisos_pkey; Type: CONSTRAINT; Schema: public; Owner: postgres
--

ALTER TABLE ONLY public.permisos
    ADD CONSTRAINT permisos_pkey PRIMARY KEY (id_permiso);


--
-- Name: roles_permisos roles_permisos_pkey; Type: CONSTRAINT; Schema: public; Owner: postgres
--

ALTER TABLE ONLY public.roles_permisos
    ADD CONSTRAINT roles_permisos_pkey PRIMARY KEY (id_role_permiso);


--
-- Name: roles roles_pkey; Type: CONSTRAINT; Schema: public; Owner: postgres
--

ALTER TABLE ONLY public.roles
    ADD CONSTRAINT roles_pkey PRIMARY KEY (id_role);


--
-- Name: servicios_estados servicios_estados_pkey; Type: CONSTRAINT; Schema: public; Owner: postgres
--

ALTER TABLE ONLY public.servicios_estados
    ADD CONSTRAINT servicios_estados_pkey PRIMARY KEY (id_servicio_estado);


--
-- Name: servicios_permisos servicios_permisos_pkey; Type: CONSTRAINT; Schema: public; Owner: postgres
--

ALTER TABLE ONLY public.servicios_permisos
    ADD CONSTRAINT servicios_permisos_pkey PRIMARY KEY (id_servicio_permiso);


--
-- Name: servicios servicios_pkey; Type: CONSTRAINT; Schema: public; Owner: postgres
--

ALTER TABLE ONLY public.servicios
    ADD CONSTRAINT servicios_pkey PRIMARY KEY (id_servicio);


--
-- Name: servicios_tags servicios_tags_pkey; Type: CONSTRAINT; Schema: public; Owner: postgres
--

ALTER TABLE ONLY public.servicios_tags
    ADD CONSTRAINT servicios_tags_pkey PRIMARY KEY (id_servicio_tag);


--
-- Name: servidores servidor_aplicaciones_pkey; Type: CONSTRAINT; Schema: public; Owner: postgres
--

ALTER TABLE ONLY public.servidores
    ADD CONSTRAINT servidor_aplicaciones_pkey PRIMARY KEY (id_servidor);


--
-- Name: sistemas_operativos sistemas_operativos_pkey; Type: CONSTRAINT; Schema: public; Owner: postgres
--

ALTER TABLE ONLY public.sistemas_operativos
    ADD CONSTRAINT sistemas_operativos_pkey PRIMARY KEY (id_sistema_operativo);


--
-- Name: tags tags_pkey; Type: CONSTRAINT; Schema: public; Owner: postgres
--

ALTER TABLE ONLY public.tags
    ADD CONSTRAINT tags_pkey PRIMARY KEY (id_tag);


--
-- Name: tecnologia_desarrollo tecnologia_desarrollo_pkey; Type: CONSTRAINT; Schema: public; Owner: postgres
--

ALTER TABLE ONLY public.tecnologia_desarrollo
    ADD CONSTRAINT tecnologia_desarrollo_pkey PRIMARY KEY (id_tecnologia_desarrollo);


--
-- Name: tipos_aplicaciones tipos_aplicaciones_pkey; Type: CONSTRAINT; Schema: public; Owner: postgres
--

ALTER TABLE ONLY public.tipos_aplicaciones
    ADD CONSTRAINT tipos_aplicaciones_pkey PRIMARY KEY (id_tipo_aplicacion);


--
-- Name: tipos_tecnologias_desarrollo tipos_tecnologias_desarrollo_pkey; Type: CONSTRAINT; Schema: public; Owner: postgres
--

ALTER TABLE ONLY public.tipos_tecnologias_desarrollo
    ADD CONSTRAINT tipos_tecnologias_desarrollo_pkey PRIMARY KEY (id_tipo_tecnologia_desarrollo);


--
-- Name: usuarios_bitacora_servicios usuarios_bitacora_servicios_pkey; Type: CONSTRAINT; Schema: public; Owner: postgres
--

ALTER TABLE ONLY public.usuarios_bitacora_servicios
    ADD CONSTRAINT usuarios_bitacora_servicios_pkey PRIMARY KEY (id_usuario_bitacora_servicio);


--
-- Name: usuarios_cargos usuarios_cargos_pkey; Type: CONSTRAINT; Schema: public; Owner: postgres
--

ALTER TABLE ONLY public.usuarios_cargos
    ADD CONSTRAINT usuarios_cargos_pkey PRIMARY KEY (id_usuario_cargo);


--
-- Name: usuarios_estados usuarios_estados_pkey; Type: CONSTRAINT; Schema: public; Owner: postgres
--

ALTER TABLE ONLY public.usuarios_estados
    ADD CONSTRAINT usuarios_estados_pkey PRIMARY KEY (id_usuario_estado);


--
-- Name: usuarios usuarios_pkey; Type: CONSTRAINT; Schema: public; Owner: postgres
--

ALTER TABLE ONLY public.usuarios
    ADD CONSTRAINT usuarios_pkey PRIMARY KEY (id_usuario);


--
-- Name: usuarios_roles usuarios_roles_pkey; Type: CONSTRAINT; Schema: public; Owner: postgres
--

ALTER TABLE ONLY public.usuarios_roles
    ADD CONSTRAINT usuarios_roles_pkey PRIMARY KEY (id_usuario_role);


--
-- Name: usuarios_servicios usuarios_servicios_pkey; Type: CONSTRAINT; Schema: public; Owner: postgres
--

ALTER TABLE ONLY public.usuarios_servicios
    ADD CONSTRAINT usuarios_servicios_pkey PRIMARY KEY (id_usuario_servicio);


--
-- Name: password_resets_email_index; Type: INDEX; Schema: public; Owner: postgres
--

CREATE INDEX password_resets_email_index ON public.password_resets USING btree (email);


--
-- PostgreSQL database dump complete
--

