--
-- PostgreSQL database dump
--

-- Dumped from database version 10.3 (Ubuntu 10.3-1.pgdg16.04+1)
-- Dumped by pg_dump version 10.3 (Ubuntu 10.3-1.pgdg16.04+1)

-- Started on 2018-03-22 16:20:46 -03

SET statement_timeout = 0;
SET lock_timeout = 0;
SET idle_in_transaction_session_timeout = 0;
SET client_encoding = 'UTF8';
SET standard_conforming_strings = on;
SELECT pg_catalog.set_config('search_path', '', false);
SET check_function_bodies = false;
SET client_min_messages = warning;
SET row_security = off;

--
-- TOC entry 1 (class 3079 OID 12980)
-- Name: plpgsql; Type: EXTENSION; Schema: -; Owner: 
--

CREATE EXTENSION IF NOT EXISTS plpgsql WITH SCHEMA pg_catalog;


--
-- TOC entry 3363 (class 0 OID 0)
-- Dependencies: 1
-- Name: EXTENSION plpgsql; Type: COMMENT; Schema: -; Owner: 
--

COMMENT ON EXTENSION plpgsql IS 'PL/pgSQL procedural language';


--
-- TOC entry 210 (class 1259 OID 587822)
-- Name: accesos_aplicaciones_id_seq; Type: SEQUENCE; Schema: public; Owner: postgres
--

CREATE SEQUENCE public.accesos_aplicaciones_id_seq
    START WITH 1
    INCREMENT BY 1
    NO MINVALUE
    NO MAXVALUE
    CACHE 1;


ALTER TABLE public.accesos_aplicaciones_id_seq OWNER TO postgres;

--
-- TOC entry 211 (class 1259 OID 587824)
-- Name: accesos_servidores_id_seq; Type: SEQUENCE; Schema: public; Owner: postgres
--

CREATE SEQUENCE public.accesos_servidores_id_seq
    START WITH 1
    INCREMENT BY 1
    NO MINVALUE
    NO MAXVALUE
    CACHE 1;


ALTER TABLE public.accesos_servidores_id_seq OWNER TO postgres;

--
-- TOC entry 223 (class 1259 OID 587848)
-- Name: actividades_id_seq; Type: SEQUENCE; Schema: public; Owner: postgres
--

CREATE SEQUENCE public.actividades_id_seq
    START WITH 1
    INCREMENT BY 1
    NO MINVALUE
    NO MAXVALUE
    CACHE 1;


ALTER TABLE public.actividades_id_seq OWNER TO postgres;

SET default_tablespace = '';

SET default_with_oids = false;

--
-- TOC entry 255 (class 1259 OID 588007)
-- Name: actividades; Type: TABLE; Schema: public; Owner: postgres
--

CREATE TABLE public.actividades (
    id_actividad integer DEFAULT nextval('public.actividades_id_seq'::regclass) NOT NULL,
    nom_actividad text,
    det_actividad text,
    id_usuario_registra integer,
    id_usuario_modifica integer,
    created_at timestamp without time zone,
    updated_at timestamp without time zone,
    deleted_at timestamp without time zone
);


ALTER TABLE public.actividades OWNER TO postgres;

--
-- TOC entry 224 (class 1259 OID 587850)
-- Name: actividades_tags_id_seq; Type: SEQUENCE; Schema: public; Owner: postgres
--

CREATE SEQUENCE public.actividades_tags_id_seq
    START WITH 1
    INCREMENT BY 1
    NO MINVALUE
    NO MAXVALUE
    CACHE 1;


ALTER TABLE public.actividades_tags_id_seq OWNER TO postgres;

--
-- TOC entry 256 (class 1259 OID 588014)
-- Name: actividades_tags; Type: TABLE; Schema: public; Owner: postgres
--

CREATE TABLE public.actividades_tags (
    id_actividad_tag integer DEFAULT nextval('public.actividades_tags_id_seq'::regclass) NOT NULL,
    id_actividad integer,
    id_tag integer,
    id_usuario_registra integer,
    id_usuario_modifica integer,
    created_at timestamp without time zone,
    updated_at timestamp without time zone,
    deleted_at timestamp without time zone
);


ALTER TABLE public.actividades_tags OWNER TO postgres;

--
-- TOC entry 278 (class 1259 OID 596502)
-- Name: ambientes_id_seq; Type: SEQUENCE; Schema: public; Owner: postgres
--

CREATE SEQUENCE public.ambientes_id_seq
    START WITH 1
    INCREMENT BY 1
    NO MINVALUE
    NO MAXVALUE
    CACHE 1;


ALTER TABLE public.ambientes_id_seq OWNER TO postgres;

--
-- TOC entry 279 (class 1259 OID 596504)
-- Name: ambientes; Type: TABLE; Schema: public; Owner: postgres
--

CREATE TABLE public.ambientes (
    id_ambiente integer DEFAULT nextval('public.ambientes_id_seq'::regclass) NOT NULL,
    nom_ambiente text,
    det_ambiente text,
    id_usuario_registra integer,
    id_usuario_modifica integer,
    created_at timestamp without time zone,
    updated_at timestamp without time zone,
    deleted_at timestamp without time zone
);


ALTER TABLE public.ambientes OWNER TO postgres;

--
-- TOC entry 209 (class 1259 OID 587820)
-- Name: aplicaciones_id_seq; Type: SEQUENCE; Schema: public; Owner: postgres
--

CREATE SEQUENCE public.aplicaciones_id_seq
    START WITH 1
    INCREMENT BY 1
    NO MINVALUE
    NO MAXVALUE
    CACHE 1;


ALTER TABLE public.aplicaciones_id_seq OWNER TO postgres;

--
-- TOC entry 241 (class 1259 OID 587915)
-- Name: aplicaciones; Type: TABLE; Schema: public; Owner: postgres
--

CREATE TABLE public.aplicaciones (
    id_aplicacion integer DEFAULT nextval('public.aplicaciones_id_seq'::regclass) NOT NULL,
    id_tipo_aplicacion integer,
    id_servicio integer,
    id_dominio integer,
    nom_aplicacion text,
    det_aplicacion text,
    alias text,
    url_web text,
    ip text,
    subdominio text,
    ssl_tls text,
    id_usuario_registra integer,
    id_usuario_modifica integer,
    created_at timestamp without time zone,
    updated_at timestamp without time zone,
    deleted_at timestamp without time zone,
    id_servidor integer
);


ALTER TABLE public.aplicaciones OWNER TO postgres;

--
-- TOC entry 242 (class 1259 OID 587922)
-- Name: aplicaciones_accesos; Type: TABLE; Schema: public; Owner: postgres
--

CREATE TABLE public.aplicaciones_accesos (
    id_aplicacion_acceso integer DEFAULT nextval('public.accesos_aplicaciones_id_seq'::regclass) NOT NULL,
    id_aplicacion integer,
    id_servidor integer,
    usuario text,
    clave text,
    email text,
    id_usuario_registra integer,
    id_usuario_modifica integer,
    created_at timestamp without time zone,
    updated_at timestamp without time zone,
    deleted_at timestamp without time zone,
    tipo_acceso text
);


ALTER TABLE public.aplicaciones_accesos OWNER TO postgres;

--
-- TOC entry 208 (class 1259 OID 587818)
-- Name: aplicaciones_estados_id_seq; Type: SEQUENCE; Schema: public; Owner: postgres
--

CREATE SEQUENCE public.aplicaciones_estados_id_seq
    START WITH 1
    INCREMENT BY 1
    NO MINVALUE
    NO MAXVALUE
    CACHE 1;


ALTER TABLE public.aplicaciones_estados_id_seq OWNER TO postgres;

--
-- TOC entry 240 (class 1259 OID 587911)
-- Name: aplicaciones_estados; Type: TABLE; Schema: public; Owner: postgres
--

CREATE TABLE public.aplicaciones_estados (
    id_aplicacion_estado integer DEFAULT nextval('public.aplicaciones_estados_id_seq'::regclass) NOT NULL,
    id_aplicacion integer,
    id_estado integer,
    id_usuario_registra integer,
    id_usuario_modifica integer,
    created_at timestamp without time zone,
    updated_at timestamp without time zone,
    deleted_at timestamp without time zone
);


ALTER TABLE public.aplicaciones_estados OWNER TO postgres;

--
-- TOC entry 221 (class 1259 OID 587844)
-- Name: aplicaciones_tags_id_seq; Type: SEQUENCE; Schema: public; Owner: postgres
--

CREATE SEQUENCE public.aplicaciones_tags_id_seq
    START WITH 1
    INCREMENT BY 1
    NO MINVALUE
    NO MAXVALUE
    CACHE 1;


ALTER TABLE public.aplicaciones_tags_id_seq OWNER TO postgres;

--
-- TOC entry 253 (class 1259 OID 587996)
-- Name: aplicaciones_tags; Type: TABLE; Schema: public; Owner: postgres
--

CREATE TABLE public.aplicaciones_tags (
    id_aplicacion_tag integer DEFAULT nextval('public.aplicaciones_tags_id_seq'::regclass) NOT NULL,
    id_aplicacion integer,
    id_tag integer,
    id_usuario_registra integer,
    id_usuario_modifica integer,
    created_at timestamp without time zone,
    updated_at timestamp without time zone,
    deleted_at timestamp without time zone
);


ALTER TABLE public.aplicaciones_tags OWNER TO postgres;

--
-- TOC entry 219 (class 1259 OID 587840)
-- Name: aplicaciones_tecnologias_id_seq; Type: SEQUENCE; Schema: public; Owner: postgres
--

CREATE SEQUENCE public.aplicaciones_tecnologias_id_seq
    START WITH 1
    INCREMENT BY 1
    NO MINVALUE
    NO MAXVALUE
    CACHE 1;


ALTER TABLE public.aplicaciones_tecnologias_id_seq OWNER TO postgres;

--
-- TOC entry 251 (class 1259 OID 587985)
-- Name: aplicaciones_tecnologias; Type: TABLE; Schema: public; Owner: postgres
--

CREATE TABLE public.aplicaciones_tecnologias (
    id_aplicacion_tecnologia integer DEFAULT nextval('public.aplicaciones_tecnologias_id_seq'::regclass) NOT NULL,
    id_aplicacion integer,
    id_tecnologia integer,
    id_usuario_registra integer,
    id_usuario_modifica integer,
    created_at timestamp without time zone,
    updated_at timestamp without time zone,
    deleted_at timestamp without time zone
);


ALTER TABLE public.aplicaciones_tecnologias OWNER TO postgres;

--
-- TOC entry 231 (class 1259 OID 587864)
-- Name: cargos_id_seq; Type: SEQUENCE; Schema: public; Owner: postgres
--

CREATE SEQUENCE public.cargos_id_seq
    START WITH 1
    INCREMENT BY 1
    NO MINVALUE
    NO MAXVALUE
    CACHE 1;


ALTER TABLE public.cargos_id_seq OWNER TO postgres;

--
-- TOC entry 263 (class 1259 OID 588048)
-- Name: cargos; Type: TABLE; Schema: public; Owner: postgres
--

CREATE TABLE public.cargos (
    id_cargo integer DEFAULT nextval('public.cargos_id_seq'::regclass) NOT NULL,
    nom_cargo text,
    det_cargo text,
    id_usuario_registra integer,
    id_usuario_modifica integer,
    created_at timestamp without time zone,
    updated_at timestamp without time zone,
    deleted_at timestamp without time zone,
    cod_cargo text
);


ALTER TABLE public.cargos OWNER TO postgres;

--
-- TOC entry 229 (class 1259 OID 587860)
-- Name: catalogos_servicios_id_seq; Type: SEQUENCE; Schema: public; Owner: postgres
--

CREATE SEQUENCE public.catalogos_servicios_id_seq
    START WITH 1
    INCREMENT BY 1
    NO MINVALUE
    NO MAXVALUE
    CACHE 1;


ALTER TABLE public.catalogos_servicios_id_seq OWNER TO postgres;

--
-- TOC entry 261 (class 1259 OID 588037)
-- Name: catalogos_servicios; Type: TABLE; Schema: public; Owner: postgres
--

CREATE TABLE public.catalogos_servicios (
    id_catalogo_servicio integer DEFAULT nextval('public.catalogos_servicios_id_seq'::regclass) NOT NULL,
    id_servicio integer,
    asunto text,
    det_catalogo text,
    avatar text,
    id_usuario_registra integer,
    id_usuario_modifica integer,
    created_at timestamp without time zone,
    updated_at timestamp without time zone,
    deleted_at timestamp without time zone
);


ALTER TABLE public.catalogos_servicios OWNER TO postgres;

--
-- TOC entry 264 (class 1259 OID 588160)
-- Name: catalogos_servicios_tags_id_seq; Type: SEQUENCE; Schema: public; Owner: postgres
--

CREATE SEQUENCE public.catalogos_servicios_tags_id_seq
    START WITH 1
    INCREMENT BY 1
    NO MINVALUE
    NO MAXVALUE
    CACHE 1;


ALTER TABLE public.catalogos_servicios_tags_id_seq OWNER TO postgres;

--
-- TOC entry 265 (class 1259 OID 588166)
-- Name: catalogos_servicios_tags; Type: TABLE; Schema: public; Owner: postgres
--

CREATE TABLE public.catalogos_servicios_tags (
    id_catalogo_servicio_tag integer DEFAULT nextval('public.catalogos_servicios_tags_id_seq'::regclass) NOT NULL,
    id_catalogo_servicio integer NOT NULL,
    id_tag integer,
    id_usuario_registra integer,
    id_usuario_modifica integer,
    created_at timestamp without time zone,
    updated_at timestamp without time zone,
    deleted_at timestamp without time zone
);


ALTER TABLE public.catalogos_servicios_tags OWNER TO postgres;

--
-- TOC entry 198 (class 1259 OID 579605)
-- Name: comuna; Type: TABLE; Schema: public; Owner: postgres
--

CREATE TABLE public.comuna (
    id_comuna character varying(255),
    id_region character varying(255),
    nombre_comuna character varying(255),
    created_at timestamp(0) without time zone,
    updated_at timestamp(0) without time zone,
    deleted_at timestamp without time zone
);


ALTER TABLE public.comuna OWNER TO postgres;

--
-- TOC entry 215 (class 1259 OID 587832)
-- Name: datacentros_id_seq; Type: SEQUENCE; Schema: public; Owner: postgres
--

CREATE SEQUENCE public.datacentros_id_seq
    START WITH 1
    INCREMENT BY 1
    NO MINVALUE
    NO MAXVALUE
    CACHE 1;


ALTER TABLE public.datacentros_id_seq OWNER TO postgres;

--
-- TOC entry 247 (class 1259 OID 587957)
-- Name: datacentros; Type: TABLE; Schema: public; Owner: postgres
--

CREATE TABLE public.datacentros (
    id_datacentro integer DEFAULT nextval('public.datacentros_id_seq'::regclass) NOT NULL,
    nom_datacentro text,
    id_usuario_registra integer,
    id_usuario_modifica integer,
    created_at timestamp without time zone,
    updated_at timestamp without time zone,
    deleted_at timestamp without time zone,
    det_datacentro text,
    cod_datacentro text
);


ALTER TABLE public.datacentros OWNER TO postgres;

--
-- TOC entry 213 (class 1259 OID 587828)
-- Name: dominios_id_seq; Type: SEQUENCE; Schema: public; Owner: postgres
--

CREATE SEQUENCE public.dominios_id_seq
    START WITH 1
    INCREMENT BY 1
    NO MINVALUE
    NO MAXVALUE
    CACHE 1;


ALTER TABLE public.dominios_id_seq OWNER TO postgres;

--
-- TOC entry 245 (class 1259 OID 587943)
-- Name: dominios; Type: TABLE; Schema: public; Owner: postgres
--

CREATE TABLE public.dominios (
    id_dominio integer DEFAULT nextval('public.dominios_id_seq'::regclass) NOT NULL,
    nom_dominio text,
    det_dominio text,
    ip_publica text,
    ip_balanceador text,
    dns_asoc_dominio text,
    id_usuario_registra integer,
    id_usuario_modifica integer,
    created_at timestamp without time zone,
    updated_at timestamp without time zone,
    deleted_at timestamp without time zone
);


ALTER TABLE public.dominios OWNER TO postgres;

--
-- TOC entry 266 (class 1259 OID 588172)
-- Name: entregas_credenciales_usuarios_id_seq; Type: SEQUENCE; Schema: public; Owner: postgres
--

CREATE SEQUENCE public.entregas_credenciales_usuarios_id_seq
    START WITH 1
    INCREMENT BY 1
    NO MINVALUE
    NO MAXVALUE
    CACHE 1;


ALTER TABLE public.entregas_credenciales_usuarios_id_seq OWNER TO postgres;

--
-- TOC entry 267 (class 1259 OID 588174)
-- Name: entregas_credenciales_usuarios; Type: TABLE; Schema: public; Owner: postgres
--

CREATE TABLE public.entregas_credenciales_usuarios (
    id_entrega_credencial_usuario integer DEFAULT nextval('public.entregas_credenciales_usuarios_id_seq'::regclass) NOT NULL,
    username text,
    password text,
    tiempo_expiracion text,
    estado text,
    id_usuario_registra integer,
    id_usuario_modifica integer,
    created_at timestamp without time zone,
    updated_at timestamp without time zone,
    deleted_at timestamp without time zone
);


ALTER TABLE public.entregas_credenciales_usuarios OWNER TO postgres;

--
-- TOC entry 268 (class 1259 OID 588183)
-- Name: establecimientos; Type: TABLE; Schema: public; Owner: postgres
--

CREATE TABLE public.establecimientos (
    id_establecimiento integer,
    id_establecimiento_antiguo integer,
    id_servicio_salud integer,
    id_region integer,
    id_comuna integer,
    nombre_establecimiento text,
    tipo_establecimiento text,
    vigencia_desde text,
    fecha_cierre text,
    created_at timestamp(0) without time zone,
    updated_at timestamp(0) without time zone,
    deleted_at timestamp without time zone
);


ALTER TABLE public.establecimientos OWNER TO postgres;

--
-- TOC entry 205 (class 1259 OID 587812)
-- Name: estados_id_seq; Type: SEQUENCE; Schema: public; Owner: postgres
--

CREATE SEQUENCE public.estados_id_seq
    START WITH 1
    INCREMENT BY 1
    NO MINVALUE
    NO MAXVALUE
    CACHE 1;


ALTER TABLE public.estados_id_seq OWNER TO postgres;

--
-- TOC entry 237 (class 1259 OID 587893)
-- Name: estados; Type: TABLE; Schema: public; Owner: postgres
--

CREATE TABLE public.estados (
    id_estado integer DEFAULT nextval('public.estados_id_seq'::regclass) NOT NULL,
    nom_estado text,
    cod_estado text,
    id_usuario_registra integer,
    id_usuario_modifica integer,
    created_at timestamp without time zone,
    updated_at timestamp without time zone,
    deleted_at timestamp without time zone,
    det_estado text
);


ALTER TABLE public.estados OWNER TO postgres;

--
-- TOC entry 214 (class 1259 OID 587830)
-- Name: fuentes_aplicaciones_id_seq; Type: SEQUENCE; Schema: public; Owner: postgres
--

CREATE SEQUENCE public.fuentes_aplicaciones_id_seq
    START WITH 1
    INCREMENT BY 1
    NO MINVALUE
    NO MAXVALUE
    CACHE 1;


ALTER TABLE public.fuentes_aplicaciones_id_seq OWNER TO postgres;

--
-- TOC entry 246 (class 1259 OID 587950)
-- Name: fuentes_aplicaciones; Type: TABLE; Schema: public; Owner: postgres
--

CREATE TABLE public.fuentes_aplicaciones (
    id_fuente_aplicacion integer DEFAULT nextval('public.fuentes_aplicaciones_id_seq'::regclass) NOT NULL,
    id_aplicacion integer,
    id_servicio integer,
    url_descarga text,
    nom_fuente text,
    det_fuente text,
    id_usuario_registra integer,
    id_usuario_modifica integer,
    created_at timestamp without time zone,
    updated_at timestamp without time zone,
    deleted_at timestamp without time zone
);


ALTER TABLE public.fuentes_aplicaciones OWNER TO postgres;

--
-- TOC entry 282 (class 1259 OID 596528)
-- Name: idiomas_id_seq; Type: SEQUENCE; Schema: public; Owner: postgres
--

CREATE SEQUENCE public.idiomas_id_seq
    START WITH 1
    INCREMENT BY 1
    NO MINVALUE
    NO MAXVALUE
    CACHE 1;


ALTER TABLE public.idiomas_id_seq OWNER TO postgres;

--
-- TOC entry 283 (class 1259 OID 596530)
-- Name: idiomas; Type: TABLE; Schema: public; Owner: postgres
--

CREATE TABLE public.idiomas (
    id_idioma integer DEFAULT nextval('public.idiomas_id_seq'::regclass) NOT NULL,
    nom_idioma text,
    det_idioma text,
    id_usuario_registra integer,
    id_usuario_modifica integer,
    created_at timestamp without time zone,
    updated_at timestamp without time zone,
    deleted_at timestamp without time zone,
    cod_cargo text
);


ALTER TABLE public.idiomas OWNER TO postgres;

--
-- TOC entry 269 (class 1259 OID 588192)
-- Name: log_navegacion_id_seq; Type: SEQUENCE; Schema: public; Owner: postgres
--

CREATE SEQUENCE public.log_navegacion_id_seq
    START WITH 1
    INCREMENT BY 1
    NO MINVALUE
    NO MAXVALUE
    CACHE 1;


ALTER TABLE public.log_navegacion_id_seq OWNER TO postgres;

--
-- TOC entry 270 (class 1259 OID 588194)
-- Name: log_navegacion; Type: TABLE; Schema: public; Owner: postgres
--

CREATE TABLE public.log_navegacion (
    id_log_navegacion integer DEFAULT nextval('public.log_navegacion_id_seq'::regclass) NOT NULL,
    id_usuario integer,
    cod_establecimiento text,
    nom_usuario text,
    email_usuario text,
    path_url text,
    ip text,
    latitude text,
    longitude text,
    created_at timestamp(0) without time zone,
    updated_at timestamp(0) without time zone,
    deleted_at timestamp without time zone
);


ALTER TABLE public.log_navegacion OWNER TO postgres;

--
-- TOC entry 274 (class 1259 OID 588263)
-- Name: migrations; Type: TABLE; Schema: public; Owner: postgres
--

CREATE TABLE public.migrations (
    id integer NOT NULL,
    migration character varying(255) NOT NULL,
    batch integer NOT NULL
);


ALTER TABLE public.migrations OWNER TO postgres;

--
-- TOC entry 273 (class 1259 OID 588261)
-- Name: migrations_id_seq; Type: SEQUENCE; Schema: public; Owner: postgres
--

CREATE SEQUENCE public.migrations_id_seq
    AS integer
    START WITH 1
    INCREMENT BY 1
    NO MINVALUE
    NO MAXVALUE
    CACHE 1;


ALTER TABLE public.migrations_id_seq OWNER TO postgres;

--
-- TOC entry 3364 (class 0 OID 0)
-- Dependencies: 273
-- Name: migrations_id_seq; Type: SEQUENCE OWNED BY; Schema: public; Owner: postgres
--

ALTER SEQUENCE public.migrations_id_seq OWNED BY public.migrations.id;


--
-- TOC entry 197 (class 1259 OID 579599)
-- Name: pais; Type: TABLE; Schema: public; Owner: postgres
--

CREATE TABLE public.pais (
    id_pais character varying(255),
    nombre_pais character varying(255),
    created_at timestamp(0) without time zone,
    updated_at timestamp(0) without time zone,
    deleted_at timestamp without time zone
);


ALTER TABLE public.pais OWNER TO postgres;

--
-- TOC entry 275 (class 1259 OID 588269)
-- Name: password_resets; Type: TABLE; Schema: public; Owner: postgres
--

CREATE TABLE public.password_resets (
    email character varying(255) NOT NULL,
    token character varying(255) NOT NULL,
    created_at timestamp(0) without time zone
);


ALTER TABLE public.password_resets OWNER TO postgres;

--
-- TOC entry 202 (class 1259 OID 587806)
-- Name: permisos_id_seq; Type: SEQUENCE; Schema: public; Owner: postgres
--

CREATE SEQUENCE public.permisos_id_seq
    START WITH 1
    INCREMENT BY 1
    NO MINVALUE
    NO MAXVALUE
    CACHE 1;


ALTER TABLE public.permisos_id_seq OWNER TO postgres;

--
-- TOC entry 234 (class 1259 OID 587878)
-- Name: permisos; Type: TABLE; Schema: public; Owner: postgres
--

CREATE TABLE public.permisos (
    id_permiso integer DEFAULT nextval('public.permisos_id_seq'::regclass) NOT NULL,
    nom_permiso text,
    det_permiso text,
    cod_permiso text,
    id_usuario_registra integer,
    id_usuario_modifica integer,
    created_at timestamp without time zone,
    updated_at timestamp without time zone,
    deleted_at timestamp without time zone
);


ALTER TABLE public.permisos OWNER TO postgres;

--
-- TOC entry 199 (class 1259 OID 579611)
-- Name: region; Type: TABLE; Schema: public; Owner: postgres
--

CREATE TABLE public.region (
    id_region character varying(255),
    nombre_region character varying(255),
    alias character varying(255),
    orden character varying(255),
    created_at timestamp(0) without time zone,
    updated_at timestamp(0) without time zone,
    deleted_at timestamp without time zone
);


ALTER TABLE public.region OWNER TO postgres;

--
-- TOC entry 200 (class 1259 OID 587802)
-- Name: roles_id_seq; Type: SEQUENCE; Schema: public; Owner: postgres
--

CREATE SEQUENCE public.roles_id_seq
    START WITH 1
    INCREMENT BY 1
    NO MINVALUE
    NO MAXVALUE
    CACHE 1;


ALTER TABLE public.roles_id_seq OWNER TO postgres;

--
-- TOC entry 232 (class 1259 OID 587867)
-- Name: roles; Type: TABLE; Schema: public; Owner: postgres
--

CREATE TABLE public.roles (
    id_role integer DEFAULT nextval('public.roles_id_seq'::regclass) NOT NULL,
    nom_role text,
    det_role text,
    id_usuario_registra integer,
    id_usuario_modifica integer,
    created_at timestamp without time zone,
    updated_at timestamp without time zone,
    deleted_at timestamp without time zone
);


ALTER TABLE public.roles OWNER TO postgres;

--
-- TOC entry 201 (class 1259 OID 587804)
-- Name: roles_permisos_id_seq; Type: SEQUENCE; Schema: public; Owner: postgres
--

CREATE SEQUENCE public.roles_permisos_id_seq
    START WITH 1
    INCREMENT BY 1
    NO MINVALUE
    NO MAXVALUE
    CACHE 1;


ALTER TABLE public.roles_permisos_id_seq OWNER TO postgres;

--
-- TOC entry 233 (class 1259 OID 587874)
-- Name: roles_permisos; Type: TABLE; Schema: public; Owner: postgres
--

CREATE TABLE public.roles_permisos (
    id_role_permiso integer DEFAULT nextval('public.roles_permisos_id_seq'::regclass) NOT NULL,
    id_role integer,
    id_permiso integer,
    id_usuario_registra integer,
    id_usuario_modifica integer,
    created_at timestamp without time zone,
    updated_at timestamp without time zone,
    deleted_at timestamp without time zone
);


ALTER TABLE public.roles_permisos OWNER TO postgres;

--
-- TOC entry 196 (class 1259 OID 579586)
-- Name: servicio_salud; Type: TABLE; Schema: public; Owner: postgres
--

CREATE TABLE public.servicio_salud (
    id_servicio_salud character varying(255),
    id_region character varying(255),
    nombre_servicio_salud character varying(255),
    orden character varying(255),
    created_at timestamp(0) without time zone,
    updated_at timestamp(0) without time zone,
    deleted_at timestamp without time zone
);


ALTER TABLE public.servicio_salud OWNER TO postgres;

--
-- TOC entry 222 (class 1259 OID 587846)
-- Name: servicios_id_seq; Type: SEQUENCE; Schema: public; Owner: postgres
--

CREATE SEQUENCE public.servicios_id_seq
    START WITH 1
    INCREMENT BY 1
    NO MINVALUE
    NO MAXVALUE
    CACHE 1;


ALTER TABLE public.servicios_id_seq OWNER TO postgres;

--
-- TOC entry 254 (class 1259 OID 588000)
-- Name: servicios; Type: TABLE; Schema: public; Owner: postgres
--

CREATE TABLE public.servicios (
    id_servicio integer DEFAULT nextval('public.servicios_id_seq'::regclass) NOT NULL,
    id_actividad integer,
    id_usuario integer,
    nom_servicio text,
    det_servicio text,
    id_usuario_registra integer,
    id_usuario_modifica integer,
    created_at timestamp without time zone,
    updated_at timestamp without time zone,
    deleted_at timestamp without time zone
);


ALTER TABLE public.servicios OWNER TO postgres;

--
-- TOC entry 207 (class 1259 OID 587816)
-- Name: servicios_estados_id_seq; Type: SEQUENCE; Schema: public; Owner: postgres
--

CREATE SEQUENCE public.servicios_estados_id_seq
    START WITH 1
    INCREMENT BY 1
    NO MINVALUE
    NO MAXVALUE
    CACHE 1;


ALTER TABLE public.servicios_estados_id_seq OWNER TO postgres;

--
-- TOC entry 239 (class 1259 OID 587907)
-- Name: servicios_estados; Type: TABLE; Schema: public; Owner: postgres
--

CREATE TABLE public.servicios_estados (
    id_servicio_estado integer DEFAULT nextval('public.servicios_estados_id_seq'::regclass) NOT NULL,
    id_servicio integer,
    id_estado integer,
    id_usuario_registra integer,
    id_usuario_modifica integer,
    created_at timestamp without time zone,
    updated_at timestamp without time zone,
    deleted_at timestamp without time zone
);


ALTER TABLE public.servicios_estados OWNER TO postgres;

--
-- TOC entry 227 (class 1259 OID 587856)
-- Name: servicios_permisos_id_seq; Type: SEQUENCE; Schema: public; Owner: postgres
--

CREATE SEQUENCE public.servicios_permisos_id_seq
    START WITH 1
    INCREMENT BY 1
    NO MINVALUE
    NO MAXVALUE
    CACHE 1;


ALTER TABLE public.servicios_permisos_id_seq OWNER TO postgres;

--
-- TOC entry 259 (class 1259 OID 588029)
-- Name: servicios_permisos; Type: TABLE; Schema: public; Owner: postgres
--

CREATE TABLE public.servicios_permisos (
    id_servicio_permiso integer DEFAULT nextval('public.servicios_permisos_id_seq'::regclass) NOT NULL,
    id_servicio integer,
    id_permiso integer,
    id_usuario_registra integer,
    id_usuario_modifica integer,
    created_at timestamp without time zone,
    updated_at timestamp without time zone,
    deleted_at timestamp without time zone
);


ALTER TABLE public.servicios_permisos OWNER TO postgres;

--
-- TOC entry 225 (class 1259 OID 587852)
-- Name: servicios_tags_id_seq; Type: SEQUENCE; Schema: public; Owner: postgres
--

CREATE SEQUENCE public.servicios_tags_id_seq
    START WITH 1
    INCREMENT BY 1
    NO MINVALUE
    NO MAXVALUE
    CACHE 1;


ALTER TABLE public.servicios_tags_id_seq OWNER TO postgres;

--
-- TOC entry 257 (class 1259 OID 588018)
-- Name: servicios_tags; Type: TABLE; Schema: public; Owner: postgres
--

CREATE TABLE public.servicios_tags (
    id_servicio_tag integer DEFAULT nextval('public.servicios_tags_id_seq'::regclass) NOT NULL,
    id_servicio integer,
    id_tag integer,
    id_usuario_registra integer,
    id_usuario_modifica integer,
    created_at timestamp without time zone,
    updated_at timestamp without time zone,
    deleted_at timestamp without time zone
);


ALTER TABLE public.servicios_tags OWNER TO postgres;

--
-- TOC entry 212 (class 1259 OID 587826)
-- Name: servidor_aplicaciones_id_seq; Type: SEQUENCE; Schema: public; Owner: postgres
--

CREATE SEQUENCE public.servidor_aplicaciones_id_seq
    START WITH 1
    INCREMENT BY 1
    NO MINVALUE
    NO MAXVALUE
    CACHE 1;


ALTER TABLE public.servidor_aplicaciones_id_seq OWNER TO postgres;

--
-- TOC entry 276 (class 1259 OID 596494)
-- Name: servidor_estado_id_seq; Type: SEQUENCE; Schema: public; Owner: postgres
--

CREATE SEQUENCE public.servidor_estado_id_seq
    START WITH 1
    INCREMENT BY 1
    NO MINVALUE
    NO MAXVALUE
    CACHE 1;


ALTER TABLE public.servidor_estado_id_seq OWNER TO postgres;

--
-- TOC entry 280 (class 1259 OID 596513)
-- Name: servidor_historico_cambios_id_seq; Type: SEQUENCE; Schema: public; Owner: postgres
--

CREATE SEQUENCE public.servidor_historico_cambios_id_seq
    START WITH 1
    INCREMENT BY 1
    NO MINVALUE
    NO MAXVALUE
    CACHE 1;


ALTER TABLE public.servidor_historico_cambios_id_seq OWNER TO postgres;

--
-- TOC entry 244 (class 1259 OID 587936)
-- Name: servidores; Type: TABLE; Schema: public; Owner: postgres
--

CREATE TABLE public.servidores (
    id_servidor integer DEFAULT nextval('public.servidor_aplicaciones_id_seq'::regclass) NOT NULL,
    id_datacentro integer,
    id_sistema_operativo integer,
    nom_servidor text,
    ip_servidor text,
    id_usuario_registra integer,
    id_usuario_modifica integer,
    created_at timestamp without time zone,
    updated_at timestamp without time zone,
    deleted_at timestamp without time zone,
    det_servidor text,
    ram integer,
    memoria_dd integer,
    swap integer,
    procesador text,
    frec_procesador integer,
    nucleos integer,
    usuarios_pactados integer,
    mac text,
    nodo text,
    interface text,
    id_ambiente integer,
    modelo_procesador text
);


ALTER TABLE public.servidores OWNER TO postgres;

--
-- TOC entry 243 (class 1259 OID 587929)
-- Name: servidores_accesos; Type: TABLE; Schema: public; Owner: postgres
--

CREATE TABLE public.servidores_accesos (
    id_servidor_acceso integer DEFAULT nextval('public.accesos_servidores_id_seq'::regclass) NOT NULL,
    id_aplicacion integer,
    id_servidor integer,
    usuario text,
    clave text,
    tipo_acceso text,
    puerto text,
    id_usuario_registra integer,
    id_usuario_modifica integer,
    created_at timestamp without time zone,
    updated_at timestamp without time zone,
    deleted_at timestamp without time zone
);


ALTER TABLE public.servidores_accesos OWNER TO postgres;

--
-- TOC entry 277 (class 1259 OID 596496)
-- Name: servidores_estados; Type: TABLE; Schema: public; Owner: postgres
--

CREATE TABLE public.servidores_estados (
    id_servidor_estado integer DEFAULT nextval('public.servidor_estado_id_seq'::regclass) NOT NULL,
    id_servidor integer,
    id_estado integer,
    id_usuario_registra integer,
    id_usuario_modifica integer,
    created_at timestamp without time zone,
    updated_at timestamp without time zone,
    deleted_at timestamp without time zone
);


ALTER TABLE public.servidores_estados OWNER TO postgres;

--
-- TOC entry 281 (class 1259 OID 596515)
-- Name: servidores_historico_cambios; Type: TABLE; Schema: public; Owner: postgres
--

CREATE TABLE public.servidores_historico_cambios (
    id_servidor_historico integer DEFAULT nextval('public.servidor_historico_cambios_id_seq'::regclass) NOT NULL,
    id_servidor integer,
    id_datacentro integer,
    id_sistema_operativo integer,
    nom_servidor text,
    ip_servidor text,
    id_usuario_registra integer,
    id_usuario_modifica integer,
    created_at timestamp without time zone,
    updated_at timestamp without time zone,
    deleted_at timestamp without time zone,
    det_servidor text,
    ram integer,
    memoria_dd integer,
    swap integer,
    procesador text,
    frec_procesador integer,
    nucleos integer,
    usuarios_pactados integer,
    mac text,
    nodo text,
    interface text,
    id_ambiente integer,
    modelo_procesador text
);


ALTER TABLE public.servidores_historico_cambios OWNER TO postgres;

--
-- TOC entry 216 (class 1259 OID 587834)
-- Name: sistemas_operativos_id_seq; Type: SEQUENCE; Schema: public; Owner: postgres
--

CREATE SEQUENCE public.sistemas_operativos_id_seq
    START WITH 1
    INCREMENT BY 1
    NO MINVALUE
    NO MAXVALUE
    CACHE 1;


ALTER TABLE public.sistemas_operativos_id_seq OWNER TO postgres;

--
-- TOC entry 248 (class 1259 OID 587964)
-- Name: sistemas_operativos; Type: TABLE; Schema: public; Owner: postgres
--

CREATE TABLE public.sistemas_operativos (
    id_sistema_operativo integer DEFAULT nextval('public.sistemas_operativos_id_seq'::regclass) NOT NULL,
    arquitectura text,
    nom_sistema_operativo text,
    det_sistema_operativo text,
    vers_sistema_operativo text,
    lic_sistema_operativo text,
    det_licencia_sistema_operativo text,
    id_usuario_registra integer,
    id_usuario_modifica integer,
    created_at timestamp without time zone,
    updated_at timestamp without time zone,
    deleted_at timestamp without time zone,
    id_idioma integer
);


ALTER TABLE public.sistemas_operativos OWNER TO postgres;

--
-- TOC entry 226 (class 1259 OID 587854)
-- Name: tags_id_seq; Type: SEQUENCE; Schema: public; Owner: postgres
--

CREATE SEQUENCE public.tags_id_seq
    START WITH 1
    INCREMENT BY 1
    NO MINVALUE
    NO MAXVALUE
    CACHE 1;


ALTER TABLE public.tags_id_seq OWNER TO postgres;

--
-- TOC entry 258 (class 1259 OID 588022)
-- Name: tags; Type: TABLE; Schema: public; Owner: postgres
--

CREATE TABLE public.tags (
    id_tag integer DEFAULT nextval('public.tags_id_seq'::regclass) NOT NULL,
    nom_tag text,
    det_tag text,
    meta_tag text,
    id_usuario_registra integer,
    id_usuario_modifica integer,
    created_at timestamp without time zone,
    updated_at timestamp without time zone,
    deleted_at timestamp without time zone
);


ALTER TABLE public.tags OWNER TO postgres;

--
-- TOC entry 220 (class 1259 OID 587842)
-- Name: tecnologia_desarrollo_id_seq; Type: SEQUENCE; Schema: public; Owner: postgres
--

CREATE SEQUENCE public.tecnologia_desarrollo_id_seq
    START WITH 1
    INCREMENT BY 1
    NO MINVALUE
    NO MAXVALUE
    CACHE 1;


ALTER TABLE public.tecnologia_desarrollo_id_seq OWNER TO postgres;

--
-- TOC entry 252 (class 1259 OID 587989)
-- Name: tecnologia_desarrollo; Type: TABLE; Schema: public; Owner: postgres
--

CREATE TABLE public.tecnologia_desarrollo (
    id_tecnologia_desarrollo integer DEFAULT nextval('public.tecnologia_desarrollo_id_seq'::regclass) NOT NULL,
    id_tipo_tecnologia integer,
    nom_tecnologia text,
    det_tecnologia text,
    vers_tecnologia text,
    id_usuario_registra integer,
    id_usuario_modifica integer,
    created_at timestamp without time zone,
    updated_at timestamp without time zone,
    deleted_at timestamp without time zone
);


ALTER TABLE public.tecnologia_desarrollo OWNER TO postgres;

--
-- TOC entry 217 (class 1259 OID 587836)
-- Name: tipos_aplicaciones_id_seq; Type: SEQUENCE; Schema: public; Owner: postgres
--

CREATE SEQUENCE public.tipos_aplicaciones_id_seq
    START WITH 1
    INCREMENT BY 1
    NO MINVALUE
    NO MAXVALUE
    CACHE 1;


ALTER TABLE public.tipos_aplicaciones_id_seq OWNER TO postgres;

--
-- TOC entry 249 (class 1259 OID 587971)
-- Name: tipos_aplicaciones; Type: TABLE; Schema: public; Owner: postgres
--

CREATE TABLE public.tipos_aplicaciones (
    id_tipo_aplicacion integer DEFAULT nextval('public.tipos_aplicaciones_id_seq'::regclass) NOT NULL,
    nom_tipo_aplicacion text,
    det_tipo_aplicacion text,
    cod_tipo_aplicacion text,
    id_usuario_registra integer,
    id_usuario_modifica integer,
    created_at timestamp without time zone,
    updated_at timestamp without time zone,
    deleted_at timestamp without time zone
);


ALTER TABLE public.tipos_aplicaciones OWNER TO postgres;

--
-- TOC entry 218 (class 1259 OID 587838)
-- Name: tipos_tecnologias_desarrollo_id_seq; Type: SEQUENCE; Schema: public; Owner: postgres
--

CREATE SEQUENCE public.tipos_tecnologias_desarrollo_id_seq
    START WITH 1
    INCREMENT BY 1
    NO MINVALUE
    NO MAXVALUE
    CACHE 1;


ALTER TABLE public.tipos_tecnologias_desarrollo_id_seq OWNER TO postgres;

--
-- TOC entry 250 (class 1259 OID 587978)
-- Name: tipos_tecnologias_desarrollo; Type: TABLE; Schema: public; Owner: postgres
--

CREATE TABLE public.tipos_tecnologias_desarrollo (
    id_tipo_tecnologia_desarrollo integer DEFAULT nextval('public.tipos_tecnologias_desarrollo_id_seq'::regclass) NOT NULL,
    nom_tipo text,
    det_tipo text,
    cod_tipo text,
    id_usuario_registra integer,
    id_usuario_modifica integer,
    created_at timestamp without time zone,
    updated_at timestamp without time zone,
    deleted_at timestamp without time zone
);


ALTER TABLE public.tipos_tecnologias_desarrollo OWNER TO postgres;

--
-- TOC entry 271 (class 1259 OID 588201)
-- Name: usuarios_id_seq; Type: SEQUENCE; Schema: public; Owner: postgres
--

CREATE SEQUENCE public.usuarios_id_seq
    START WITH 1
    INCREMENT BY 1
    NO MINVALUE
    NO MAXVALUE
    CACHE 1;


ALTER TABLE public.usuarios_id_seq OWNER TO postgres;

--
-- TOC entry 272 (class 1259 OID 588203)
-- Name: usuarios; Type: TABLE; Schema: public; Owner: postgres
--

CREATE TABLE public.usuarios (
    id_usuario integer DEFAULT nextval('public.usuarios_id_seq'::regclass) NOT NULL,
    nom_usuario text NOT NULL,
    nom_completo text,
    ape_paterno text,
    ape_materno text,
    username text,
    email text NOT NULL,
    password text NOT NULL,
    remember_token text,
    id_usuario_registra integer,
    id_usuario_modifica integer,
    created_at timestamp without time zone,
    updated_at timestamp without time zone,
    deleted_at timestamp without time zone
);


ALTER TABLE public.usuarios OWNER TO postgres;

--
-- TOC entry 206 (class 1259 OID 587814)
-- Name: usuarios_bitacora_servicios_id_seq; Type: SEQUENCE; Schema: public; Owner: postgres
--

CREATE SEQUENCE public.usuarios_bitacora_servicios_id_seq
    START WITH 1
    INCREMENT BY 1
    NO MINVALUE
    NO MAXVALUE
    CACHE 1;


ALTER TABLE public.usuarios_bitacora_servicios_id_seq OWNER TO postgres;

--
-- TOC entry 238 (class 1259 OID 587900)
-- Name: usuarios_bitacora_servicios; Type: TABLE; Schema: public; Owner: postgres
--

CREATE TABLE public.usuarios_bitacora_servicios (
    id_usuario_bitacora_servicio integer DEFAULT nextval('public.usuarios_bitacora_servicios_id_seq'::regclass) NOT NULL,
    id_usuario integer,
    id_servicio integer,
    id_actividad integer,
    asunto text,
    det_bitacora text,
    id_usuario_registra integer,
    id_usuario_modifica integer,
    created_at timestamp without time zone,
    updated_at timestamp without time zone,
    deleted_at timestamp without time zone
);


ALTER TABLE public.usuarios_bitacora_servicios OWNER TO postgres;

--
-- TOC entry 230 (class 1259 OID 587862)
-- Name: usuarios_cargos_id_seq; Type: SEQUENCE; Schema: public; Owner: postgres
--

CREATE SEQUENCE public.usuarios_cargos_id_seq
    START WITH 1
    INCREMENT BY 1
    NO MINVALUE
    NO MAXVALUE
    CACHE 1;


ALTER TABLE public.usuarios_cargos_id_seq OWNER TO postgres;

--
-- TOC entry 262 (class 1259 OID 588044)
-- Name: usuarios_cargos; Type: TABLE; Schema: public; Owner: postgres
--

CREATE TABLE public.usuarios_cargos (
    id_usuario_cargo integer DEFAULT nextval('public.usuarios_cargos_id_seq'::regclass) NOT NULL,
    id_usuario integer,
    id_cargo integer,
    id_usuario_registra integer,
    id_usuario_modifica integer,
    created_at timestamp without time zone,
    updated_at timestamp without time zone,
    deleted_at timestamp without time zone
);


ALTER TABLE public.usuarios_cargos OWNER TO postgres;

--
-- TOC entry 204 (class 1259 OID 587810)
-- Name: usuarios_estados_id_seq; Type: SEQUENCE; Schema: public; Owner: postgres
--

CREATE SEQUENCE public.usuarios_estados_id_seq
    START WITH 1
    INCREMENT BY 1
    NO MINVALUE
    NO MAXVALUE
    CACHE 1;


ALTER TABLE public.usuarios_estados_id_seq OWNER TO postgres;

--
-- TOC entry 236 (class 1259 OID 587889)
-- Name: usuarios_estados; Type: TABLE; Schema: public; Owner: postgres
--

CREATE TABLE public.usuarios_estados (
    id_usuario_estado integer DEFAULT nextval('public.usuarios_estados_id_seq'::regclass) NOT NULL,
    id_estado integer,
    id_usuario integer,
    id_usuario_registra integer,
    id_usuario_modifica integer,
    created_at timestamp without time zone,
    updated_at timestamp without time zone,
    deleted_at timestamp without time zone
);


ALTER TABLE public.usuarios_estados OWNER TO postgres;

--
-- TOC entry 203 (class 1259 OID 587808)
-- Name: usuarios_roles_id_seq; Type: SEQUENCE; Schema: public; Owner: postgres
--

CREATE SEQUENCE public.usuarios_roles_id_seq
    START WITH 1
    INCREMENT BY 1
    NO MINVALUE
    NO MAXVALUE
    CACHE 1;


ALTER TABLE public.usuarios_roles_id_seq OWNER TO postgres;

--
-- TOC entry 235 (class 1259 OID 587885)
-- Name: usuarios_roles; Type: TABLE; Schema: public; Owner: postgres
--

CREATE TABLE public.usuarios_roles (
    id_usuario_role integer DEFAULT nextval('public.usuarios_roles_id_seq'::regclass) NOT NULL,
    id_role integer,
    id_usuario integer,
    id_usuario_registra integer,
    id_usuario_modifica integer,
    created_at timestamp without time zone,
    updated_at timestamp without time zone,
    deleted_at timestamp without time zone
);


ALTER TABLE public.usuarios_roles OWNER TO postgres;

--
-- TOC entry 228 (class 1259 OID 587858)
-- Name: usuarios_servicios_id_seq; Type: SEQUENCE; Schema: public; Owner: postgres
--

CREATE SEQUENCE public.usuarios_servicios_id_seq
    START WITH 1
    INCREMENT BY 1
    NO MINVALUE
    NO MAXVALUE
    CACHE 1;


ALTER TABLE public.usuarios_servicios_id_seq OWNER TO postgres;

--
-- TOC entry 260 (class 1259 OID 588033)
-- Name: usuarios_servicios; Type: TABLE; Schema: public; Owner: postgres
--

CREATE TABLE public.usuarios_servicios (
    id_usuario_servicio integer DEFAULT nextval('public.usuarios_servicios_id_seq'::regclass) NOT NULL,
    id_usuario integer,
    id_servicio integer,
    id_usuario_registra integer,
    id_usuario_modifica integer,
    created_at timestamp without time zone,
    updated_at timestamp without time zone,
    deleted_at timestamp without time zone
);


ALTER TABLE public.usuarios_servicios OWNER TO postgres;

--
-- TOC entry 3059 (class 2604 OID 588266)
-- Name: migrations id; Type: DEFAULT; Schema: public; Owner: postgres
--

ALTER TABLE ONLY public.migrations ALTER COLUMN id SET DEFAULT nextval('public.migrations_id_seq'::regclass);


--
-- TOC entry 3327 (class 0 OID 588007)
-- Dependencies: 255
-- Data for Name: actividades; Type: TABLE DATA; Schema: public; Owner: postgres
--

COPY public.actividades (id_actividad, nom_actividad, det_actividad, id_usuario_registra, id_usuario_modifica, created_at, updated_at, deleted_at) FROM stdin;
9	Tareas Programadas	Tareas Programadas	1	1	2018-02-27 18:33:17	2018-02-27 18:33:17	\N
1	Mantencion	Mantencion	1	4	2018-02-27 18:26:10	2018-02-28 04:07:20	\N
7	Cargas Masivas	Cargas Masivas	1	4	2018-02-27 18:32:52	2018-02-28 04:11:37	\N
11	Cubicacion Maquina	Cubicacion Maquina	1	4	2018-02-27 18:33:57	2018-02-28 05:58:27	\N
2	Soporte	Soporte	1	4	2018-02-27 18:31:56	2018-02-28 05:58:33	\N
3	Seguimiento	Seguimiento	1	4	2018-02-27 18:32:09	2018-03-04 12:28:10	\N
4	Desarrollo	Desarrollo	1	4	2018-02-27 18:32:18	2018-03-05 20:56:13	\N
5	Requerimientos	Requerimientos	1	4	2018-02-27 18:32:32	2018-03-06 06:34:43	\N
6	Migraciones	Migraciones	1	4	2018-02-27 18:32:39	2018-03-06 06:34:46	\N
8	Descargas Masivas	Descargas Masivas	1	4	2018-02-27 18:33:04	2018-03-06 06:42:00	\N
10	Homologacion de Proyectos	Homologacion de proyectos	1	4	2018-02-27 18:33:38	2018-03-12 01:37:17	\N
12	test	test	4	4	2018-03-21 20:49:01	2018-03-21 20:49:12	2018-03-21 20:49:12
\.


--
-- TOC entry 3328 (class 0 OID 588014)
-- Dependencies: 256
-- Data for Name: actividades_tags; Type: TABLE DATA; Schema: public; Owner: postgres
--

COPY public.actividades_tags (id_actividad_tag, id_actividad, id_tag, id_usuario_registra, id_usuario_modifica, created_at, updated_at, deleted_at) FROM stdin;
\.


--
-- TOC entry 3351 (class 0 OID 596504)
-- Dependencies: 279
-- Data for Name: ambientes; Type: TABLE DATA; Schema: public; Owner: postgres
--

COPY public.ambientes (id_ambiente, nom_ambiente, det_ambiente, id_usuario_registra, id_usuario_modifica, created_at, updated_at, deleted_at) FROM stdin;
1	PROD	Produccion	\N	\N	\N	\N	\N
2	PREPROD	Pre produccion	\N	\N	\N	\N	\N
3	QA	Quality Assurance	\N	\N	\N	\N	\N
4	DEV	Desarrollo	\N	\N	\N	\N	\N
\.


--
-- TOC entry 3313 (class 0 OID 587915)
-- Dependencies: 241
-- Data for Name: aplicaciones; Type: TABLE DATA; Schema: public; Owner: postgres
--

COPY public.aplicaciones (id_aplicacion, id_tipo_aplicacion, id_servicio, id_dominio, nom_aplicacion, det_aplicacion, alias, url_web, ip, subdominio, ssl_tls, id_usuario_registra, id_usuario_modifica, created_at, updated_at, deleted_at, id_servidor) FROM stdin;
7	3	2	1	test	test	test	http://ww.ww.ww	1.1.1.1	test	false	4	4	2018-03-21 19:47:49	2018-03-21 19:48:10	2018-03-21 19:48:10	4
4	3	2	1	Aplicacion 1	la aplicacion prueba 1	app001	http://rqr.fadfa.cl	3.3.3.3	app001	true	4	4	2018-03-03 17:12:09	2018-03-22 05:58:32	2018-03-22 05:58:32	4
6	3	2	1	Aplicacion 2	aplicacion 2 test	app001minsal	http://test2.minsal.cl	10.8.12.1	test2	true	4	4	2018-03-12 02:06:27	2018-03-22 05:58:37	2018-03-22 05:58:37	1
5	1	2	1	Soap	Servicio soap sigte	soap_sigte	http://soapsigte.minsal.cl	1.1.1.1	soapsigte.minsal.cl	true	4	4	2018-03-07 13:54:13	2018-03-22 05:58:42	2018-03-22 05:58:42	4
1	4	2	1	aplicacion wander	djfakdfdkgsfjf ahsg hjadsf j dfh sdjh fjhds gfjhsdk sd jhgfsdhjkh sdgfh sdj	gsdfhsdk h dh s	http://www.asdfs.cl	2.2.2.2	dsf	true	4	4	2018-03-02 04:10:17	2018-03-02 19:32:08	2018-03-02 19:32:08	\N
3	4	2	1	sdfsadfsa	fsdfsadf	safasdfsadf	http://ww.ww.ww	3.3.3.3	eweq	1	4	4	2018-03-02 20:37:15	2018-03-02 20:37:34	2018-03-02 20:37:34	\N
2	1	1	1	fsfsadfsadf	sdfsadfsad	fsdafsd	http://weq.qweqw.qwe	1.1.1.1	fsdf	true	4	4	2018-03-02 15:12:17	2018-03-02 20:37:37	2018-03-02 20:37:37	\N
\.


--
-- TOC entry 3314 (class 0 OID 587922)
-- Dependencies: 242
-- Data for Name: aplicaciones_accesos; Type: TABLE DATA; Schema: public; Owner: postgres
--

COPY public.aplicaciones_accesos (id_aplicacion_acceso, id_aplicacion, id_servidor, usuario, clave, email, id_usuario_registra, id_usuario_modifica, created_at, updated_at, deleted_at, tipo_acceso) FROM stdin;
1	4	4	webminsal	Minsal2018	desarrollo@minsal.cl	4	4	2018-03-15 13:55:05	2018-03-16 15:34:31	\N	login
2	6	1	testerw	test	test@testt.es	4	4	2018-03-21 20:46:06	2018-03-21 20:46:18	2018-03-21 20:46:18	testwer
\.


--
-- TOC entry 3312 (class 0 OID 587911)
-- Dependencies: 240
-- Data for Name: aplicaciones_estados; Type: TABLE DATA; Schema: public; Owner: postgres
--

COPY public.aplicaciones_estados (id_aplicacion_estado, id_aplicacion, id_estado, id_usuario_registra, id_usuario_modifica, created_at, updated_at, deleted_at) FROM stdin;
\.


--
-- TOC entry 3325 (class 0 OID 587996)
-- Dependencies: 253
-- Data for Name: aplicaciones_tags; Type: TABLE DATA; Schema: public; Owner: postgres
--

COPY public.aplicaciones_tags (id_aplicacion_tag, id_aplicacion, id_tag, id_usuario_registra, id_usuario_modifica, created_at, updated_at, deleted_at) FROM stdin;
\.


--
-- TOC entry 3323 (class 0 OID 587985)
-- Dependencies: 251
-- Data for Name: aplicaciones_tecnologias; Type: TABLE DATA; Schema: public; Owner: postgres
--

COPY public.aplicaciones_tecnologias (id_aplicacion_tecnologia, id_aplicacion, id_tecnologia, id_usuario_registra, id_usuario_modifica, created_at, updated_at, deleted_at) FROM stdin;
\.


--
-- TOC entry 3335 (class 0 OID 588048)
-- Dependencies: 263
-- Data for Name: cargos; Type: TABLE DATA; Schema: public; Owner: postgres
--

COPY public.cargos (id_cargo, nom_cargo, det_cargo, id_usuario_registra, id_usuario_modifica, created_at, updated_at, deleted_at, cod_cargo) FROM stdin;
2	fd	sdfsd	4	4	2018-02-28 13:06:40	2018-02-28 13:06:42	2018-02-28 13:06:42	\N
1	Desarrollador	Desarrollador	4	4	2018-02-28 12:36:44	2018-03-06 06:26:24	\N	sdsadeds7ctgibk2
3	Lider de equipo	Lider de equipo	4	4	2018-03-06 06:26:40	2018-03-06 06:26:40	\N	df7y83iomdfs
4	Jefe de Area	Jefe de Area	4	4	2018-03-06 06:26:56	2018-03-06 06:26:56	\N	8ui4jtrkn2
5	fsdffd	fsdf	4	4	2018-03-06 06:27:08	2018-03-06 06:27:10	2018-03-06 06:27:10	sdf
6	cargo test	test detalle	4	4	2018-03-21 19:38:40	2018-03-21 19:38:45	2018-03-21 19:38:45	0
\.


--
-- TOC entry 3333 (class 0 OID 588037)
-- Dependencies: 261
-- Data for Name: catalogos_servicios; Type: TABLE DATA; Schema: public; Owner: postgres
--

COPY public.catalogos_servicios (id_catalogo_servicio, id_servicio, asunto, det_catalogo, avatar, id_usuario_registra, id_usuario_modifica, created_at, updated_at, deleted_at) FROM stdin;
\.


--
-- TOC entry 3337 (class 0 OID 588166)
-- Dependencies: 265
-- Data for Name: catalogos_servicios_tags; Type: TABLE DATA; Schema: public; Owner: postgres
--

COPY public.catalogos_servicios_tags (id_catalogo_servicio_tag, id_catalogo_servicio, id_tag, id_usuario_registra, id_usuario_modifica, created_at, updated_at, deleted_at) FROM stdin;
\.


--
-- TOC entry 3270 (class 0 OID 579605)
-- Dependencies: 198
-- Data for Name: comuna; Type: TABLE DATA; Schema: public; Owner: postgres
--

COPY public.comuna (id_comuna, id_region, nombre_comuna, created_at, updated_at, deleted_at) FROM stdin;
1101	1	Iquique	2017-10-31 11:06:00	2017-10-31 11:06:00	\N
1107	1	Alto Hospicio	2017-10-31 11:06:00	2017-10-31 11:06:00	\N
1401	1	Pozo Almonte	2017-10-31 11:06:00	2017-10-31 11:06:00	\N
1402	1	Camiña	2017-10-31 11:06:00	2017-10-31 11:06:00	\N
1403	1	Colchane	2017-10-31 11:06:00	2017-10-31 11:06:00	\N
1404	1	Huara	2017-10-31 11:06:00	2017-10-31 11:06:00	\N
1405	1	Pica	2017-10-31 11:06:00	2017-10-31 11:06:00	\N
2101	2	Antofagasta	2017-10-31 11:06:00	2017-10-31 11:06:00	\N
2102	2	Mejillones	2017-10-31 11:06:00	2017-10-31 11:06:00	\N
2103	2	Sierra Gorda	2017-10-31 11:06:00	2017-10-31 11:06:00	\N
2104	2	Taltal	2017-10-31 11:06:00	2017-10-31 11:06:00	\N
2201	2	Calama	2017-10-31 11:06:00	2017-10-31 11:06:00	\N
2202	2	Ollagüe	2017-10-31 11:06:00	2017-10-31 11:06:00	\N
2203	2	San Pedro de Atacama	2017-10-31 11:06:00	2017-10-31 11:06:00	\N
2301	2	Tocopilla	2017-10-31 11:06:00	2017-10-31 11:06:00	\N
2302	2	Maria Elena	2017-10-31 11:06:00	2017-10-31 11:06:00	\N
3101	3	Copiapo	2017-10-31 11:06:00	2017-10-31 11:06:00	\N
3102	3	Caldera	2017-10-31 11:06:00	2017-10-31 11:06:00	\N
3103	3	Tierra Amarilla	2017-10-31 11:06:00	2017-10-31 11:06:00	\N
3201	3	Chañaral	2017-10-31 11:06:00	2017-10-31 11:06:00	\N
3202	3	Diego de Almagro	2017-10-31 11:06:00	2017-10-31 11:06:00	\N
3301	3	Vallenar	2017-10-31 11:06:00	2017-10-31 11:06:00	\N
3302	3	Alto del Carmen	2017-10-31 11:06:00	2017-10-31 11:06:00	\N
3303	3	Freirina	2017-10-31 11:06:00	2017-10-31 11:06:00	\N
3304	3	Huasco	2017-10-31 11:06:00	2017-10-31 11:06:00	\N
4101	4	La Serena	2017-10-31 11:06:00	2017-10-31 11:06:00	\N
4102	4	Coquimbo	2017-10-31 11:06:00	2017-10-31 11:06:00	\N
4103	4	Andacollo	2017-10-31 11:06:00	2017-10-31 11:06:00	\N
4104	4	La Higuera	2017-10-31 11:06:00	2017-10-31 11:06:00	\N
4105	4	Paiguano	2017-10-31 11:06:00	2017-10-31 11:06:00	\N
4106	4	Vicuña	2017-10-31 11:06:00	2017-10-31 11:06:00	\N
4201	4	Illapel	2017-10-31 11:06:00	2017-10-31 11:06:00	\N
4202	4	Canela	2017-10-31 11:06:00	2017-10-31 11:06:00	\N
4203	4	Los Vilos	2017-10-31 11:06:00	2017-10-31 11:06:00	\N
4204	4	Salamanca	2017-10-31 11:06:00	2017-10-31 11:06:00	\N
4301	4	Ovalle	2017-10-31 11:06:00	2017-10-31 11:06:00	\N
4302	4	Combarbalá	2017-10-31 11:06:00	2017-10-31 11:06:00	\N
4303	4	Monte Patria	2017-10-31 11:06:00	2017-10-31 11:06:00	\N
4304	4	Punitaqui	2017-10-31 11:06:00	2017-10-31 11:06:00	\N
4305	4	Río Hurtado	2017-10-31 11:06:00	2017-10-31 11:06:00	\N
5101	5	Valparaiso	2017-10-31 11:06:00	2017-10-31 11:06:00	\N
5102	5	Casablanca	2017-10-31 11:06:00	2017-10-31 11:06:00	\N
5103	5	Con Con	2017-10-31 11:06:00	2017-10-31 11:06:00	\N
5104	5	Juan Fernández	2017-10-31 11:06:00	2017-10-31 11:06:00	\N
5105	5	Puchuncaví	2017-10-31 11:06:00	2017-10-31 11:06:00	\N
5107	5	Quintero	2017-10-31 11:06:00	2017-10-31 11:06:00	\N
5109	5	Viña del Mar	2017-10-31 11:06:00	2017-10-31 11:06:00	\N
5201	5	Isla de Pascua	2017-10-31 11:06:00	2017-10-31 11:06:00	\N
5301	5	Los Andes	2017-10-31 11:06:00	2017-10-31 11:06:00	\N
5302	5	Calle Larga	2017-10-31 11:06:00	2017-10-31 11:06:00	\N
5303	5	Rinconada	2017-10-31 11:06:00	2017-10-31 11:06:00	\N
5304	5	San Esteban	2017-10-31 11:06:00	2017-10-31 11:06:00	\N
5401	5	La Ligua	2017-10-31 11:06:00	2017-10-31 11:06:00	\N
5402	5	Cabildo	2017-10-31 11:06:00	2017-10-31 11:06:00	\N
5403	5	Papudo	2017-10-31 11:06:00	2017-10-31 11:06:00	\N
5404	5	Petorca	2017-10-31 11:06:00	2017-10-31 11:06:00	\N
5405	5	Zapallar	2017-10-31 11:06:00	2017-10-31 11:06:00	\N
5501	5	Quillota	2017-10-31 11:06:00	2017-10-31 11:06:00	\N
5502	5	Calera	2017-10-31 11:06:00	2017-10-31 11:06:00	\N
5503	5	Hijuelas	2017-10-31 11:06:00	2017-10-31 11:06:00	\N
5504	5	La Cruz	2017-10-31 11:06:00	2017-10-31 11:06:00	\N
5506	5	Nogales	2017-10-31 11:06:00	2017-10-31 11:06:00	\N
5601	5	San Antonio	2017-10-31 11:06:00	2017-10-31 11:06:00	\N
5602	5	Algarrobo	2017-10-31 11:06:00	2017-10-31 11:06:00	\N
5603	5	Cartagena	2017-10-31 11:06:00	2017-10-31 11:06:00	\N
5604	5	El Quisco	2017-10-31 11:06:00	2017-10-31 11:06:00	\N
5605	5	El Tabo	2017-10-31 11:06:00	2017-10-31 11:06:00	\N
5606	5	Santo Domingo	2017-10-31 11:06:00	2017-10-31 11:06:00	\N
5701	5	San Felipe	2017-10-31 11:06:00	2017-10-31 11:06:00	\N
5702	5	Catemu	2017-10-31 11:06:00	2017-10-31 11:06:00	\N
5703	5	Llaillay	2017-10-31 11:06:00	2017-10-31 11:06:00	\N
5704	5	Panquehue	2017-10-31 11:06:00	2017-10-31 11:06:00	\N
5705	5	Putaendo	2017-10-31 11:06:00	2017-10-31 11:06:00	\N
5706	5	Santa Maria	2017-10-31 11:06:00	2017-10-31 11:06:00	\N
5801	5	Quilpue	2017-10-31 11:06:00	2017-10-31 11:06:00	\N
5802	5	Limache	2017-10-31 11:06:00	2017-10-31 11:06:00	\N
5803	5	Olmué	2017-10-31 11:06:00	2017-10-31 11:06:00	\N
5804	5	Villa Alemana	2017-10-31 11:06:00	2017-10-31 11:06:00	\N
6101	6	Rancagua	2017-10-31 11:06:00	2017-10-31 11:06:00	\N
6102	6	Codegua	2017-10-31 11:06:00	2017-10-31 11:06:00	\N
6103	6	Coinco	2017-10-31 11:06:00	2017-10-31 11:06:00	\N
6104	6	Coltauco	2017-10-31 11:06:00	2017-10-31 11:06:00	\N
6105	6	Doñihue	2017-10-31 11:06:00	2017-10-31 11:06:00	\N
6106	6	Graneros	2017-10-31 11:06:00	2017-10-31 11:06:00	\N
6107	6	Las Cabras	2017-10-31 11:06:00	2017-10-31 11:06:00	\N
6108	6	Machalí	2017-10-31 11:06:00	2017-10-31 11:06:00	\N
6109	6	Malloa	2017-10-31 11:06:00	2017-10-31 11:06:00	\N
6110	6	Mostazal	2017-10-31 11:06:00	2017-10-31 11:06:00	\N
6111	6	Olivar	2017-10-31 11:06:00	2017-10-31 11:06:00	\N
6112	6	Peumo	2017-10-31 11:06:00	2017-10-31 11:06:00	\N
6113	6	Pichidegua	2017-10-31 11:06:00	2017-10-31 11:06:00	\N
6114	6	Quinta de Tilcoco	2017-10-31 11:06:00	2017-10-31 11:06:00	\N
6115	6	Rengo	2017-10-31 11:06:00	2017-10-31 11:06:00	\N
6116	6	Requínoa	2017-10-31 11:06:00	2017-10-31 11:06:00	\N
6117	6	San Vicente	2017-10-31 11:06:00	2017-10-31 11:06:00	\N
6201	6	Pichilemu	2017-10-31 11:06:00	2017-10-31 11:06:00	\N
6202	6	La Estrella	2017-10-31 11:06:00	2017-10-31 11:06:00	\N
6203	6	Litueche	2017-10-31 11:06:00	2017-10-31 11:06:00	\N
6204	6	Marchihue	2017-10-31 11:06:00	2017-10-31 11:06:00	\N
6205	6	Navidad	2017-10-31 11:06:00	2017-10-31 11:06:00	\N
6206	6	Paredones	2017-10-31 11:06:00	2017-10-31 11:06:00	\N
6301	6	San Fernando	2017-10-31 11:06:00	2017-10-31 11:06:00	\N
6302	6	Chepica	2017-10-31 11:06:00	2017-10-31 11:06:00	\N
6303	6	Chimbarongo	2017-10-31 11:06:00	2017-10-31 11:06:00	\N
6304	6	Lolol	2017-10-31 11:06:00	2017-10-31 11:06:00	\N
6305	6	Nancagua	2017-10-31 11:06:00	2017-10-31 11:06:00	\N
6306	6	Palmilla	2017-10-31 11:06:00	2017-10-31 11:06:00	\N
6307	6	Peralillo	2017-10-31 11:06:00	2017-10-31 11:06:00	\N
6308	6	Placilla	2017-10-31 11:06:00	2017-10-31 11:06:00	\N
6309	6	Pumanque	2017-10-31 11:06:00	2017-10-31 11:06:00	\N
6310	6	Santa Cruz	2017-10-31 11:06:00	2017-10-31 11:06:00	\N
7101	7	Talca	2017-10-31 11:06:00	2017-10-31 11:06:00	\N
7102	7	Constitución	2017-10-31 11:06:00	2017-10-31 11:06:00	\N
7103	7	Curepto	2017-10-31 11:06:00	2017-10-31 11:06:00	\N
7104	7	Empedrado	2017-10-31 11:06:00	2017-10-31 11:06:00	\N
7105	7	Maule	2017-10-31 11:06:00	2017-10-31 11:06:00	\N
7106	7	Pelarco	2017-10-31 11:06:00	2017-10-31 11:06:00	\N
7107	7	Pencahue	2017-10-31 11:06:00	2017-10-31 11:06:00	\N
7108	7	Río Claro	2017-10-31 11:06:00	2017-10-31 11:06:00	\N
7109	7	San Clemente	2017-10-31 11:06:00	2017-10-31 11:06:00	\N
7110	7	San Rafael	2017-10-31 11:06:00	2017-10-31 11:06:00	\N
7201	7	Cauquenes	2017-10-31 11:06:00	2017-10-31 11:06:00	\N
7202	7	Chanco	2017-10-31 11:06:00	2017-10-31 11:06:00	\N
7203	7	Pelluhue	2017-10-31 11:06:00	2017-10-31 11:06:00	\N
7301	7	Curicó	2017-10-31 11:06:00	2017-10-31 11:06:00	\N
7302	7	Hualañé	2017-10-31 11:06:00	2017-10-31 11:06:00	\N
7303	7	Licantén	2017-10-31 11:06:00	2017-10-31 11:06:00	\N
7304	7	Molina	2017-10-31 11:06:00	2017-10-31 11:06:00	\N
7305	7	Rauco	2017-10-31 11:06:00	2017-10-31 11:06:00	\N
7306	7	Romeral	2017-10-31 11:06:00	2017-10-31 11:06:00	\N
7307	7	Sagrada Familia	2017-10-31 11:06:00	2017-10-31 11:06:00	\N
7308	7	Teno	2017-10-31 11:06:00	2017-10-31 11:06:00	\N
7309	7	Vichuquén	2017-10-31 11:06:00	2017-10-31 11:06:00	\N
7401	7	Linares	2017-10-31 11:06:00	2017-10-31 11:06:00	\N
7402	7	Colbún	2017-10-31 11:06:00	2017-10-31 11:06:00	\N
7403	7	Longaví	2017-10-31 11:06:00	2017-10-31 11:06:00	\N
7404	7	Parral	2017-10-31 11:06:00	2017-10-31 11:06:00	\N
7405	7	Retiro	2017-10-31 11:06:00	2017-10-31 11:06:00	\N
7406	7	San Javier	2017-10-31 11:06:00	2017-10-31 11:06:00	\N
7407	7	Villa Alegre	2017-10-31 11:06:00	2017-10-31 11:06:00	\N
7408	7	Yerbas Buenas	2017-10-31 11:06:00	2017-10-31 11:06:00	\N
8101	8	Concepción	2017-10-31 11:06:00	2017-10-31 11:06:00	\N
8102	8	Coronel	2017-10-31 11:06:00	2017-10-31 11:06:00	\N
8103	8	Chiguayante	2017-10-31 11:06:00	2017-10-31 11:06:00	\N
8104	8	Florida	2017-10-31 11:06:00	2017-10-31 11:06:00	\N
8105	8	Hualqui	2017-10-31 11:06:00	2017-10-31 11:06:00	\N
8106	8	Lota	2017-10-31 11:06:00	2017-10-31 11:06:00	\N
8107	8	Penco	2017-10-31 11:06:00	2017-10-31 11:06:00	\N
8108	8	San Pedro de la Paz	2017-10-31 11:06:00	2017-10-31 11:06:00	\N
8109	8	Santa Juana	2017-10-31 11:06:00	2017-10-31 11:06:00	\N
8110	8	Talcahuano	2017-10-31 11:06:00	2017-10-31 11:06:00	\N
8111	8	Tome	2017-10-31 11:06:00	2017-10-31 11:06:00	\N
8112	8	Hualpén	2017-10-31 11:06:00	2017-10-31 11:06:00	\N
8201	8	Lebu	2017-10-31 11:06:00	2017-10-31 11:06:00	\N
8202	8	Arauco	2017-10-31 11:06:00	2017-10-31 11:06:00	\N
8203	8	Cañete	2017-10-31 11:06:00	2017-10-31 11:06:00	\N
8204	8	Contulmo	2017-10-31 11:06:00	2017-10-31 11:06:00	\N
8205	8	Curanilahue	2017-10-31 11:06:00	2017-10-31 11:06:00	\N
8206	8	Los Álamos	2017-10-31 11:06:00	2017-10-31 11:06:00	\N
8207	8	Tirúa	2017-10-31 11:06:00	2017-10-31 11:06:00	\N
8301	8	Los Ángeles	2017-10-31 11:06:00	2017-10-31 11:06:00	\N
8302	8	Antuco	2017-10-31 11:06:00	2017-10-31 11:06:00	\N
8303	8	Cabrero	2017-10-31 11:06:00	2017-10-31 11:06:00	\N
8304	8	Laja	2017-10-31 11:06:00	2017-10-31 11:06:00	\N
8305	8	Mulchén	2017-10-31 11:06:00	2017-10-31 11:06:00	\N
8306	8	Nacimiento	2017-10-31 11:06:00	2017-10-31 11:06:00	\N
8307	8	Negrete	2017-10-31 11:06:00	2017-10-31 11:06:00	\N
8308	8	Quilaco	2017-10-31 11:06:00	2017-10-31 11:06:00	\N
8309	8	Quilleco	2017-10-31 11:06:00	2017-10-31 11:06:00	\N
8310	8	San Rosendo	2017-10-31 11:06:00	2017-10-31 11:06:00	\N
8311	8	Santa Bárbara	2017-10-31 11:06:00	2017-10-31 11:06:00	\N
8312	8	Tucapel	2017-10-31 11:06:00	2017-10-31 11:06:00	\N
8313	8	Yumbel	2017-10-31 11:06:00	2017-10-31 11:06:00	\N
8314	8	Alto Biobío	2017-10-31 11:06:00	2017-10-31 11:06:00	\N
8401	8	Chillán 	2017-10-31 11:06:00	2017-10-31 11:06:00	\N
8402	8	Bulnes	2017-10-31 11:06:00	2017-10-31 11:06:00	\N
8403	8	Cobquecura	2017-10-31 11:06:00	2017-10-31 11:06:00	\N
8404	8	Coelemu	2017-10-31 11:06:00	2017-10-31 11:06:00	\N
8405	8	Coihueco	2017-10-31 11:06:00	2017-10-31 11:06:00	\N
8406	8	Chillán Viejo	2017-10-31 11:06:00	2017-10-31 11:06:00	\N
8407	8	El Carmen	2017-10-31 11:06:00	2017-10-31 11:06:00	\N
8408	8	Ninhue	2017-10-31 11:06:00	2017-10-31 11:06:00	\N
8409	8	Ñiquén	2017-10-31 11:06:00	2017-10-31 11:06:00	\N
8410	8	Pemuco	2017-10-31 11:06:00	2017-10-31 11:06:00	\N
8411	8	Pinto	2017-10-31 11:06:00	2017-10-31 11:06:00	\N
8412	8	Portezuelo	2017-10-31 11:06:00	2017-10-31 11:06:00	\N
8413	8	Quillón	2017-10-31 11:06:00	2017-10-31 11:06:00	\N
8414	8	Quirihue	2017-10-31 11:06:00	2017-10-31 11:06:00	\N
8415	8	Ránquil	2017-10-31 11:06:00	2017-10-31 11:06:00	\N
8416	8	San Carlos	2017-10-31 11:06:00	2017-10-31 11:06:00	\N
8417	8	San Fabián	2017-10-31 11:06:00	2017-10-31 11:06:00	\N
8418	8	San Ignacio	2017-10-31 11:06:00	2017-10-31 11:06:00	\N
8419	8	San Nicolás	2017-10-31 11:06:00	2017-10-31 11:06:00	\N
8420	8	Treguaco	2017-10-31 11:06:00	2017-10-31 11:06:00	\N
8421	8	Yungay	2017-10-31 11:06:00	2017-10-31 11:06:00	\N
9101	9	Temuco	2017-10-31 11:06:00	2017-10-31 11:06:00	\N
9102	9	Carahue	2017-10-31 11:06:00	2017-10-31 11:06:00	\N
9103	9	Cunco	2017-10-31 11:06:00	2017-10-31 11:06:00	\N
9104	9	Curarrehue	2017-10-31 11:06:00	2017-10-31 11:06:00	\N
9105	9	Freire	2017-10-31 11:06:00	2017-10-31 11:06:00	\N
9106	9	Galvarino	2017-10-31 11:06:00	2017-10-31 11:06:00	\N
9107	9	Gorbea	2017-10-31 11:06:00	2017-10-31 11:06:00	\N
9108	9	Lautaro	2017-10-31 11:06:00	2017-10-31 11:06:00	\N
9109	9	Loncoche	2017-10-31 11:06:00	2017-10-31 11:06:00	\N
9110	9	Melipeuco	2017-10-31 11:06:00	2017-10-31 11:06:00	\N
9111	9	Nueva Imperial	2017-10-31 11:06:00	2017-10-31 11:06:00	\N
9112	9	Padre Las Casas	2017-10-31 11:06:00	2017-10-31 11:06:00	\N
9113	9	Perquenco	2017-10-31 11:06:00	2017-10-31 11:06:00	\N
9114	9	Pitrufquén	2017-10-31 11:06:00	2017-10-31 11:06:00	\N
9115	9	Pucón	2017-10-31 11:06:00	2017-10-31 11:06:00	\N
9116	9	Saavedra	2017-10-31 11:06:00	2017-10-31 11:06:00	\N
9117	9	Teodoro Schmidt	2017-10-31 11:06:00	2017-10-31 11:06:00	\N
9118	9	Toltén	2017-10-31 11:06:00	2017-10-31 11:06:00	\N
9119	9	Vilcún	2017-10-31 11:06:00	2017-10-31 11:06:00	\N
9120	9	Villarrica	2017-10-31 11:06:00	2017-10-31 11:06:00	\N
9121	9	Cholchol	2017-10-31 11:06:00	2017-10-31 11:06:00	\N
9201	9	Angol	2017-10-31 11:06:00	2017-10-31 11:06:00	\N
9202	9	Collipulli	2017-10-31 11:06:00	2017-10-31 11:06:00	\N
9203	9	Curacautín	2017-10-31 11:06:00	2017-10-31 11:06:00	\N
9204	9	Ercilla	2017-10-31 11:06:00	2017-10-31 11:06:00	\N
9205	9	Lonquimay	2017-10-31 11:06:00	2017-10-31 11:06:00	\N
9206	9	Los Sauces	2017-10-31 11:06:00	2017-10-31 11:06:00	\N
9207	9	Lumaco	2017-10-31 11:06:00	2017-10-31 11:06:00	\N
9208	9	Purén	2017-10-31 11:06:00	2017-10-31 11:06:00	\N
9209	9	Renaico	2017-10-31 11:06:00	2017-10-31 11:06:00	\N
9210	9	Traiguén	2017-10-31 11:06:00	2017-10-31 11:06:00	\N
9211	9	Victoria	2017-10-31 11:06:00	2017-10-31 11:06:00	\N
10101	10	Puerto Montt	2017-10-31 11:06:00	2017-10-31 11:06:00	\N
10102	10	Calbuco	2017-10-31 11:06:00	2017-10-31 11:06:00	\N
10103	10	Cochamó	2017-10-31 11:06:00	2017-10-31 11:06:00	\N
10104	10	Fresia	2017-10-31 11:06:00	2017-10-31 11:06:00	\N
10105	10	Frutillar	2017-10-31 11:06:00	2017-10-31 11:06:00	\N
10106	10	Los Muermos	2017-10-31 11:06:00	2017-10-31 11:06:00	\N
10107	10	Llanquihue	2017-10-31 11:06:00	2017-10-31 11:06:00	\N
10108	10	Maullín	2017-10-31 11:06:00	2017-10-31 11:06:00	\N
10109	10	Puerto Varas	2017-10-31 11:06:00	2017-10-31 11:06:00	\N
10201	10	Castro	2017-10-31 11:06:00	2017-10-31 11:06:00	\N
10202	10	Ancud	2017-10-31 11:06:00	2017-10-31 11:06:00	\N
10203	10	Chonchi	2017-10-31 11:06:00	2017-10-31 11:06:00	\N
10204	10	Curaco de Vélez	2017-10-31 11:06:00	2017-10-31 11:06:00	\N
10205	10	Dalcahue	2017-10-31 11:06:00	2017-10-31 11:06:00	\N
10206	10	Puqueldón	2017-10-31 11:06:00	2017-10-31 11:06:00	\N
10207	10	Queilén	2017-10-31 11:06:00	2017-10-31 11:06:00	\N
10208	10	Quellón	2017-10-31 11:06:00	2017-10-31 11:06:00	\N
10209	10	Quemchi	2017-10-31 11:06:00	2017-10-31 11:06:00	\N
10210	10	Quinchao	2017-10-31 11:06:00	2017-10-31 11:06:00	\N
10301	10	Osorno	2017-10-31 11:06:00	2017-10-31 11:06:00	\N
10302	10	Puerto Octay	2017-10-31 11:06:00	2017-10-31 11:06:00	\N
10303	10	Purranque	2017-10-31 11:06:00	2017-10-31 11:06:00	\N
10304	10	Puyehue	2017-10-31 11:06:00	2017-10-31 11:06:00	\N
10305	10	Río Negro	2017-10-31 11:06:00	2017-10-31 11:06:00	\N
10306	10	San Juan de la Costa	2017-10-31 11:06:00	2017-10-31 11:06:00	\N
10307	10	San Pablo	2017-10-31 11:06:00	2017-10-31 11:06:00	\N
10401	10	Chaitén	2017-10-31 11:06:00	2017-10-31 11:06:00	\N
10402	10	Futaleufú	2017-10-31 11:06:00	2017-10-31 11:06:00	\N
10403	10	Hualaihué	2017-10-31 11:06:00	2017-10-31 11:06:00	\N
10404	10	Palena	2017-10-31 11:06:00	2017-10-31 11:06:00	\N
11101	11	Coihaique	2017-10-31 11:06:00	2017-10-31 11:06:00	\N
11102	11	Lago Verde	2017-10-31 11:06:00	2017-10-31 11:06:00	\N
11201	11	Aisén	2017-10-31 11:06:00	2017-10-31 11:06:00	\N
11202	11	Cisnes	2017-10-31 11:06:00	2017-10-31 11:06:00	\N
11203	11	Guaitecas	2017-10-31 11:06:00	2017-10-31 11:06:00	\N
11301	11	Cochrane	2017-10-31 11:06:00	2017-10-31 11:06:00	\N
11302	11	O Higgins	2017-10-31 11:06:00	2017-10-31 11:06:00	\N
11303	11	Tortel	2017-10-31 11:06:00	2017-10-31 11:06:00	\N
11401	11	Chile Chico	2017-10-31 11:06:00	2017-10-31 11:06:00	\N
11402	11	Río Ibáñez	2017-10-31 11:06:00	2017-10-31 11:06:00	\N
12101	12	Punta Arenas	2017-10-31 11:06:00	2017-10-31 11:06:00	\N
12102	12	Laguna Blanca	2017-10-31 11:06:00	2017-10-31 11:06:00	\N
12103	12	Río Verde	2017-10-31 11:06:00	2017-10-31 11:06:00	\N
12104	12	San Gregorio	2017-10-31 11:06:00	2017-10-31 11:06:00	\N
12201	12	Cabo de Hornos	2017-10-31 11:06:00	2017-10-31 11:06:00	\N
12202	12	Antártica	2017-10-31 11:06:00	2017-10-31 11:06:00	\N
12301	12	Porvenir	2017-10-31 11:06:00	2017-10-31 11:06:00	\N
12302	12	Primavera	2017-10-31 11:06:00	2017-10-31 11:06:00	\N
12303	12	Timaukel	2017-10-31 11:06:00	2017-10-31 11:06:00	\N
12401	12	Natales	2017-10-31 11:06:00	2017-10-31 11:06:00	\N
12402	12	Torres del Paine	2017-10-31 11:06:00	2017-10-31 11:06:00	\N
13101	13	Santiago	2017-10-31 11:06:00	2017-10-31 11:06:00	\N
13102	13	Cerrillos	2017-10-31 11:06:00	2017-10-31 11:06:00	\N
13103	13	Cerro Navia	2017-10-31 11:06:00	2017-10-31 11:06:00	\N
13104	13	Conchalí	2017-10-31 11:06:00	2017-10-31 11:06:00	\N
13105	13	El Bosque	2017-10-31 11:06:00	2017-10-31 11:06:00	\N
13106	13	Estación Central	2017-10-31 11:06:00	2017-10-31 11:06:00	\N
13107	13	Huechuraba	2017-10-31 11:06:00	2017-10-31 11:06:00	\N
13108	13	Independencia	2017-10-31 11:06:00	2017-10-31 11:06:00	\N
13109	13	La Cisterna	2017-10-31 11:06:00	2017-10-31 11:06:00	\N
13110	13	La Florida	2017-10-31 11:06:00	2017-10-31 11:06:00	\N
13111	13	La Granja	2017-10-31 11:06:00	2017-10-31 11:06:00	\N
13112	13	La Pintana	2017-10-31 11:06:00	2017-10-31 11:06:00	\N
13113	13	La Reina	2017-10-31 11:06:00	2017-10-31 11:06:00	\N
13114	13	Las Condes	2017-10-31 11:06:00	2017-10-31 11:06:00	\N
13115	13	Lo Barnechea	2017-10-31 11:06:00	2017-10-31 11:06:00	\N
13116	13	Lo Espejo	2017-10-31 11:06:00	2017-10-31 11:06:00	\N
13117	13	Lo Prado	2017-10-31 11:06:00	2017-10-31 11:06:00	\N
13118	13	Macul	2017-10-31 11:06:00	2017-10-31 11:06:00	\N
13119	13	Maipu	2017-10-31 11:06:00	2017-10-31 11:06:00	\N
13120	13	Ñuñoa	2017-10-31 11:06:00	2017-10-31 11:06:00	\N
13121	13	Pedro Aguirre Cerda	2017-10-31 11:06:00	2017-10-31 11:06:00	\N
13122	13	Peñalolén	2017-10-31 11:06:00	2017-10-31 11:06:00	\N
13123	13	Providencia	2017-10-31 11:06:00	2017-10-31 11:06:00	\N
13124	13	Pudahuel	2017-10-31 11:06:00	2017-10-31 11:06:00	\N
13125	13	Quilicura	2017-10-31 11:06:00	2017-10-31 11:06:00	\N
13126	13	Quinta Normal	2017-10-31 11:06:00	2017-10-31 11:06:00	\N
13127	13	Recoleta	2017-10-31 11:06:00	2017-10-31 11:06:00	\N
13128	13	Renca	2017-10-31 11:06:00	2017-10-31 11:06:00	\N
13129	13	San Joaquín	2017-10-31 11:06:00	2017-10-31 11:06:00	\N
13130	13	San Miguel	2017-10-31 11:06:00	2017-10-31 11:06:00	\N
13131	13	San Ramón	2017-10-31 11:06:00	2017-10-31 11:06:00	\N
13132	13	Vitacura	2017-10-31 11:06:00	2017-10-31 11:06:00	\N
13201	13	Puente Alto	2017-10-31 11:06:00	2017-10-31 11:06:00	\N
13202	13	Pirque	2017-10-31 11:06:00	2017-10-31 11:06:00	\N
13203	13	San José de Maipo	2017-10-31 11:06:00	2017-10-31 11:06:00	\N
13301	13	Colina	2017-10-31 11:06:00	2017-10-31 11:06:00	\N
13302	13	Lampa	2017-10-31 11:06:00	2017-10-31 11:06:00	\N
13303	13	Tiltil	2017-10-31 11:06:00	2017-10-31 11:06:00	\N
13401	13	San Bernardo	2017-10-31 11:06:00	2017-10-31 11:06:00	\N
13402	13	Buin	2017-10-31 11:06:00	2017-10-31 11:06:00	\N
13403	13	Calera de Tango	2017-10-31 11:06:00	2017-10-31 11:06:00	\N
13404	13	Paine	2017-10-31 11:06:00	2017-10-31 11:06:00	\N
13501	13	Melipilla	2017-10-31 11:06:00	2017-10-31 11:06:00	\N
13502	13	Alhué	2017-10-31 11:06:00	2017-10-31 11:06:00	\N
13503	13	Curacaví	2017-10-31 11:06:00	2017-10-31 11:06:00	\N
13504	13	Maria Pinto	2017-10-31 11:06:00	2017-10-31 11:06:00	\N
13505	13	San Pedro	2017-10-31 11:06:00	2017-10-31 11:06:00	\N
13601	13	Talagante	2017-10-31 11:06:00	2017-10-31 11:06:00	\N
13602	13	El Monte	2017-10-31 11:06:00	2017-10-31 11:06:00	\N
13603	13	Isla de Maipo	2017-10-31 11:06:00	2017-10-31 11:06:00	\N
13604	13	Padre Hurtado	2017-10-31 11:06:00	2017-10-31 11:06:00	\N
13605	13	Peñaflor	2017-10-31 11:06:00	2017-10-31 11:06:00	\N
14101	14	Valdivia	2017-10-31 11:06:00	2017-10-31 11:06:00	\N
14102	14	Corral	2017-10-31 11:06:00	2017-10-31 11:06:00	\N
14103	14	Lanco	2017-10-31 11:06:00	2017-10-31 11:06:00	\N
14104	14	Los Lagos	2017-10-31 11:06:00	2017-10-31 11:06:00	\N
14105	14	Máfil	2017-10-31 11:06:00	2017-10-31 11:06:00	\N
14106	14	Mariquina	2017-10-31 11:06:00	2017-10-31 11:06:00	\N
14107	14	Paillaco	2017-10-31 11:06:00	2017-10-31 11:06:00	\N
14108	14	Panguipulli	2017-10-31 11:06:00	2017-10-31 11:06:00	\N
14201	14	La Unión	2017-10-31 11:06:00	2017-10-31 11:06:00	\N
14202	14	Futrono	2017-10-31 11:06:00	2017-10-31 11:06:00	\N
14203	14	Lago Ranco	2017-10-31 11:06:00	2017-10-31 11:06:00	\N
14204	14	Río Bueno	2017-10-31 11:06:00	2017-10-31 11:06:00	\N
15101	15	Arica	2017-10-31 11:06:00	2017-10-31 11:06:00	\N
15102	15	Camarones	2017-10-31 11:06:00	2017-10-31 11:06:00	\N
15201	15	Putre	2017-10-31 11:06:00	2017-10-31 11:06:00	\N
15202	15	General Lagos	2017-10-31 11:06:00	2017-10-31 11:06:00	\N
\.


--
-- TOC entry 3319 (class 0 OID 587957)
-- Dependencies: 247
-- Data for Name: datacentros; Type: TABLE DATA; Schema: public; Owner: postgres
--

COPY public.datacentros (id_datacentro, nom_datacentro, id_usuario_registra, id_usuario_modifica, created_at, updated_at, deleted_at, det_datacentro, cod_datacentro) FROM stdin;
1	CPD	4	4	2018-03-06 01:31:31	2018-03-06 01:31:31	\N	Datacentro local en minsal	CPD001
2	Convergente	4	4	2018-03-06 01:32:08	2018-03-06 01:32:08	\N	Datacentro convergente ubicado en puerto montt.	CVGT001
3	asdfsdf	4	4	2018-03-06 06:46:05	2018-03-06 06:46:07	2018-03-06 06:46:07	afd	af
5	null	4	4	2018-03-21 19:06:13	2018-03-21 19:06:32	2018-03-21 19:06:32	null	null
4	null	4	4	2018-03-21 19:06:07	2018-03-21 19:06:37	2018-03-21 19:06:37	null	null
6	sdfdfasf	4	4	2018-03-21 19:32:31	2018-03-21 19:32:39	2018-03-21 19:32:39	adsfsa	0
\.


--
-- TOC entry 3317 (class 0 OID 587943)
-- Dependencies: 245
-- Data for Name: dominios; Type: TABLE DATA; Schema: public; Owner: postgres
--

COPY public.dominios (id_dominio, nom_dominio, det_dominio, ip_publica, ip_balanceador, dns_asoc_dominio, id_usuario_registra, id_usuario_modifica, created_at, updated_at, deleted_at) FROM stdin;
1	Minsal	minsal.cl	5.5.5.5	5.5.5.5	2.2.2.2	4	4	2018-03-02 21:12:55	2018-03-03 17:21:51	\N
2	Red Salud	redsalud.gob.cl	0.0.0.0	0.0.0.0	0.0.0.0	4	4	2018-03-03 17:22:21	2018-03-03 17:22:21	\N
3	Gob	gob.cl	0.0.0.0	0.0.0.0	0.0.0.0	4	4	2018-03-03 17:22:46	2018-03-03 17:22:46	\N
4	ewqeq	qweqwe	1.1.1.1	1.1.1.1	1.1.1.1	4	4	2018-03-06 06:43:10	2018-03-06 06:43:15	2018-03-06 06:43:15
5	test	test	1.1.1.1	0	0	4	4	2018-03-21 19:28:39	2018-03-21 19:29:36	2018-03-21 19:29:36
\.


--
-- TOC entry 3339 (class 0 OID 588174)
-- Dependencies: 267
-- Data for Name: entregas_credenciales_usuarios; Type: TABLE DATA; Schema: public; Owner: postgres
--

COPY public.entregas_credenciales_usuarios (id_entrega_credencial_usuario, username, password, tiempo_expiracion, estado, id_usuario_registra, id_usuario_modifica, created_at, updated_at, deleted_at) FROM stdin;
\.


--
-- TOC entry 3340 (class 0 OID 588183)
-- Dependencies: 268
-- Data for Name: establecimientos; Type: TABLE DATA; Schema: public; Owner: postgres
--

COPY public.establecimientos (id_establecimiento, id_establecimiento_antiguo, id_servicio_salud, id_region, id_comuna, nombre_establecimiento, tipo_establecimiento, vigencia_desde, fecha_cierre, created_at, updated_at, deleted_at) FROM stdin;
\.


--
-- TOC entry 3309 (class 0 OID 587893)
-- Dependencies: 237
-- Data for Name: estados; Type: TABLE DATA; Schema: public; Owner: postgres
--

COPY public.estados (id_estado, nom_estado, cod_estado, id_usuario_registra, id_usuario_modifica, created_at, updated_at, deleted_at, det_estado) FROM stdin;
1	qwe	\N	1	1	2018-02-27 20:00:36	2018-02-27 20:00:54	2018-02-27 20:00:54	qwe
3	Inactivo	74ug	4	4	2018-03-06 06:30:37	2018-03-06 06:30:37	\N	Inactivo
4	Ausente	93jrf	4	4	2018-03-06 06:30:45	2018-03-06 06:30:45	\N	Ausente
5	Vacaciones	8i4f	4	4	2018-03-06 06:30:55	2018-03-06 06:30:55	\N	Vacaciones
6	Apagado	ger7123	4	4	2018-03-19 20:25:12	2018-03-19 20:25:12	\N	Estado para maquinas, servidores, etc
7	Contingencia en PM	dsf7sdg76	4	4	2018-03-19 20:25:38	2018-03-19 20:25:38	\N	Estado para maquinas.
8	Dado de baja	jgds7e12	4	4	2018-03-19 20:30:12	2018-03-19 20:30:12	\N	Estado para maquinas, usuarios, etc.
10	test	test	4	4	2018-03-19 20:31:37	2018-03-19 20:31:51	2018-03-19 20:31:51	test
9	test	test	4	4	2018-03-19 20:30:23	2018-03-19 20:31:58	2018-03-19 20:31:58	test
2	Activo	dsgfh323	1	4	2018-02-27 20:18:02	2018-03-19 20:32:09	\N	Estado activo
11	test	0	4	4	2018-03-21 19:26:04	2018-03-21 19:26:09	2018-03-21 19:26:09	test
\.


--
-- TOC entry 3318 (class 0 OID 587950)
-- Dependencies: 246
-- Data for Name: fuentes_aplicaciones; Type: TABLE DATA; Schema: public; Owner: postgres
--

COPY public.fuentes_aplicaciones (id_fuente_aplicacion, id_aplicacion, id_servicio, url_descarga, nom_fuente, det_fuente, id_usuario_registra, id_usuario_modifica, created_at, updated_at, deleted_at) FROM stdin;
\.


--
-- TOC entry 3355 (class 0 OID 596530)
-- Dependencies: 283
-- Data for Name: idiomas; Type: TABLE DATA; Schema: public; Owner: postgres
--

COPY public.idiomas (id_idioma, nom_idioma, det_idioma, id_usuario_registra, id_usuario_modifica, created_at, updated_at, deleted_at, cod_cargo) FROM stdin;
1	Aleman	Aleman	\N	\N	\N	\N	\N	\N
2	Espanol	Espanol	\N	\N	\N	\N	\N	\N
3	Ingles	Ingles	\N	\N	\N	\N	\N	\N
4	Portugues	Portugues	\N	\N	\N	\N	\N	\N
5	Ruso	Ruso	\N	\N	\N	\N	\N	\N
\.


--
-- TOC entry 3342 (class 0 OID 588194)
-- Dependencies: 270
-- Data for Name: log_navegacion; Type: TABLE DATA; Schema: public; Owner: postgres
--

COPY public.log_navegacion (id_log_navegacion, id_usuario, cod_establecimiento, nom_usuario, email_usuario, path_url, ip, latitude, longitude, created_at, updated_at, deleted_at) FROM stdin;
\.


--
-- TOC entry 3346 (class 0 OID 588263)
-- Dependencies: 274
-- Data for Name: migrations; Type: TABLE DATA; Schema: public; Owner: postgres
--

COPY public.migrations (id, migration, batch) FROM stdin;
1	2014_10_12_000000_create_users_table	1
2	2014_10_12_100000_create_password_resets_table	1
\.


--
-- TOC entry 3269 (class 0 OID 579599)
-- Dependencies: 197
-- Data for Name: pais; Type: TABLE DATA; Schema: public; Owner: postgres
--

COPY public.pais (id_pais, nombre_pais, created_at, updated_at, deleted_at) FROM stdin;
4	AFGANISTÁN	2017-10-31 11:06:00	2017-10-31 11:06:00	\N
8	ALBANIA	2017-10-31 11:06:00	2017-10-31 11:06:00	\N
10	ANTÁRTIDA	2017-10-31 11:06:00	2017-10-31 11:06:00	\N
12	ARGEL	2017-10-31 11:06:00	2017-10-31 11:06:00	\N
16	SAMOA AMERICANA	2017-10-31 11:06:00	2017-10-31 11:06:00	\N
20	ANDORRA	2017-10-31 11:06:00	2017-10-31 11:06:00	\N
24	ANGOLA	2017-10-31 11:06:00	2017-10-31 11:06:00	\N
28	ANTIGUA Y BARBUDA	2017-10-31 11:06:00	2017-10-31 11:06:00	\N
31	AZERBAIYÁN	2017-10-31 11:06:00	2017-10-31 11:06:00	\N
32	ARGENTINA	2017-10-31 11:06:00	2017-10-31 11:06:00	\N
36	AUSTRALIA	2017-10-31 11:06:00	2017-10-31 11:06:00	\N
40	AUSTRIA	2017-10-31 11:06:00	2017-10-31 11:06:00	\N
44	BAHAMAS	2017-10-31 11:06:00	2017-10-31 11:06:00	\N
48	BAHRÉIN	2017-10-31 11:06:00	2017-10-31 11:06:00	\N
50	BANGLADESH	2017-10-31 11:06:00	2017-10-31 11:06:00	\N
51	ARMENIA	2017-10-31 11:06:00	2017-10-31 11:06:00	\N
52	BARBADOS	2017-10-31 11:06:00	2017-10-31 11:06:00	\N
56	BÉLGICA	2017-10-31 11:06:00	2017-10-31 11:06:00	\N
60	BERMUDAS	2017-10-31 11:06:00	2017-10-31 11:06:00	\N
64	BHUTÁN	2017-10-31 11:06:00	2017-10-31 11:06:00	\N
68	BOLIVIA	2017-10-31 11:06:00	2017-10-31 11:06:00	\N
70	BOSNIA Y HERZEGOVINA	2017-10-31 11:06:00	2017-10-31 11:06:00	\N
72	BOTSUANA	2017-10-31 11:06:00	2017-10-31 11:06:00	\N
74	ISLA BOUVET	2017-10-31 11:06:00	2017-10-31 11:06:00	\N
76	BRASIL	2017-10-31 11:06:00	2017-10-31 11:06:00	\N
84	BELICE	2017-10-31 11:06:00	2017-10-31 11:06:00	\N
86	TERRITORIO BRITÁNICO DEL OCÉANO ÍNDICO	2017-10-31 11:06:00	2017-10-31 11:06:00	\N
90	ISLAS SOLOMÓN	2017-10-31 11:06:00	2017-10-31 11:06:00	\N
92	ISLAS VÍRGENES BRITÁNICAS	2017-10-31 11:06:00	2017-10-31 11:06:00	\N
96	BRUNÉI	2017-10-31 11:06:00	2017-10-31 11:06:00	\N
100	BULGARIA	2017-10-31 11:06:00	2017-10-31 11:06:00	\N
104	MYANMAR	2017-10-31 11:06:00	2017-10-31 11:06:00	\N
108	BURUNDI	2017-10-31 11:06:00	2017-10-31 11:06:00	\N
112	BELARÚS	2017-10-31 11:06:00	2017-10-31 11:06:00	\N
116	CAMBOYA	2017-10-31 11:06:00	2017-10-31 11:06:00	\N
120	CAMERÚN	2017-10-31 11:06:00	2017-10-31 11:06:00	\N
124	CANADÁ	2017-10-31 11:06:00	2017-10-31 11:06:00	\N
132	CABO VERDE	2017-10-31 11:06:00	2017-10-31 11:06:00	\N
136	ISLAS CAIMÁN	2017-10-31 11:06:00	2017-10-31 11:06:00	\N
140	REPÚBLICA CENTRO-AFRICANA	2017-10-31 11:06:00	2017-10-31 11:06:00	\N
144	SRI LANKA	2017-10-31 11:06:00	2017-10-31 11:06:00	\N
148	CHAD	2017-10-31 11:06:00	2017-10-31 11:06:00	\N
152	CHILE	2017-10-31 11:06:00	2017-10-31 11:06:00	\N
156	CHINA	2017-10-31 11:06:00	2017-10-31 11:06:00	\N
158	TAIWÁN	2017-10-31 11:06:00	2017-10-31 11:06:00	\N
162	ISLAS CHRISTMAS	2017-10-31 11:06:00	2017-10-31 11:06:00	\N
166	ISLAS COCOS	2017-10-31 11:06:00	2017-10-31 11:06:00	\N
170	COLOMBIA	2017-10-31 11:06:00	2017-10-31 11:06:00	\N
174	COMOROS	2017-10-31 11:06:00	2017-10-31 11:06:00	\N
175	MAYOTTE	2017-10-31 11:06:00	2017-10-31 11:06:00	\N
178	CONGO	2017-10-31 11:06:00	2017-10-31 11:06:00	\N
184	ISLAS COOK	2017-10-31 11:06:00	2017-10-31 11:06:00	\N
188	COSTA RICA	2017-10-31 11:06:00	2017-10-31 11:06:00	\N
191	CROACIA	2017-10-31 11:06:00	2017-10-31 11:06:00	\N
192	CUBA	2017-10-31 11:06:00	2017-10-31 11:06:00	\N
196	CHIPRE	2017-10-31 11:06:00	2017-10-31 11:06:00	\N
203	REPÚBLICA CHECA	2017-10-31 11:06:00	2017-10-31 11:06:00	\N
204	BENIN	2017-10-31 11:06:00	2017-10-31 11:06:00	\N
208	DINAMARCA	2017-10-31 11:06:00	2017-10-31 11:06:00	\N
212	DOMÍNICA	2017-10-31 11:06:00	2017-10-31 11:06:00	\N
214	REPÚBLICA DOMINICANA	2017-10-31 11:06:00	2017-10-31 11:06:00	\N
218	ECUADOR	2017-10-31 11:06:00	2017-10-31 11:06:00	\N
222	EL SALVADOR	2017-10-31 11:06:00	2017-10-31 11:06:00	\N
226	GUINEA ECUATORIAL	2017-10-31 11:06:00	2017-10-31 11:06:00	\N
231	ETIOPÍA	2017-10-31 11:06:00	2017-10-31 11:06:00	\N
232	ERITREA	2017-10-31 11:06:00	2017-10-31 11:06:00	\N
233	ESTONIA	2017-10-31 11:06:00	2017-10-31 11:06:00	\N
234	ISLAS FAROE	2017-10-31 11:06:00	2017-10-31 11:06:00	\N
238	ISLAS MALVINAS	2017-10-31 11:06:00	2017-10-31 11:06:00	\N
239	GEORGIA DEL SUR E ISLAS SANDWICH DEL SUR	2017-10-31 11:06:00	2017-10-31 11:06:00	\N
242	FIJI	2017-10-31 11:06:00	2017-10-31 11:06:00	\N
246	FINLANDIA	2017-10-31 11:06:00	2017-10-31 11:06:00	\N
248	ISLAS ÁLAND	2017-10-31 11:06:00	2017-10-31 11:06:00	\N
250	FRANCIA	2017-10-31 11:06:00	2017-10-31 11:06:00	\N
254	GUAYANA FRANCESA	2017-10-31 11:06:00	2017-10-31 11:06:00	\N
258	POLINESIA FRANCESA	2017-10-31 11:06:00	2017-10-31 11:06:00	\N
260	TERRITORIOS AUSTRALES FRANCESES	2017-10-31 11:06:00	2017-10-31 11:06:00	\N
262	YIBUTI	2017-10-31 11:06:00	2017-10-31 11:06:00	\N
266	GABÓN	2017-10-31 11:06:00	2017-10-31 11:06:00	\N
268	GEORGIA	2017-10-31 11:06:00	2017-10-31 11:06:00	\N
270	GAMBIA	2017-10-31 11:06:00	2017-10-31 11:06:00	\N
275	PALESTINA	2017-10-31 11:06:00	2017-10-31 11:06:00	\N
276	ALEMANIA	2017-10-31 11:06:00	2017-10-31 11:06:00	\N
288	GHANA	2017-10-31 11:06:00	2017-10-31 11:06:00	\N
292	GIBRALTAR	2017-10-31 11:06:00	2017-10-31 11:06:00	\N
296	KIRIBATI	2017-10-31 11:06:00	2017-10-31 11:06:00	\N
300	GRECIA	2017-10-31 11:06:00	2017-10-31 11:06:00	\N
304	GROENLANDIA	2017-10-31 11:06:00	2017-10-31 11:06:00	\N
308	GRANADA	2017-10-31 11:06:00	2017-10-31 11:06:00	\N
312	GUADALUPE	2017-10-31 11:06:00	2017-10-31 11:06:00	\N
316	GUAM	2017-10-31 11:06:00	2017-10-31 11:06:00	\N
320	GUATEMALA	2017-10-31 11:06:00	2017-10-31 11:06:00	\N
324	GUINEA	2017-10-31 11:06:00	2017-10-31 11:06:00	\N
328	GUAYANA	2017-10-31 11:06:00	2017-10-31 11:06:00	\N
332	HAITÍ	2017-10-31 11:06:00	2017-10-31 11:06:00	\N
334	ISLAS HEARD Y MCDONALD	2017-10-31 11:06:00	2017-10-31 11:06:00	\N
336	CIUDAD DEL VATICANO	2017-10-31 11:06:00	2017-10-31 11:06:00	\N
340	HONDURAS	2017-10-31 11:06:00	2017-10-31 11:06:00	\N
344	HONG KONG	2017-10-31 11:06:00	2017-10-31 11:06:00	\N
348	HUNGRÍA	2017-10-31 11:06:00	2017-10-31 11:06:00	\N
352	ISLANDIA	2017-10-31 11:06:00	2017-10-31 11:06:00	\N
356	INDIA	2017-10-31 11:06:00	2017-10-31 11:06:00	\N
360	INDONESIA	2017-10-31 11:06:00	2017-10-31 11:06:00	\N
364	IRÁN	2017-10-31 11:06:00	2017-10-31 11:06:00	\N
368	IRAK	2017-10-31 11:06:00	2017-10-31 11:06:00	\N
372	IRLANDA	2017-10-31 11:06:00	2017-10-31 11:06:00	\N
376	ISRAEL	2017-10-31 11:06:00	2017-10-31 11:06:00	\N
380	ITALIA	2017-10-31 11:06:00	2017-10-31 11:06:00	\N
384	COSTA DE MARFIL	2017-10-31 11:06:00	2017-10-31 11:06:00	\N
388	JAMAICA	2017-10-31 11:06:00	2017-10-31 11:06:00	\N
392	JAPÓN	2017-10-31 11:06:00	2017-10-31 11:06:00	\N
398	KAZAJSTÁN	2017-10-31 11:06:00	2017-10-31 11:06:00	\N
400	JORDANIA	2017-10-31 11:06:00	2017-10-31 11:06:00	\N
404	KENIA	2017-10-31 11:06:00	2017-10-31 11:06:00	\N
408	COREA DEL NORTE	2017-10-31 11:06:00	2017-10-31 11:06:00	\N
410	COREA DEL SUR	2017-10-31 11:06:00	2017-10-31 11:06:00	\N
414	KUWAIT	2017-10-31 11:06:00	2017-10-31 11:06:00	\N
417	KIRGUISTÁN	2017-10-31 11:06:00	2017-10-31 11:06:00	\N
418	LAOS	2017-10-31 11:06:00	2017-10-31 11:06:00	\N
422	LÍBANO	2017-10-31 11:06:00	2017-10-31 11:06:00	\N
426	LESOTHO	2017-10-31 11:06:00	2017-10-31 11:06:00	\N
428	LETONIA	2017-10-31 11:06:00	2017-10-31 11:06:00	\N
430	LIBERIA	2017-10-31 11:06:00	2017-10-31 11:06:00	\N
434	LIBIA	2017-10-31 11:06:00	2017-10-31 11:06:00	\N
438	LIECHTENSTEIN	2017-10-31 11:06:00	2017-10-31 11:06:00	\N
440	LITUANIA	2017-10-31 11:06:00	2017-10-31 11:06:00	\N
442	LUXEMBURGO	2017-10-31 11:06:00	2017-10-31 11:06:00	\N
446	MACAO	2017-10-31 11:06:00	2017-10-31 11:06:00	\N
450	MADAGASCAR	2017-10-31 11:06:00	2017-10-31 11:06:00	\N
454	MALAWI	2017-10-31 11:06:00	2017-10-31 11:06:00	\N
458	MALASIA	2017-10-31 11:06:00	2017-10-31 11:06:00	\N
462	MALDIVAS	2017-10-31 11:06:00	2017-10-31 11:06:00	\N
466	MALI	2017-10-31 11:06:00	2017-10-31 11:06:00	\N
470	MALTA	2017-10-31 11:06:00	2017-10-31 11:06:00	\N
474	MARTINICA	2017-10-31 11:06:00	2017-10-31 11:06:00	\N
478	MAURITANIA	2017-10-31 11:06:00	2017-10-31 11:06:00	\N
480	MAURICIO	2017-10-31 11:06:00	2017-10-31 11:06:00	\N
484	MÉXICO	2017-10-31 11:06:00	2017-10-31 11:06:00	\N
492	MÓNACO	2017-10-31 11:06:00	2017-10-31 11:06:00	\N
496	MONGOLIA	2017-10-31 11:06:00	2017-10-31 11:06:00	\N
498	MOLDOVA	2017-10-31 11:06:00	2017-10-31 11:06:00	\N
499	MONTENEGRO	2017-10-31 11:06:00	2017-10-31 11:06:00	\N
500	MONTSERRAT	2017-10-31 11:06:00	2017-10-31 11:06:00	\N
504	MARRUECOS	2017-10-31 11:06:00	2017-10-31 11:06:00	\N
508	MOZAMBIQUE	2017-10-31 11:06:00	2017-10-31 11:06:00	\N
512	OMÁN	2017-10-31 11:06:00	2017-10-31 11:06:00	\N
516	NAMIBIA	2017-10-31 11:06:00	2017-10-31 11:06:00	\N
520	NAURU	2017-10-31 11:06:00	2017-10-31 11:06:00	\N
524	NEPAL	2017-10-31 11:06:00	2017-10-31 11:06:00	\N
528	PAÍSES BAJOS	2017-10-31 11:06:00	2017-10-31 11:06:00	\N
530	ANTILLAS NEERLANDESAS	2017-10-31 11:06:00	2017-10-31 11:06:00	\N
533	ARUBA	2017-10-31 11:06:00	2017-10-31 11:06:00	\N
540	NUEVA CALEDONIA	2017-10-31 11:06:00	2017-10-31 11:06:00	\N
548	VANUATU	2017-10-31 11:06:00	2017-10-31 11:06:00	\N
554	NUEVA ZELANDA	2017-10-31 11:06:00	2017-10-31 11:06:00	\N
558	NICARAGUA	2017-10-31 11:06:00	2017-10-31 11:06:00	\N
562	NÍGER	2017-10-31 11:06:00	2017-10-31 11:06:00	\N
566	NIGERIA	2017-10-31 11:06:00	2017-10-31 11:06:00	\N
570	NIUE	2017-10-31 11:06:00	2017-10-31 11:06:00	\N
574	ISLAS NORKFOLK	2017-10-31 11:06:00	2017-10-31 11:06:00	\N
578	NORUEGA	2017-10-31 11:06:00	2017-10-31 11:06:00	\N
583	MICRONESIA	2017-10-31 11:06:00	2017-10-31 11:06:00	\N
584	ISLAS MARSHALL	2017-10-31 11:06:00	2017-10-31 11:06:00	\N
585	ISLAS PALAOS	2017-10-31 11:06:00	2017-10-31 11:06:00	\N
586	PAKISTÁN	2017-10-31 11:06:00	2017-10-31 11:06:00	\N
591	PANAMÁ	2017-10-31 11:06:00	2017-10-31 11:06:00	\N
598	PAPÚA NUEVA GUINEA	2017-10-31 11:06:00	2017-10-31 11:06:00	\N
600	PARAGUAY	2017-10-31 11:06:00	2017-10-31 11:06:00	\N
604	PERÚ	2017-10-31 11:06:00	2017-10-31 11:06:00	\N
608	FILIPINAS	2017-10-31 11:06:00	2017-10-31 11:06:00	\N
612	ISLAS PITCAIRN	2017-10-31 11:06:00	2017-10-31 11:06:00	\N
616	POLONIA	2017-10-31 11:06:00	2017-10-31 11:06:00	\N
620	PORTUGAL	2017-10-31 11:06:00	2017-10-31 11:06:00	\N
624	GUINEA-BISSAU	2017-10-31 11:06:00	2017-10-31 11:06:00	\N
626	TIMOR-LESTE	2017-10-31 11:06:00	2017-10-31 11:06:00	\N
630	PUERTO RICO	2017-10-31 11:06:00	2017-10-31 11:06:00	\N
634	QATAR	2017-10-31 11:06:00	2017-10-31 11:06:00	\N
638	REUNIÓN	2017-10-31 11:06:00	2017-10-31 11:06:00	\N
642	RUMANÍA	2017-10-31 11:06:00	2017-10-31 11:06:00	\N
643	RUSIA	2017-10-31 11:06:00	2017-10-31 11:06:00	\N
646	RUANDA	2017-10-31 11:06:00	2017-10-31 11:06:00	\N
652	SAN BARTOLOMÉ	2017-10-31 11:06:00	2017-10-31 11:06:00	\N
654	SANTA ELENA	2017-10-31 11:06:00	2017-10-31 11:06:00	\N
659	SAN CRISTÓBAL Y NIEVES	2017-10-31 11:06:00	2017-10-31 11:06:00	\N
660	ANGUILA	2017-10-31 11:06:00	2017-10-31 11:06:00	\N
662	SANTA LUCÍA	2017-10-31 11:06:00	2017-10-31 11:06:00	\N
666	SAN PEDRO Y MIQUELÓN	2017-10-31 11:06:00	2017-10-31 11:06:00	\N
670	SAN VICENTE Y LAS GRANADINAS	2017-10-31 11:06:00	2017-10-31 11:06:00	\N
674	SAN MARINO	2017-10-31 11:06:00	2017-10-31 11:06:00	\N
678	SANTO TOMÉ Y PRÍNCIPE	2017-10-31 11:06:00	2017-10-31 11:06:00	\N
682	ARABIA SAUDITA	2017-10-31 11:06:00	2017-10-31 11:06:00	\N
686	SENEGAL	2017-10-31 11:06:00	2017-10-31 11:06:00	\N
688	SERBIA Y MONTENEGRO	2017-10-31 11:06:00	2017-10-31 11:06:00	\N
690	SEYCHELLES	2017-10-31 11:06:00	2017-10-31 11:06:00	\N
694	SIERRA LEONA	2017-10-31 11:06:00	2017-10-31 11:06:00	\N
702	SINGAPUR	2017-10-31 11:06:00	2017-10-31 11:06:00	\N
703	ESLOVAQUIA	2017-10-31 11:06:00	2017-10-31 11:06:00	\N
704	VIETNAM	2017-10-31 11:06:00	2017-10-31 11:06:00	\N
705	ESLOVENIA	2017-10-31 11:06:00	2017-10-31 11:06:00	\N
706	SOMALIA	2017-10-31 11:06:00	2017-10-31 11:06:00	\N
710	SUDÁFRICA	2017-10-31 11:06:00	2017-10-31 11:06:00	\N
724	ESPAÑA	2017-10-31 11:06:00	2017-10-31 11:06:00	\N
732	SAHARA OCCIDENTAL	2017-10-31 11:06:00	2017-10-31 11:06:00	\N
736	SUDÁN	2017-10-31 11:06:00	2017-10-31 11:06:00	\N
740	SURINAM	2017-10-31 11:06:00	2017-10-31 11:06:00	\N
744	ISLAS SVALBARD Y JAN MAYEN	2017-10-31 11:06:00	2017-10-31 11:06:00	\N
748	SUAZILANDIA	2017-10-31 11:06:00	2017-10-31 11:06:00	\N
752	SUECIA	2017-10-31 11:06:00	2017-10-31 11:06:00	\N
756	SUIZA	2017-10-31 11:06:00	2017-10-31 11:06:00	\N
760	SIRIA	2017-10-31 11:06:00	2017-10-31 11:06:00	\N
762	TAYIKISTÁN	2017-10-31 11:06:00	2017-10-31 11:06:00	\N
764	TAILANDIA	2017-10-31 11:06:00	2017-10-31 11:06:00	\N
768	TOGO	2017-10-31 11:06:00	2017-10-31 11:06:00	\N
772	TOKELAU	2017-10-31 11:06:00	2017-10-31 11:06:00	\N
776	TONGA	2017-10-31 11:06:00	2017-10-31 11:06:00	\N
780	TRINIDAD Y TOBAGO	2017-10-31 11:06:00	2017-10-31 11:06:00	\N
784	EMIRATOS ÁRABES UNIDOS	2017-10-31 11:06:00	2017-10-31 11:06:00	\N
788	TÚNEZ	2017-10-31 11:06:00	2017-10-31 11:06:00	\N
792	TURQUÍA	2017-10-31 11:06:00	2017-10-31 11:06:00	\N
795	TURKMENISTÁN	2017-10-31 11:06:00	2017-10-31 11:06:00	\N
796	ISLAS TURCAS Y CAICOS	2017-10-31 11:06:00	2017-10-31 11:06:00	\N
798	TUVALU	2017-10-31 11:06:00	2017-10-31 11:06:00	\N
800	UGANDA	2017-10-31 11:06:00	2017-10-31 11:06:00	\N
804	UCRANIA	2017-10-31 11:06:00	2017-10-31 11:06:00	\N
807	MACEDONIA	2017-10-31 11:06:00	2017-10-31 11:06:00	\N
818	EGIPTO	2017-10-31 11:06:00	2017-10-31 11:06:00	\N
826	REINO UNIDO	2017-10-31 11:06:00	2017-10-31 11:06:00	\N
831	GUERNSEY	2017-10-31 11:06:00	2017-10-31 11:06:00	\N
832	JERSEY	2017-10-31 11:06:00	2017-10-31 11:06:00	\N
833	ISLA DE MAN	2017-10-31 11:06:00	2017-10-31 11:06:00	\N
834	TANZANIA	2017-10-31 11:06:00	2017-10-31 11:06:00	\N
840	ESTADOS UNIDOS DE AMÉRICA	2017-10-31 11:06:00	2017-10-31 11:06:00	\N
850	ISLAS VÍRGENES DE LOS ESTADOS UNIDOS DE AMÉRICA	2017-10-31 11:06:00	2017-10-31 11:06:00	\N
854	BURKINA FASO	2017-10-31 11:06:00	2017-10-31 11:06:00	\N
858	URUGUAY	2017-10-31 11:06:00	2017-10-31 11:06:00	\N
860	UZBEKISTÁN	2017-10-31 11:06:00	2017-10-31 11:06:00	\N
862	VENEZUELA	2017-10-31 11:06:00	2017-10-31 11:06:00	\N
876	WALLIS Y FUTUNA	2017-10-31 11:06:00	2017-10-31 11:06:00	\N
882	SAMOA	2017-10-31 11:06:00	2017-10-31 11:06:00	\N
887	YEMEN	2017-10-31 11:06:00	2017-10-31 11:06:00	\N
\.


--
-- TOC entry 3347 (class 0 OID 588269)
-- Dependencies: 275
-- Data for Name: password_resets; Type: TABLE DATA; Schema: public; Owner: postgres
--

COPY public.password_resets (email, token, created_at) FROM stdin;
\.


--
-- TOC entry 3306 (class 0 OID 587878)
-- Dependencies: 234
-- Data for Name: permisos; Type: TABLE DATA; Schema: public; Owner: postgres
--

COPY public.permisos (id_permiso, nom_permiso, det_permiso, cod_permiso, id_usuario_registra, id_usuario_modifica, created_at, updated_at, deleted_at) FROM stdin;
18	sda	asdsada	\N	\N	\N	2018-02-26 21:18:26	2018-02-26 21:18:32	2018-02-26 21:18:32
19	wqeqwe	qweq	\N	1	1	2018-02-27 19:29:29	2018-02-27 19:29:36	2018-02-27 19:29:36
15	R	R representa read, tiene permisos nivel 1 y puede solo visualizar.	1	\N	4	2018-02-20 21:41:31	2018-02-28 23:06:43	\N
17	D	D representa delete, tiene permisos nivel 4 y puede visualizar, crear, editar y hasta eliminar.	4	\N	4	2018-02-20 21:42:31	2018-02-28 23:06:53	\N
14	C	C representa create, tiene permisos nivel 2 y puede crear y visualizar.	2	\N	4	2018-02-20 21:41:09	2018-02-28 23:09:03	\N
16	U	U representa update, tiene permisos nivel 3 y puede visualizar, crear y editar.	3	\N	4	2018-02-20 21:42:05	2018-03-01 00:14:25	\N
20	H	Triple combo kill	\N	4	4	2018-03-06 05:58:57	2018-03-07 13:50:48	2018-03-07 13:50:48
21	null	null	\N	4	4	2018-03-19 21:35:49	2018-03-21 19:06:57	2018-03-21 19:06:57
22	asfd	sadf	\N	4	4	2018-03-21 19:12:45	2018-03-21 19:13:37	2018-03-21 19:13:37
\.


--
-- TOC entry 3271 (class 0 OID 579611)
-- Dependencies: 199
-- Data for Name: region; Type: TABLE DATA; Schema: public; Owner: postgres
--

COPY public.region (id_region, nombre_region, alias, orden, created_at, updated_at, deleted_at) FROM stdin;
1	De Tarapacá	I	2	2017-10-31 11:06:00	2017-10-31 11:06:00	\N
2	De Antofagasta	II	3	2017-10-31 11:06:00	2017-10-31 11:06:00	\N
3	De Atacama	III	4	2017-10-31 11:06:00	2017-10-31 11:06:00	\N
4	De Coquimbo	IV	5	2017-10-31 11:06:00	2017-10-31 11:06:00	\N
5	De Valparaíso	V	6	2017-10-31 11:06:00	2017-10-31 11:06:00	\N
6	Del Libertador B. O´Higgins	VI	8	2017-10-31 11:06:00	2017-10-31 11:06:00	\N
7	Del Maule	VII	9	2017-10-31 11:06:00	2017-10-31 11:06:00	\N
8	Del Biobío	VIII	10	2017-10-31 11:06:00	2017-10-31 11:06:00	\N
9	De La Araucanía	IX	11	2017-10-31 11:06:00	2017-10-31 11:06:00	\N
10	De Los Lagos	X	13	2017-10-31 11:06:00	2017-10-31 11:06:00	\N
11	De Aisén del Gral.C.Ibañez del Campo	XI	14	2017-10-31 11:06:00	2017-10-31 11:06:00	\N
12	De Magallanes  y de La Antártica chilena	XII	15	2017-10-31 11:06:00	2017-10-31 11:06:00	\N
13	Metropolitana De Santiago	RM	7	2017-10-31 11:06:00	2017-10-31 11:06:00	\N
14	De Los Rios	XIV	12	2017-10-31 11:06:00	2017-10-31 11:06:00	\N
15	De Arica y Parinacota	XV	1	2017-10-31 11:06:00	2017-10-31 11:06:00	\N
\.


--
-- TOC entry 3304 (class 0 OID 587867)
-- Dependencies: 232
-- Data for Name: roles; Type: TABLE DATA; Schema: public; Owner: postgres
--

COPY public.roles (id_role, nom_role, det_role, id_usuario_registra, id_usuario_modifica, created_at, updated_at, deleted_at) FROM stdin;
55	Nivel 3	Nivel 3	\N	\N	2018-02-23 23:00:17	2018-02-26 15:27:01	2018-02-26 15:27:01
56	Role Enrolable	Role remain	\N	\N	2018-02-24 01:00:09	2018-02-26 15:30:07	2018-02-26 15:30:07
57	57 sdfsdf	dsfsdfsd\nfsad\n sdfda d\n ff sd f\ndsf \nads f\nsdf\n asd\nfsd \nfsda	\N	\N	2018-02-25 02:17:05	2018-02-26 15:49:13	2018-02-26 15:49:13
59	fsfsd	fsd	\N	\N	2018-02-26 16:18:34	2018-02-26 16:18:38	2018-02-26 16:18:38
58	role	role	\N	\N	2018-02-26 15:49:22	2018-02-26 16:19:04	2018-02-26 16:19:04
61	no editable	pq no se peue	\N	\N	2018-02-26 19:30:21	2018-02-26 20:22:37	2018-02-26 20:22:37
60	role	role	\N	\N	2018-02-26 16:19:11	2018-02-26 20:22:39	2018-02-26 20:22:39
65	role new	role a.s,da	\N	\N	2018-02-27 19:29:06	2018-02-27 19:29:19	2018-02-27 19:29:19
67	dfasfd	fasdf	\N	\N	2018-03-06 05:51:18	2018-03-06 05:51:22	2018-03-06 05:51:22
68	sfdafsdf	sdfsdf	4	4	2018-03-06 07:05:15	2018-03-07 13:51:02	2018-03-07 13:51:02
63	Jefe de Area	El Role Jefe de Area es igual al role administrador, tiene todos los permisos.	\N	4	2018-02-26 20:22:57	2018-03-19 15:05:22	\N
62	Administrador	El Role administrador del sistema tiene permisos completos.	\N	4	2018-02-26 20:22:50	2018-03-19 15:05:30	\N
64	Lider Equipo	El Role Lider Equipo es igual al role administrador, tiene todos los permisos,	\N	4	2018-02-26 20:23:13	2018-03-19 15:06:06	\N
66	App Manager	El Role App Manager, tiene permisos de lectura, escritura y modificacion de datos.	\N	4	2018-02-28 23:44:07	2018-03-19 15:07:38	\N
69	Jefe Proyecto	El Role Jefe Proyecto, tiene permisos de lectura y escritura.	4	4	2018-03-19 15:08:12	2018-03-19 15:08:12	\N
70	Desarrollador Proyecto	El Role Desarrollador Proyecto, tiene permisos de lectura.	4	4	2018-03-19 15:10:26	2018-03-19 15:10:26	\N
71	Visitante	El Role Visitante, tiene permisos de lectura.	4	4	2018-03-19 15:11:21	2018-03-19 15:11:21	\N
72	role test	role test	4	4	2018-03-21 19:01:30	2018-03-21 19:01:37	2018-03-21 19:01:37
\.


--
-- TOC entry 3305 (class 0 OID 587874)
-- Dependencies: 233
-- Data for Name: roles_permisos; Type: TABLE DATA; Schema: public; Owner: postgres
--

COPY public.roles_permisos (id_role_permiso, id_role, id_permiso, id_usuario_registra, id_usuario_modifica, created_at, updated_at, deleted_at) FROM stdin;
10	11	14	\N	\N	2018-02-22 14:08:23	2018-02-22 14:08:23	\N
11	12	14	\N	\N	2018-02-22 14:08:28	2018-02-22 14:08:28	\N
12	13	14	\N	\N	2018-02-22 14:08:33	2018-02-22 14:08:33	\N
13	10	15	\N	\N	2018-02-22 14:08:40	2018-02-22 14:08:40	\N
14	10	16	\N	\N	2018-02-22 14:08:44	2018-02-22 14:08:44	\N
15	10	17	\N	\N	2018-02-22 14:08:48	2018-02-22 14:08:48	\N
16	10	14	\N	\N	2018-02-22 14:19:50	2018-02-22 14:19:50	\N
9	10	10	\N	\N	2018-02-22 14:06:15	2018-02-22 18:22:22	\N
17	19	17	\N	\N	2018-02-22 21:09:18	2018-02-22 21:09:18	\N
18	20	15	\N	\N	2018-02-22 21:17:22	2018-02-22 21:17:22	\N
19	21	16	\N	\N	2018-02-22 21:18:26	2018-02-22 21:18:26	\N
20	22	17	\N	\N	2018-02-22 21:23:26	2018-02-22 21:23:26	\N
21	23	15	\N	\N	2018-02-22 21:23:49	2018-02-22 21:23:49	\N
22	24	17	\N	\N	2018-02-22 21:25:02	2018-02-22 21:25:02	\N
23	25	17	\N	\N	2018-02-23 04:12:59	2018-02-23 04:12:59	\N
24	26	17	\N	\N	2018-02-23 04:13:18	2018-02-23 04:13:18	\N
25	27	15	\N	\N	2018-02-23 12:47:06	2018-02-23 12:47:06	\N
26	28	15	\N	\N	2018-02-23 14:07:27	2018-02-23 14:07:27	\N
27	29	15	\N	\N	2018-02-23 14:40:08	2018-02-23 14:40:08	\N
28	30	15	\N	\N	2018-02-23 14:58:07	2018-02-23 14:58:07	\N
29	31	15	\N	\N	2018-02-23 14:59:58	2018-02-23 14:59:58	\N
30	32	15	\N	\N	2018-02-23 15:01:16	2018-02-23 15:01:16	\N
31	33	15	\N	\N	2018-02-23 15:02:09	2018-02-23 15:02:09	\N
32	34	15	\N	\N	2018-02-23 15:03:23	2018-02-23 15:03:23	\N
33	35	16	\N	\N	2018-02-23 15:05:13	2018-02-23 15:05:13	\N
34	36	17	\N	\N	2018-02-23 15:05:28	2018-02-23 15:05:28	\N
35	37	15	\N	\N	2018-02-23 15:07:06	2018-02-23 15:07:06	\N
37	39	14	\N	\N	2018-02-23 15:13:35	2018-02-23 19:28:48	\N
38	40	15	\N	\N	2018-02-23 15:14:26	2018-02-23 19:29:14	\N
36	38	14	\N	\N	2018-02-23 15:08:30	2018-02-23 19:29:34	\N
39	41	17	\N	\N	2018-02-23 20:21:08	2018-02-23 20:21:08	\N
40	42	15	\N	\N	2018-02-23 20:21:21	2018-02-23 20:21:21	\N
41	43	17	\N	\N	2018-02-23 21:11:42	2018-02-23 21:11:42	\N
42	44	17	\N	\N	2018-02-23 21:25:52	2018-02-23 21:25:52	\N
43	45	17	\N	\N	2018-02-23 21:26:29	2018-02-23 21:26:29	\N
44	46	16	\N	\N	2018-02-23 21:29:32	2018-02-23 21:29:32	\N
45	47	15	\N	\N	2018-02-23 21:32:38	2018-02-23 21:32:38	\N
46	48	15	\N	\N	2018-02-23 21:33:53	2018-02-23 21:33:53	\N
47	49	15	\N	\N	2018-02-23 21:35:51	2018-02-23 21:35:51	\N
48	50	16	\N	\N	2018-02-23 21:36:12	2018-02-23 21:36:12	\N
49	51	15	\N	\N	2018-02-23 21:37:10	2018-02-23 21:37:10	\N
50	52	15	\N	\N	2018-02-23 21:38:13	2018-02-23 21:38:13	\N
51	53	15	\N	\N	2018-02-23 21:44:27	2018-02-23 21:44:27	\N
52	54	15	\N	\N	2018-02-23 21:48:38	2018-02-23 21:48:38	\N
53	55	16	\N	\N	2018-02-23 23:00:17	2018-02-26 15:27:01	2018-02-26 15:27:01
54	56	16	\N	\N	2018-02-24 01:00:09	2018-02-26 15:30:07	2018-02-26 15:30:07
55	57	16	\N	\N	2018-02-25 02:17:05	2018-02-26 15:49:13	2018-02-26 15:49:13
57	59	14	\N	\N	2018-02-26 16:18:34	2018-02-26 16:18:38	2018-02-26 16:18:38
56	58	15	\N	\N	2018-02-26 15:49:22	2018-02-26 16:19:04	2018-02-26 16:19:04
59	61	16	\N	\N	2018-02-26 19:30:21	2018-02-26 20:22:37	2018-02-26 20:22:37
58	60	15	\N	\N	2018-02-26 16:19:11	2018-02-26 20:22:39	2018-02-26 20:22:39
63	65	17	\N	\N	2018-02-27 19:29:06	2018-02-27 19:29:19	2018-02-27 19:29:19
65	67	17	\N	\N	2018-03-06 05:51:18	2018-03-06 05:51:22	2018-03-06 05:51:22
66	68	14	\N	\N	2018-03-06 07:05:15	2018-03-07 13:51:02	2018-03-07 13:51:02
60	62	17	\N	4	2018-02-26 20:22:50	2018-03-19 14:57:16	\N
61	63	17	\N	4	2018-02-26 20:22:57	2018-03-19 15:04:31	\N
62	64	17	\N	4	2018-02-26 20:23:13	2018-03-19 15:06:06	\N
64	66	16	\N	4	2018-02-28 23:44:07	2018-03-19 15:07:38	\N
67	69	14	4	4	2018-03-19 15:08:12	2018-03-19 15:08:12	\N
68	70	15	4	4	2018-03-19 15:10:26	2018-03-19 15:10:26	\N
69	71	15	4	4	2018-03-19 15:11:21	2018-03-19 15:11:21	\N
70	72	15	4	4	2018-03-21 19:01:30	2018-03-21 19:01:37	2018-03-21 19:01:37
\.


--
-- TOC entry 3268 (class 0 OID 579586)
-- Dependencies: 196
-- Data for Name: servicio_salud; Type: TABLE DATA; Schema: public; Owner: postgres
--

COPY public.servicio_salud (id_servicio_salud, id_region, nombre_servicio_salud, orden, created_at, updated_at, deleted_at) FROM stdin;
1	15	Arica	1	2017-10-31 11:06:00	2017-10-31 11:06:00	\N
2	1	Iquique	2	2017-10-31 11:06:00	2017-10-31 11:06:00	\N
3	2	Antofagasta	3	2017-10-31 11:06:00	2017-10-31 11:06:00	\N
4	3	Atacama	4	2017-10-31 11:06:00	2017-10-31 11:06:00	\N
5	4	Coquimbo	5	2017-10-31 11:06:00	2017-10-31 11:06:00	\N
6	5	Valparaíso San Antonio	6	2017-10-31 11:06:00	2017-10-31 11:06:00	\N
7	5	Viña del Mar Quillota	7	2017-10-31 11:06:00	2017-10-31 11:06:00	\N
8	5	Aconcagua	8	2017-10-31 11:06:00	2017-10-31 11:06:00	\N
9	13	Metropolitano Norte	9	2017-10-31 11:06:00	2017-10-31 11:06:00	\N
10	13	Metropolitano Occidente	10	2017-10-31 11:06:00	2017-10-31 11:06:00	\N
11	13	Metropolitano Central	11	2017-10-31 11:06:00	2017-10-31 11:06:00	\N
12	13	Metropolitano Oriente	12	2017-10-31 11:06:00	2017-10-31 11:06:00	\N
13	13	Metropolitano Sur	13	2017-10-31 11:06:00	2017-10-31 11:06:00	\N
14	13	Metropolitano Sur Oriente	14	2017-10-31 11:06:00	2017-10-31 11:06:00	\N
15	6	Del Libertador B. O´Higgins	15	2017-10-31 11:06:00	2017-10-31 11:06:00	\N
16	7	Del Maule	16	2017-10-31 11:06:00	2017-10-31 11:06:00	\N
17	8	Ñuble	17	2017-10-31 11:06:00	2017-10-31 11:06:00	\N
18	8	Concepción	18	2017-10-31 11:06:00	2017-10-31 11:06:00	\N
19	8	Talcahuano	20	2017-10-31 11:06:00	2017-10-31 11:06:00	\N
20	8	Biobío	21	2017-10-31 11:06:00	2017-10-31 11:06:00	\N
21	9	Araucanía Sur	23	2017-10-31 11:06:00	2017-10-31 11:06:00	\N
22	14	Valdivia	24	2017-10-31 11:06:00	2017-10-31 11:06:00	\N
23	10	Osorno	25	2017-10-31 11:06:00	2017-10-31 11:06:00	\N
24	10	Del Reloncaví	26	2017-10-31 11:06:00	2017-10-31 11:06:00	\N
25	11	Aisén	28	2017-10-31 11:06:00	2017-10-31 11:06:00	\N
26	12	Magallanes	29	2017-10-31 11:06:00	2017-10-31 11:06:00	\N
28	8	Arauco	19	2017-10-31 11:06:00	2017-10-31 11:06:00	\N
29	9	Araucanía Norte	22	2017-10-31 11:06:00	2017-10-31 11:06:00	\N
33	10	Chiloé	27	2017-10-31 11:06:00	2017-10-31 11:06:00	\N
\.


--
-- TOC entry 3326 (class 0 OID 588000)
-- Dependencies: 254
-- Data for Name: servicios; Type: TABLE DATA; Schema: public; Owner: postgres
--

COPY public.servicios (id_servicio, id_actividad, id_usuario, nom_servicio, det_servicio, id_usuario_registra, id_usuario_modifica, created_at, updated_at, deleted_at) FROM stdin;
2	4	4	Wordpress	Servicio que se encarga de mantener y administrar los sitios hechos en wordpress	1	4	2018-02-27 19:04:06	2018-03-05 20:56:33	\N
1	4	4	Sitios Web	Servicio que realiza el equipo de soporte	1	4	2018-02-27 18:58:58	2018-03-06 06:39:45	\N
5	7	4	eqweqwe	wqe	4	4	2018-03-06 06:39:50	2018-03-06 06:39:53	2018-03-06 06:39:53
3	4	4	Sitios en Yii	Desarrollos que se han realizado en Yii Framework.	1	4	2018-02-27 19:04:06	2018-03-06 06:41:35	\N
6	10	4	sdaf	fsadf	4	4	2018-03-06 06:41:42	2018-03-06 06:41:45	2018-03-06 06:41:45
7	1	4	Sigte	Sistema de gestion de tiempos de espera	4	4	2018-03-07 13:52:04	2018-03-12 04:43:53	\N
4	4	4	Web Minsal	Desarrollos relacionados al servicio web minsal	1	4	2018-02-27 19:35:43	2018-03-12 04:50:25	\N
\.


--
-- TOC entry 3311 (class 0 OID 587907)
-- Dependencies: 239
-- Data for Name: servicios_estados; Type: TABLE DATA; Schema: public; Owner: postgres
--

COPY public.servicios_estados (id_servicio_estado, id_servicio, id_estado, id_usuario_registra, id_usuario_modifica, created_at, updated_at, deleted_at) FROM stdin;
\.


--
-- TOC entry 3331 (class 0 OID 588029)
-- Dependencies: 259
-- Data for Name: servicios_permisos; Type: TABLE DATA; Schema: public; Owner: postgres
--

COPY public.servicios_permisos (id_servicio_permiso, id_servicio, id_permiso, id_usuario_registra, id_usuario_modifica, created_at, updated_at, deleted_at) FROM stdin;
\.


--
-- TOC entry 3329 (class 0 OID 588018)
-- Dependencies: 257
-- Data for Name: servicios_tags; Type: TABLE DATA; Schema: public; Owner: postgres
--

COPY public.servicios_tags (id_servicio_tag, id_servicio, id_tag, id_usuario_registra, id_usuario_modifica, created_at, updated_at, deleted_at) FROM stdin;
\.


--
-- TOC entry 3316 (class 0 OID 587936)
-- Dependencies: 244
-- Data for Name: servidores; Type: TABLE DATA; Schema: public; Owner: postgres
--

COPY public.servidores (id_servidor, id_datacentro, id_sistema_operativo, nom_servidor, ip_servidor, id_usuario_registra, id_usuario_modifica, created_at, updated_at, deleted_at, det_servidor, ram, memoria_dd, swap, procesador, frec_procesador, nucleos, usuarios_pactados, mac, nodo, interface, id_ambiente, modelo_procesador) FROM stdin;
6	1	1	313123	1.1.1.1	4	4	2018-03-20 18:37:38	2018-03-20 18:37:59	2018-03-20 18:37:59	eqwqwe	1000	1000	1000	intel	1000	8	0	ab:ab:ab:ab:ab:ab	0	0	\N	\N
5	1	1	313123	1.1.1.1	4	4	2018-03-20 18:34:15	2018-03-20 18:38:05	2018-03-20 18:38:05	eqwqwe	1000	1000	1000	intel	1000	8	0	ab:ab:ab:ab:ab:ab	0	0	\N	\N
8	1	3	test	2.2.2.2	4	4	2018-03-20 20:29:00	2018-03-20 20:35:30	2018-03-20 20:35:30	test	22	22	22	amd	22	22	0	ab:ab:ab:ab:ab:ab	0	0	\N	\N
7	2	4	teset	1.1.1.1	4	4	2018-03-20 20:27:26	2018-03-20 20:35:44	2018-03-20 20:35:44	test	1	1	1	intel	1	1	0	ab:ab:ab:ab:ab:ab	0	0	\N	\N
3	1	6	DEL	8.8.8.8	4	4	2018-03-05 21:28:32	2018-03-20 20:35:51	2018-03-20 20:35:51	DEL	1	1	1	intel	1	1	\N	ab:ab:ab:ab:ab:ab	\N	\N	\N	\N
9	1	6	MNSOAPSIGTE	1.1.1.1	4	4	2018-03-22 12:56:14	2018-03-22 12:56:46	2018-03-22 12:56:46	Servidor sigte	1024	30000	8000	amd	2400	2	1	ab:13:1b:f5:2d:4a	\N	\N	1	\N
2	1	6	IP	8.8.8.8	4	4	2018-03-05 21:28:03	2018-03-22 14:15:48	2018-03-22 14:15:48	IP	4234	2342	34	amd	234	234	342	1b:23:2a:e3:11:ab	\N	\N	1	\N
4	1	6	MNSOAPSIGTE	1.1.1.1	4	4	2018-03-07 13:57:52	2018-03-22 14:15:53	2018-03-22 14:15:53	Servidor sigte	2048	30000	8000	amd	2400	2	1	ab:13:1b:f5:2d:4a	\N	\N	1	\N
1	2	4	APP01QAMINSAL	8.8.8.8	4	4	2018-03-05 21:26:30	2018-03-22 14:16:00	2018-03-22 14:16:00	Servidor de webminsal	1024	30000	8000	intel	2400	2	3	\N	\N	\N	3	fsfafsffds
\.


--
-- TOC entry 3315 (class 0 OID 587929)
-- Dependencies: 243
-- Data for Name: servidores_accesos; Type: TABLE DATA; Schema: public; Owner: postgres
--

COPY public.servidores_accesos (id_servidor_acceso, id_aplicacion, id_servidor, usuario, clave, tipo_acceso, puerto, id_usuario_registra, id_usuario_modifica, created_at, updated_at, deleted_at) FROM stdin;
1	\N	4	uvec	Minsal2018	usuario sistema	null	4	4	2018-03-14 19:20:46	2018-03-14 19:24:33	2018-03-14 19:24:33
2	\N	4	uvec	$2y$10$5YqwhZJiyWmrlJpR2se5ze6aX4ABkkBXx4i/fpELwtWuo.P3HLRq6	sistema	null	4	4	2018-03-14 19:25:20	2018-03-14 20:11:24	2018-03-14 20:11:24
3	\N	4	uvec	Minsal2018	usuario de sistema	null	4	4	2018-03-14 20:13:03	2018-03-14 20:13:03	\N
4	\N	2	dfasff	asdfdsafsdf	login	0	4	4	2018-03-20 20:54:53	2018-03-20 20:55:09	2018-03-20 20:55:09
5	\N	4	sadf	sadf	sadf	12	4	4	2018-03-21 18:47:18	2018-03-21 18:47:25	2018-03-21 18:47:25
\.


--
-- TOC entry 3349 (class 0 OID 596496)
-- Dependencies: 277
-- Data for Name: servidores_estados; Type: TABLE DATA; Schema: public; Owner: postgres
--

COPY public.servidores_estados (id_servidor_estado, id_servidor, id_estado, id_usuario_registra, id_usuario_modifica, created_at, updated_at, deleted_at) FROM stdin;
1	2	2	4	4	2018-03-19 18:47:36	2018-03-19 18:47:36	\N
4	6	2	4	4	2018-03-20 18:37:38	2018-03-20 18:37:38	\N
5	4	2	4	4	2018-03-20 20:23:56	2018-03-20 20:23:56	\N
6	7	2	4	4	2018-03-20 20:27:26	2018-03-20 20:27:26	\N
7	8	2	4	4	2018-03-20 20:29:00	2018-03-20 20:29:00	\N
8	3	2	4	4	2018-03-20 20:35:13	2018-03-20 20:35:13	\N
3	4	2	4	4	2018-03-19 20:10:09	2018-03-22 13:42:27	\N
2	1	2	4	4	2018-03-19 20:10:03	2018-03-22 14:06:22	\N
\.


--
-- TOC entry 3353 (class 0 OID 596515)
-- Dependencies: 281
-- Data for Name: servidores_historico_cambios; Type: TABLE DATA; Schema: public; Owner: postgres
--

COPY public.servidores_historico_cambios (id_servidor_historico, id_servidor, id_datacentro, id_sistema_operativo, nom_servidor, ip_servidor, id_usuario_registra, id_usuario_modifica, created_at, updated_at, deleted_at, det_servidor, ram, memoria_dd, swap, procesador, frec_procesador, nucleos, usuarios_pactados, mac, nodo, interface, id_ambiente, modelo_procesador) FROM stdin;
\.


--
-- TOC entry 3320 (class 0 OID 587964)
-- Dependencies: 248
-- Data for Name: sistemas_operativos; Type: TABLE DATA; Schema: public; Owner: postgres
--

COPY public.sistemas_operativos (id_sistema_operativo, arquitectura, nom_sistema_operativo, det_sistema_operativo, vers_sistema_operativo, lic_sistema_operativo, det_licencia_sistema_operativo, id_usuario_registra, id_usuario_modifica, created_at, updated_at, deleted_at, id_idioma) FROM stdin;
5	x64	dfasfd	sfafasd	fsf	no	sdaf	4	4	2018-03-06 06:46:36	2018-03-06 06:46:40	2018-03-06 06:46:40	\N
10	x32	wqrq	rqwrq	qwrqwr	no	qwrqw	4	4	2018-03-20 20:11:08	2018-03-20 20:11:13	2018-03-20 20:11:13	\N
9	x64	tst	ste	set	no	set	4	4	2018-03-20 20:10:55	2018-03-20 20:11:19	2018-03-20 20:11:19	\N
8	x64	test	test	0	0	0	4	4	2018-03-20 20:09:54	2018-03-20 20:11:33	2018-03-20 20:11:33	\N
7	x64	test	test	0	0	0	4	4	2018-03-20 20:08:30	2018-03-20 20:11:39	2018-03-20 20:11:39	\N
2	x64	nan	nan	nan	no	nan	4	4	2018-03-06 04:21:30	2018-03-20 20:11:44	2018-03-20 20:11:44	\N
4	x86	Linux	Centos	7.4	no	GNU	4	4	2018-03-06 04:33:08	2018-03-22 18:34:12	2018-03-22 18:34:12	\N
1	x64	nombre	nombre	null	no	no tiene licencia	4	4	2018-03-06 03:51:20	2018-03-22 18:34:17	2018-03-22 18:34:17	\N
3	x86	Windows	Windows 10 Profesional	10	si	null	4	4	2018-03-06 04:30:40	2018-03-22 18:34:21	2018-03-22 18:34:21	\N
6	x86	Centos	Centos linux	7.4	si	saddsdas asdas asdasd as as	4	4	2018-03-09 04:34:23	2018-03-22 18:34:26	2018-03-22 18:34:26	\N
11	x64	dfs	sdf	0	0	0	4	4	2018-03-21 19:05:28	2018-03-22 18:34:30	2018-03-22 18:34:30	\N
12	x32	fasdf	asdf	0	0	0	4	4	2018-03-21 19:06:02	2018-03-22 18:34:35	2018-03-22 18:34:35	\N
13	x64	Centos	Centos	6.4	si	Opensource	4	4	2018-03-22 19:13:41	2018-03-22 19:13:41	\N	2
14	x64	Centos	Centos	6.5	si	Opensource	4	4	2018-03-22 19:14:03	2018-03-22 19:14:03	\N	2
15	x64	Centos	Centos	6.6	si	Opensource	4	4	2018-03-22 19:14:21	2018-03-22 19:14:21	\N	2
17	x64	Centos	Centos	6.8	si	Opensource	4	4	2018-03-22 19:14:58	2018-03-22 19:14:58	\N	2
18	x64	Centos	Centos	6.9	si	Opensource	4	4	2018-03-22 19:15:18	2018-03-22 19:15:18	\N	2
19	x64	Centos	Centos	7.0	si	Opensource	4	4	2018-03-22 19:15:33	2018-03-22 19:15:33	\N	2
20	x64	Centos	Centos	7.1	si	Opensource	4	4	2018-03-22 19:15:52	2018-03-22 19:15:52	\N	2
21	x64	Centos	Centos	7.2	si	Opensource	4	4	2018-03-22 19:16:06	2018-03-22 19:16:06	\N	2
22	x64	Centos	Centos	7.3	si	Opensource	4	4	2018-03-22 19:16:22	2018-03-22 19:16:22	\N	2
23	x64	Centos	Centos	7.4	si	Opesource	4	4	2018-03-22 19:16:39	2018-03-22 19:16:39	\N	2
16	x64	Centos	Centos	6.7	si	Opensource	4	4	2018-03-22 19:14:34	2018-03-22 19:14:34	\N	2
24	x64	RHEL	RHEL	6.4	si	0	4	4	2018-03-22 19:18:31	2018-03-22 19:18:31	\N	2
25	x64	RHEL	RHEL	6.5	si	0	4	4	2018-03-22 19:18:43	2018-03-22 19:18:43	\N	2
26	x64	RHEL	RHEL	6.6	si	0	4	4	2018-03-22 19:18:58	2018-03-22 19:18:58	\N	2
27	x64	RHEL	RHEL	6.7	si	0	4	4	2018-03-22 19:19:09	2018-03-22 19:19:09	\N	2
28	x64	RHEL	RHEL	6.8	si	0	4	4	2018-03-22 19:19:23	2018-03-22 19:19:23	\N	2
29	x64	RHEL	RHEL	6.9	si	0	4	4	2018-03-22 19:19:38	2018-03-22 19:19:38	\N	2
30	x64	RHEL	RHEL	7.0	si	0	4	4	2018-03-22 19:19:48	2018-03-22 19:19:48	\N	2
31	x64	RHEL	RHEL	7.1	si	0	4	4	2018-03-22 19:20:06	2018-03-22 19:20:06	\N	2
32	x64	RHEL	RHEL	7.2	si	0	4	4	2018-03-22 19:20:15	2018-03-22 19:20:15	\N	2
33	x64	RHEL	RHEL	7.3	si	0	4	4	2018-03-22 19:20:29	2018-03-22 19:20:29	\N	2
34	x64	RHEL	RHEL	7.4	si	0	4	4	2018-03-22 19:20:39	2018-03-22 19:20:39	\N	2
\.


--
-- TOC entry 3330 (class 0 OID 588022)
-- Dependencies: 258
-- Data for Name: tags; Type: TABLE DATA; Schema: public; Owner: postgres
--

COPY public.tags (id_tag, nom_tag, det_tag, meta_tag, id_usuario_registra, id_usuario_modifica, created_at, updated_at, deleted_at) FROM stdin;
1	Tag 1	Tag 1	tagsdf ata at	4	4	2018-03-06 13:16:09	2018-03-06 13:16:09	\N
2	Tag 2	Tag 2	tagfkdb32	4	4	2018-03-06 17:54:02	2018-03-06 17:54:02	\N
3	tag 3	tag 3	tag 3	4	4	2018-03-20 19:57:44	2018-03-20 19:57:52	2018-03-20 19:57:52
\.


--
-- TOC entry 3324 (class 0 OID 587989)
-- Dependencies: 252
-- Data for Name: tecnologia_desarrollo; Type: TABLE DATA; Schema: public; Owner: postgres
--

COPY public.tecnologia_desarrollo (id_tecnologia_desarrollo, id_tipo_tecnologia, nom_tecnologia, det_tecnologia, vers_tecnologia, id_usuario_registra, id_usuario_modifica, created_at, updated_at, deleted_at) FROM stdin;
\.


--
-- TOC entry 3321 (class 0 OID 587971)
-- Dependencies: 249
-- Data for Name: tipos_aplicaciones; Type: TABLE DATA; Schema: public; Owner: postgres
--

COPY public.tipos_aplicaciones (id_tipo_aplicacion, nom_tipo_aplicacion, det_tipo_aplicacion, cod_tipo_aplicacion, id_usuario_registra, id_usuario_modifica, created_at, updated_at, deleted_at) FROM stdin;
2	ds	ad	sa	4	4	2018-02-28 13:26:03	2018-02-28 13:26:05	2018-02-28 13:26:05
27	ARS	ARS	ars	4	4	2018-03-22 05:50:39	2018-03-22 06:02:49	2018-03-22 06:02:49
10	qewe	wqew	e	4	4	2018-03-06 06:40:12	2018-03-06 06:40:15	2018-03-06 06:40:15
14	asfasdfsad	asdf	fasdf	4	4	2018-03-19 21:19:51	2018-03-19 21:19:59	2018-03-19 21:19:59
13	asf	sdaf	dsfa	4	4	2018-03-19 21:11:26	2018-03-19 21:20:17	2018-03-19 21:20:17
15	null	null	null	4	4	2018-03-19 21:31:16	2018-03-19 21:31:25	2018-03-19 21:31:25
16	null	null	null	4	4	2018-03-19 21:33:03	2018-03-19 21:33:10	2018-03-19 21:33:10
21	null	null	null	4	4	2018-03-19 21:41:22	2018-03-19 21:41:30	2018-03-19 21:41:30
20	asdf	asdf	asdf	4	4	2018-03-19 21:40:13	2018-03-19 21:41:36	2018-03-19 21:41:36
19	null	null	null	4	4	2018-03-19 21:40:05	2018-03-19 21:41:41	2018-03-19 21:41:41
18	null	null	null	4	4	2018-03-19 21:35:43	2018-03-19 21:41:46	2018-03-19 21:41:46
17	null	null	null	4	4	2018-03-19 21:34:39	2018-03-19 21:41:52	2018-03-19 21:41:52
23	rewr	rw	erwwewe	4	4	2018-03-19 22:05:01	2018-03-19 22:07:36	2018-03-19 22:07:36
22	qwe	qwe	qwe	4	4	2018-03-19 22:04:25	2018-03-19 22:07:42	2018-03-19 22:07:42
24	asdf	asdf	asdf	4	4	2018-03-19 22:07:47	2018-03-19 22:07:52	2018-03-19 22:07:52
30	OPERACIONES	OPERACIONES	operaciones	4	4	2018-03-22 05:52:46	2018-03-22 06:02:59	2018-03-22 06:02:59
29	INTERNOS	INTERNOS	internos	4	4	2018-03-22 05:51:28	2018-03-22 06:03:04	2018-03-22 06:03:04
26	GATEWAY HEALTHCARE	GATEWAY HEALTHCARE	gatewayhealthcare	4	4	2018-03-22 05:50:22	2018-03-22 06:03:08	2018-03-22 06:03:08
31	OTROS	OTROS	otros	4	4	2018-03-22 05:53:56	2018-03-22 06:03:13	2018-03-22 06:03:13
25	test	test	test	4	4	2018-03-20 19:48:28	2018-03-20 19:48:38	2018-03-20 19:48:38
32	SERVIDOR TERMINOLOGICO	SERVIDOR TERMINOLOGICO	servidorterminologico	4	4	2018-03-22 05:54:33	2018-03-22 06:03:17	2018-03-22 06:03:17
3	Aplicacion punto Net	Aplicacion .Net	null	4	4	2018-02-28 14:04:39	2018-03-22 05:51:42	2018-03-22 05:51:42
5	Joomla	Joomla	null	4	4	2018-02-28 14:05:07	2018-03-22 05:51:47	2018-03-22 05:51:47
6	Aplicacion Php	Aplicacion php	null	4	4	2018-02-28 14:05:19	2018-03-22 05:51:53	2018-03-22 05:51:53
7	Php Yii Framework	Php Yii Framework	null	4	4	2018-02-28 14:05:40	2018-03-22 05:51:57	2018-03-22 05:51:57
9	Fremework	Codeigniter	CI	4	4	2018-03-06 05:05:19	2018-03-22 05:52:03	2018-03-22 05:52:03
11	Base de datos	Aplicacion de base de datos	Jfds7634	4	4	2018-03-19 20:42:30	2018-03-22 05:52:10	2018-03-22 05:52:10
12	Business Intelligence	Aplicacion de business intelligence	BI93hr	4	4	2018-03-19 20:43:25	2018-03-22 05:52:15	2018-03-22 05:52:15
1	Aplicacion Nativa	Aplicacion Nativa con algun lenguaje en particular	038238fdds	4	4	2018-02-28 13:25:51	2018-03-22 05:52:20	2018-03-22 05:52:20
4	Wordpress	Wordpress	34gwj3	4	4	2018-02-28 14:05:01	2018-03-22 05:52:25	2018-03-22 05:52:25
8	Laravel Php Framework	Laravel Php Framework	asf434123	4	4	2018-02-28 14:05:49	2018-03-22 05:52:32	2018-03-22 05:52:32
33	SOLUCION HIS HOSPITAL MAIPU	SOLUCION HIS HOSPITAL MAIPU	solucionhis	4	4	2018-03-22 05:55:31	2018-03-22 06:03:22	2018-03-22 06:03:22
34	SIRH	SIRH	sirh	4	4	2018-03-22 05:55:58	2018-03-22 06:03:27	2018-03-22 06:03:27
28	BIG DATA	BIG DATA	bigdata	4	4	2018-03-22 05:50:59	2018-03-22 06:02:44	2018-03-22 06:02:44
35	SURVIH	SURVIH	survih	4	4	2018-03-22 05:56:07	2018-03-22 06:03:40	2018-03-22 06:03:40
36	SIAC	SIAC	siac	4	4	2018-03-22 05:56:18	2018-03-22 06:03:45	2018-03-22 06:03:45
37	SITE Intesis	SITE Intesis	siteintesis	4	4	2018-03-22 05:56:39	2018-03-22 06:03:50	2018-03-22 06:03:50
38	RIS	RIS	ris	4	4	2018-03-22 05:56:55	2018-03-22 06:03:56	2018-03-22 06:03:56
39	CHCC	CHCC	chcc	4	4	2018-03-22 05:57:04	2018-03-22 06:04:00	2018-03-22 06:04:00
40	PAID	PAID	paid	4	4	2018-03-22 05:57:19	2018-03-22 06:04:06	2018-03-22 06:04:06
41	CATALOGO DE IMAGENES	CATALOGO DE IMAGENES	catalogoimagenes	4	4	2018-03-22 05:57:36	2018-03-22 06:04:11	2018-03-22 06:04:11
42	Interrupcion voluntaria del Embarazo	Interrupcion voluntaria del Embarazo	interrupcionvoluntariaembarazo	4	4	2018-03-22 05:58:13	2018-03-22 06:04:25	2018-03-22 06:04:25
43	Aplicacion	Aplicacion	app	4	4	2018-03-22 13:08:12	2018-03-22 13:08:12	\N
44	DB	DB	db	4	4	2018-03-22 13:08:19	2018-03-22 13:08:19	\N
45	Procedimiento	Procedimiento	procedimiento	4	4	2018-03-22 13:08:29	2018-03-22 13:08:29	\N
46	Proceso	Proceso	proceso	4	4	2018-03-22 13:08:40	2018-03-22 13:08:40	\N
\.


--
-- TOC entry 3322 (class 0 OID 587978)
-- Dependencies: 250
-- Data for Name: tipos_tecnologias_desarrollo; Type: TABLE DATA; Schema: public; Owner: postgres
--

COPY public.tipos_tecnologias_desarrollo (id_tipo_tecnologia_desarrollo, nom_tipo, det_tipo, cod_tipo, id_usuario_registra, id_usuario_modifica, created_at, updated_at, deleted_at) FROM stdin;
\.


--
-- TOC entry 3344 (class 0 OID 588203)
-- Dependencies: 272
-- Data for Name: usuarios; Type: TABLE DATA; Schema: public; Owner: postgres
--

COPY public.usuarios (id_usuario, nom_usuario, nom_completo, ape_paterno, ape_materno, username, email, password, remember_token, id_usuario_registra, id_usuario_modifica, created_at, updated_at, deleted_at) FROM stdin;
3	qweqwe	null	null	null	qwe	esteban.ramos@minsawqel.cl	$2y$10$/wzbajETfyaumw8bTd8GHu3Ml50hxxbjb2HYduh4Cm5SDnpM5aYWW	\N	\N	\N	2018-02-27 19:30:51	2018-02-27 19:32:25	2018-02-27 19:32:25
2	edsaf	null	null	null	aasdasd	esteban.ramos@minsaasdl.cl	$2y$10$EMV5tnLbwP5gAhTXjmVVu.rsn8bkQ9dIt9iay1e6Vj7AenetPnqsy	\N	\N	\N	2018-02-27 13:25:49	2018-02-27 19:32:28	2018-02-27 19:32:28
1	Esteban	\N	\N	\N	\N	esteban.ramos@minsal.cl	$2y$10$56R..xvCC1igB5V0842UI.f2B5V2p7lopByoVEjig0R2BSgRosuEu	Qya1IjuaQ6Wjz3Q4OwKsoYqFHSEFqwu6wFNh1hdyj7UdVI4oUqVOX5rKDiy6	\N	\N	2018-02-19 18:08:14	2018-02-27 23:36:15	2018-02-27 23:36:15
14	rwer	werwer	werwe	null	werwer	fafas@asf.cl	$2y$10$YPp6V3Do1xSgWspgA/OBVu0xVdd8daBixxJM7M0KJ0gt4l.JpA71W	\N	\N	\N	2018-03-13 20:11:49	2018-03-13 20:12:05	2018-03-13 20:12:05
13	fdsf	sdfsdf	dsfs	null	dsfsd	dsfdsf@sadfa.asd	$2y$10$EyVZgBiQjmmRcjx34s9Nx.ugwHd8lu3Nlp2fVAAgM2s.fqLIp78L6	\N	\N	\N	2018-03-13 20:09:46	2018-03-13 20:12:11	2018-03-13 20:12:11
5	asds	null	asd	asd	asd	estasddeban.ramos.f@gmail.com	$2y$10$efcUhxc91net4pQsHaEOuucB682MsKzYciRQyqtGahn7lZ4/fJp/S	\N	\N	\N	2018-03-06 06:10:38	2018-03-06 06:24:26	2018-03-06 06:24:26
16	erterter	terter	etetter	null	tert	erter@tret.tre	$2y$10$vawhluHPX9EYCxx7juk48un4suWF.xQSqXVEt7dCm8VuSSfSQIKWa	\N	\N	\N	2018-03-13 20:46:16	2018-03-13 21:00:41	2018-03-13 21:00:41
15	tetet	etetete	etet	null	tetet	ette@etet.tet	$2y$10$9NkrZW5uQ9peoq0Nvu9/S.RbAkecXktlmEXC6YLy/ate.eZPBOQ9G	\N	\N	\N	2018-03-13 20:33:24	2018-03-13 21:00:46	2018-03-13 21:00:46
23	retyrty	retyrtyretyrety	rtyrty	rtyy	rtyrteyr	tyrtyr@ytery.cl	$2y$10$pHMqxMAEEJOLpQhNfwVkO.T0vZ7jYllgdrbjqxyLP67nXKlXqX/k6	\N	\N	\N	2018-03-13 20:56:27	2018-03-13 21:00:52	2018-03-13 21:00:52
12	Hugo	Hugo Pino	Pino	null	hpino	hpino@minsal.cl	$2y$10$n2Y/Fu8eE/0s/9cv4iZcyOfjVorwgF4cIZ2FDkw4KcM.N2P2owTlq	\N	\N	\N	2018-03-13 20:01:32	2018-03-13 21:01:11	\N
8	Sergio	Sergio Roca Munoz	Roca	Munoz	sroca	sergio.roca@minsal.cl	$2y$10$bw/VJVt18b9dbHVDn223Hu2N0LAxD4cCrfVbyiBjPEycrdp.bLYDW	\N	\N	\N	2018-03-13 19:12:12	2018-03-13 21:04:27	\N
24	Gustavo	Gustavo Osorio	Osorio	null	gosorio	gustavo.osorio@minsal.cl	$2y$10$c6.9NKlZpBU9XqR.QaDoG.DdyntHqdG5WdJ3mjYxrCGFiFYJds0Ka	\N	\N	\N	2018-03-13 21:05:02	2018-03-13 21:05:02	\N
11	Karina	Karina Itter	Itter	null	null	kitter@minsal.cl	$2y$10$3BKq8s6eWsrCbp0AFMsMmOdCCAAPwEOsDRgPpPoZoAUlyVMWtmU/6	\N	\N	\N	2018-03-13 19:57:56	2018-03-13 21:06:16	\N
10	Jose	Jose Rivero	Rivero	null	jrivero	jose.rivero@minsal.cl	$2y$10$8UWeVpJyGgu.rvxOlUeZPOSg4lqh6UiYiJnrveNafa.4hWA25xi8a	\N	\N	\N	2018-03-13 19:53:23	2018-03-13 21:06:49	\N
9	Victoria	Victoria Garrido	Garrido	null	vgarrido	vgarrido@minsal.cl	$2y$10$lDmmhiTShF7DOsCtpTqN4OUOQuhiW19LVPzk3aPDJyvg5NYq6eyWW	\N	\N	\N	2018-03-13 19:13:40	2018-03-13 21:07:06	\N
25	Nuevo	Nuevo Usuario Prueba	Usuario	Prueba	nup	nup@nup.nup	$2y$10$kcj09pQUPi.Oxmm20t6kYuGR8GbtBQQdlry2PWeU/GgZ1Eydmy4nm	\N	\N	\N	2018-03-14 15:46:52	2018-03-14 16:02:08	2018-03-14 16:02:08
6	wererwe	rwerwer	werwer	werwer	werwerwe	ewrwe@ewre.dfssdf	$2y$10$SmkQ3TBcV0Tpio.sBrR10uTD5hjueAoq0gXKCTR/6WmMhSRiNPlhS	\N	\N	\N	2018-03-13 18:57:50	2018-03-13 19:13:49	2018-03-13 19:13:49
7	adsdad	sdasdsa	sdsadas	dasda	dasd	asdasd@sad.ad	$2y$10$ez0ZyUI7umQ6wyBiPSfRTOvaoEuGJnie1fbnAep0hRdrbaIKDgevC	\N	\N	\N	2018-03-13 19:01:00	2018-03-13 19:13:55	2018-03-13 19:13:55
26	eqwe	qweqwe	qwe	eqwewqe	qweqweq	weq@qwe.cl	$2y$10$7MbMwBObPp4pO5qm1QrJve/FOMFblwDGHXoEM3WPf9r4fCbFWlHrG	\N	\N	\N	2018-03-14 16:01:58	2018-03-14 16:02:14	2018-03-14 16:02:14
27	test	test	test	test	testest	test@teset.test	$2y$10$AGVefv00CMW.dn.IbMe1mettsnxJGNAUzgXTjPoVLuGdbNJ5XA3aG	\N	\N	\N	2018-03-20 19:17:31	2018-03-20 19:17:46	2018-03-20 19:17:46
4	Esteban	\N	Ramos	Fernandez	fsdsf	esteban.ramos.f@gmail.com	$2y$10$LqVvP2ZOOp42RP.ifSWY4O.m.LAPo0D0bhqcWpWY2msVWk0Y0evxe	EMQUQYVs3mHOLw0RU8q7h1MowlHIOAurj3xIxy1ikS3A3Sk3pIpaBVnXZd74	\N	\N	2018-02-27 23:36:43	2018-03-22 05:04:34	\N
28	test2	test2	test2	test2	test2	test@minsal.cl2	$2y$10$3R21jKze4ADH41u7YR4hAeZ4KOkgwgFhbFD4LHV92rOBKN4dI/tGC	\N	\N	\N	2018-03-20 19:31:56	2018-03-20 19:32:25	2018-03-20 19:32:25
\.


--
-- TOC entry 3310 (class 0 OID 587900)
-- Dependencies: 238
-- Data for Name: usuarios_bitacora_servicios; Type: TABLE DATA; Schema: public; Owner: postgres
--

COPY public.usuarios_bitacora_servicios (id_usuario_bitacora_servicio, id_usuario, id_servicio, id_actividad, asunto, det_bitacora, id_usuario_registra, id_usuario_modifica, created_at, updated_at, deleted_at) FROM stdin;
1	4	2	1	Cambio en tv minsal	Se realiza cambio menor en formulario de tv minsal.	4	4	2018-03-12 14:49:51	2018-03-12 16:09:17	\N
2	4	2	1	Nuevo cambio tv minsal	Cambio menor tv minsal	4	4	2018-03-12 14:55:59	2018-03-12 16:09:23	\N
3	4	1	4	test	test	4	4	2018-03-20 19:43:26	2018-03-20 19:43:38	2018-03-20 19:43:38
\.


--
-- TOC entry 3334 (class 0 OID 588044)
-- Dependencies: 262
-- Data for Name: usuarios_cargos; Type: TABLE DATA; Schema: public; Owner: postgres
--

COPY public.usuarios_cargos (id_usuario_cargo, id_usuario, id_cargo, id_usuario_registra, id_usuario_modifica, created_at, updated_at, deleted_at) FROM stdin;
4	4	1	4	4	2018-03-13 18:57:14	2018-03-13 18:57:14	\N
5	4	1	4	4	2018-03-13 18:57:50	2018-03-13 18:57:50	\N
6	6	3	4	4	2018-03-13 18:58:22	2018-03-13 18:58:22	\N
7	4	1	4	4	2018-03-13 19:01:00	2018-03-13 19:01:00	\N
8	7	3	4	4	2018-03-13 19:10:36	2018-03-13 19:10:36	\N
9	4	3	4	4	2018-03-13 19:12:12	2018-03-13 19:12:12	\N
10	4	1	4	4	2018-03-13 19:13:40	2018-03-13 19:13:40	\N
11	4	1	4	4	2018-03-13 19:53:23	2018-03-13 19:53:23	\N
12	4	1	4	4	2018-03-13 19:57:56	2018-03-13 19:57:56	\N
13	4	1	4	4	2018-03-13 20:01:32	2018-03-13 20:01:32	\N
14	4	1	4	4	2018-03-13 20:09:46	2018-03-13 20:09:46	\N
15	4	1	4	4	2018-03-13 20:11:49	2018-03-13 20:11:49	\N
16	4	4	4	4	2018-03-13 20:33:24	2018-03-13 20:33:24	\N
17	4	1	4	4	2018-03-13 20:46:16	2018-03-13 20:46:16	\N
18	23	4	4	4	2018-03-13 20:56:28	2018-03-13 20:56:48	\N
19	12	1	4	4	2018-03-13 21:01:11	2018-03-13 21:01:11	\N
20	8	3	4	4	2018-03-13 21:04:27	2018-03-13 21:04:27	\N
21	24	4	4	4	2018-03-13 21:05:02	2018-03-13 21:05:02	\N
22	11	1	4	4	2018-03-13 21:06:16	2018-03-13 21:06:16	\N
23	10	1	4	4	2018-03-13 21:06:49	2018-03-13 21:06:49	\N
24	9	1	4	4	2018-03-13 21:07:06	2018-03-13 21:07:06	\N
25	25	1	4	4	2018-03-14 15:46:52	2018-03-14 15:46:52	\N
26	26	3	4	4	2018-03-14 16:01:58	2018-03-14 16:01:58	\N
27	27	1	4	4	2018-03-20 19:17:31	2018-03-20 19:17:31	\N
28	28	4	4	4	2018-03-20 19:31:56	2018-03-20 19:31:56	\N
\.


--
-- TOC entry 3308 (class 0 OID 587889)
-- Dependencies: 236
-- Data for Name: usuarios_estados; Type: TABLE DATA; Schema: public; Owner: postgres
--

COPY public.usuarios_estados (id_usuario_estado, id_estado, id_usuario, id_usuario_registra, id_usuario_modifica, created_at, updated_at, deleted_at) FROM stdin;
4	2	4	4	4	2018-03-13 18:57:14	2018-03-13 18:57:14	\N
5	4	4	4	4	2018-03-13 18:57:50	2018-03-13 18:57:50	\N
6	2	6	4	4	2018-03-13 18:58:22	2018-03-13 18:58:22	\N
7	2	4	4	4	2018-03-13 19:01:00	2018-03-13 19:01:00	\N
8	2	7	4	4	2018-03-13 19:10:36	2018-03-13 19:10:36	\N
9	2	4	4	4	2018-03-13 19:12:12	2018-03-13 19:12:12	\N
10	2	4	4	4	2018-03-13 19:13:40	2018-03-13 19:13:40	\N
11	2	4	4	4	2018-03-13 19:53:23	2018-03-13 19:53:23	\N
12	2	4	4	4	2018-03-13 19:57:56	2018-03-13 19:57:56	\N
13	2	4	4	4	2018-03-13 20:01:32	2018-03-13 20:01:32	\N
14	2	4	4	4	2018-03-13 20:09:46	2018-03-13 20:09:46	\N
15	2	4	4	4	2018-03-13 20:11:48	2018-03-13 20:11:48	\N
16	3	4	4	4	2018-03-13 20:33:24	2018-03-13 20:33:24	\N
17	2	4	4	4	2018-03-13 20:46:16	2018-03-13 20:46:16	\N
18	3	23	4	4	2018-03-13 20:56:28	2018-03-13 20:56:48	\N
19	2	12	4	4	2018-03-13 21:01:11	2018-03-13 21:01:11	\N
20	2	8	4	4	2018-03-13 21:04:27	2018-03-13 21:04:27	\N
21	2	24	4	4	2018-03-13 21:05:02	2018-03-13 21:05:02	\N
22	2	11	4	4	2018-03-13 21:06:16	2018-03-13 21:06:16	\N
23	2	10	4	4	2018-03-13 21:06:49	2018-03-13 21:06:49	\N
24	2	9	4	4	2018-03-13 21:07:06	2018-03-13 21:07:06	\N
25	2	25	4	4	2018-03-14 15:46:52	2018-03-14 15:46:52	\N
26	3	26	4	4	2018-03-14 16:01:58	2018-03-14 16:01:58	\N
27	2	27	4	4	2018-03-20 19:17:31	2018-03-20 19:17:31	\N
28	2	28	4	4	2018-03-20 19:31:56	2018-03-20 19:31:56	\N
\.


--
-- TOC entry 3307 (class 0 OID 587885)
-- Dependencies: 235
-- Data for Name: usuarios_roles; Type: TABLE DATA; Schema: public; Owner: postgres
--

COPY public.usuarios_roles (id_usuario_role, id_role, id_usuario, id_usuario_registra, id_usuario_modifica, created_at, updated_at, deleted_at) FROM stdin;
18	64	23	4	4	2018-03-13 20:56:27	2018-03-13 20:56:48	\N
19	62	12	4	4	2018-03-13 21:01:11	2018-03-13 21:01:11	\N
20	62	4	4	4	2018-03-13 21:03:43	2018-03-13 21:03:43	\N
21	62	8	4	4	2018-03-13 21:04:27	2018-03-13 21:04:27	\N
22	62	24	4	4	2018-03-13 21:05:02	2018-03-13 21:05:02	\N
23	62	11	4	4	2018-03-13 21:06:16	2018-03-13 21:06:16	\N
24	62	10	4	4	2018-03-13 21:06:49	2018-03-13 21:06:49	\N
25	62	9	4	4	2018-03-13 21:07:06	2018-03-13 21:07:06	\N
26	63	25	4	4	2018-03-14 15:46:52	2018-03-14 15:46:52	\N
27	64	26	4	4	2018-03-14 16:01:58	2018-03-14 16:01:58	\N
28	71	27	4	4	2018-03-20 19:17:31	2018-03-20 19:17:31	\N
29	71	28	4	4	2018-03-20 19:31:56	2018-03-20 19:31:56	\N
\.


--
-- TOC entry 3332 (class 0 OID 588033)
-- Dependencies: 260
-- Data for Name: usuarios_servicios; Type: TABLE DATA; Schema: public; Owner: postgres
--

COPY public.usuarios_servicios (id_usuario_servicio, id_usuario, id_servicio, id_usuario_registra, id_usuario_modifica, created_at, updated_at, deleted_at) FROM stdin;
\.


--
-- TOC entry 3365 (class 0 OID 0)
-- Dependencies: 210
-- Name: accesos_aplicaciones_id_seq; Type: SEQUENCE SET; Schema: public; Owner: postgres
--

SELECT pg_catalog.setval('public.accesos_aplicaciones_id_seq', 2, true);


--
-- TOC entry 3366 (class 0 OID 0)
-- Dependencies: 211
-- Name: accesos_servidores_id_seq; Type: SEQUENCE SET; Schema: public; Owner: postgres
--

SELECT pg_catalog.setval('public.accesos_servidores_id_seq', 5, true);


--
-- TOC entry 3367 (class 0 OID 0)
-- Dependencies: 223
-- Name: actividades_id_seq; Type: SEQUENCE SET; Schema: public; Owner: postgres
--

SELECT pg_catalog.setval('public.actividades_id_seq', 12, true);


--
-- TOC entry 3368 (class 0 OID 0)
-- Dependencies: 224
-- Name: actividades_tags_id_seq; Type: SEQUENCE SET; Schema: public; Owner: postgres
--

SELECT pg_catalog.setval('public.actividades_tags_id_seq', 1, false);


--
-- TOC entry 3369 (class 0 OID 0)
-- Dependencies: 278
-- Name: ambientes_id_seq; Type: SEQUENCE SET; Schema: public; Owner: postgres
--

SELECT pg_catalog.setval('public.ambientes_id_seq', 4, true);


--
-- TOC entry 3370 (class 0 OID 0)
-- Dependencies: 208
-- Name: aplicaciones_estados_id_seq; Type: SEQUENCE SET; Schema: public; Owner: postgres
--

SELECT pg_catalog.setval('public.aplicaciones_estados_id_seq', 1, false);


--
-- TOC entry 3371 (class 0 OID 0)
-- Dependencies: 209
-- Name: aplicaciones_id_seq; Type: SEQUENCE SET; Schema: public; Owner: postgres
--

SELECT pg_catalog.setval('public.aplicaciones_id_seq', 7, true);


--
-- TOC entry 3372 (class 0 OID 0)
-- Dependencies: 221
-- Name: aplicaciones_tags_id_seq; Type: SEQUENCE SET; Schema: public; Owner: postgres
--

SELECT pg_catalog.setval('public.aplicaciones_tags_id_seq', 1, false);


--
-- TOC entry 3373 (class 0 OID 0)
-- Dependencies: 219
-- Name: aplicaciones_tecnologias_id_seq; Type: SEQUENCE SET; Schema: public; Owner: postgres
--

SELECT pg_catalog.setval('public.aplicaciones_tecnologias_id_seq', 1, false);


--
-- TOC entry 3374 (class 0 OID 0)
-- Dependencies: 231
-- Name: cargos_id_seq; Type: SEQUENCE SET; Schema: public; Owner: postgres
--

SELECT pg_catalog.setval('public.cargos_id_seq', 6, true);


--
-- TOC entry 3375 (class 0 OID 0)
-- Dependencies: 229
-- Name: catalogos_servicios_id_seq; Type: SEQUENCE SET; Schema: public; Owner: postgres
--

SELECT pg_catalog.setval('public.catalogos_servicios_id_seq', 1, false);


--
-- TOC entry 3376 (class 0 OID 0)
-- Dependencies: 264
-- Name: catalogos_servicios_tags_id_seq; Type: SEQUENCE SET; Schema: public; Owner: postgres
--

SELECT pg_catalog.setval('public.catalogos_servicios_tags_id_seq', 1, false);


--
-- TOC entry 3377 (class 0 OID 0)
-- Dependencies: 215
-- Name: datacentros_id_seq; Type: SEQUENCE SET; Schema: public; Owner: postgres
--

SELECT pg_catalog.setval('public.datacentros_id_seq', 6, true);


--
-- TOC entry 3378 (class 0 OID 0)
-- Dependencies: 213
-- Name: dominios_id_seq; Type: SEQUENCE SET; Schema: public; Owner: postgres
--

SELECT pg_catalog.setval('public.dominios_id_seq', 5, true);


--
-- TOC entry 3379 (class 0 OID 0)
-- Dependencies: 266
-- Name: entregas_credenciales_usuarios_id_seq; Type: SEQUENCE SET; Schema: public; Owner: postgres
--

SELECT pg_catalog.setval('public.entregas_credenciales_usuarios_id_seq', 1, false);


--
-- TOC entry 3380 (class 0 OID 0)
-- Dependencies: 205
-- Name: estados_id_seq; Type: SEQUENCE SET; Schema: public; Owner: postgres
--

SELECT pg_catalog.setval('public.estados_id_seq', 11, true);


--
-- TOC entry 3381 (class 0 OID 0)
-- Dependencies: 214
-- Name: fuentes_aplicaciones_id_seq; Type: SEQUENCE SET; Schema: public; Owner: postgres
--

SELECT pg_catalog.setval('public.fuentes_aplicaciones_id_seq', 1, false);


--
-- TOC entry 3382 (class 0 OID 0)
-- Dependencies: 282
-- Name: idiomas_id_seq; Type: SEQUENCE SET; Schema: public; Owner: postgres
--

SELECT pg_catalog.setval('public.idiomas_id_seq', 5, true);


--
-- TOC entry 3383 (class 0 OID 0)
-- Dependencies: 269
-- Name: log_navegacion_id_seq; Type: SEQUENCE SET; Schema: public; Owner: postgres
--

SELECT pg_catalog.setval('public.log_navegacion_id_seq', 1, false);


--
-- TOC entry 3384 (class 0 OID 0)
-- Dependencies: 273
-- Name: migrations_id_seq; Type: SEQUENCE SET; Schema: public; Owner: postgres
--

SELECT pg_catalog.setval('public.migrations_id_seq', 2, true);


--
-- TOC entry 3385 (class 0 OID 0)
-- Dependencies: 202
-- Name: permisos_id_seq; Type: SEQUENCE SET; Schema: public; Owner: postgres
--

SELECT pg_catalog.setval('public.permisos_id_seq', 22, true);


--
-- TOC entry 3386 (class 0 OID 0)
-- Dependencies: 200
-- Name: roles_id_seq; Type: SEQUENCE SET; Schema: public; Owner: postgres
--

SELECT pg_catalog.setval('public.roles_id_seq', 72, true);


--
-- TOC entry 3387 (class 0 OID 0)
-- Dependencies: 201
-- Name: roles_permisos_id_seq; Type: SEQUENCE SET; Schema: public; Owner: postgres
--

SELECT pg_catalog.setval('public.roles_permisos_id_seq', 70, true);


--
-- TOC entry 3388 (class 0 OID 0)
-- Dependencies: 207
-- Name: servicios_estados_id_seq; Type: SEQUENCE SET; Schema: public; Owner: postgres
--

SELECT pg_catalog.setval('public.servicios_estados_id_seq', 1, false);


--
-- TOC entry 3389 (class 0 OID 0)
-- Dependencies: 222
-- Name: servicios_id_seq; Type: SEQUENCE SET; Schema: public; Owner: postgres
--

SELECT pg_catalog.setval('public.servicios_id_seq', 7, true);


--
-- TOC entry 3390 (class 0 OID 0)
-- Dependencies: 227
-- Name: servicios_permisos_id_seq; Type: SEQUENCE SET; Schema: public; Owner: postgres
--

SELECT pg_catalog.setval('public.servicios_permisos_id_seq', 1, false);


--
-- TOC entry 3391 (class 0 OID 0)
-- Dependencies: 225
-- Name: servicios_tags_id_seq; Type: SEQUENCE SET; Schema: public; Owner: postgres
--

SELECT pg_catalog.setval('public.servicios_tags_id_seq', 1, false);


--
-- TOC entry 3392 (class 0 OID 0)
-- Dependencies: 212
-- Name: servidor_aplicaciones_id_seq; Type: SEQUENCE SET; Schema: public; Owner: postgres
--

SELECT pg_catalog.setval('public.servidor_aplicaciones_id_seq', 9, true);


--
-- TOC entry 3393 (class 0 OID 0)
-- Dependencies: 276
-- Name: servidor_estado_id_seq; Type: SEQUENCE SET; Schema: public; Owner: postgres
--

SELECT pg_catalog.setval('public.servidor_estado_id_seq', 8, true);


--
-- TOC entry 3394 (class 0 OID 0)
-- Dependencies: 280
-- Name: servidor_historico_cambios_id_seq; Type: SEQUENCE SET; Schema: public; Owner: postgres
--

SELECT pg_catalog.setval('public.servidor_historico_cambios_id_seq', 9, true);


--
-- TOC entry 3395 (class 0 OID 0)
-- Dependencies: 216
-- Name: sistemas_operativos_id_seq; Type: SEQUENCE SET; Schema: public; Owner: postgres
--

SELECT pg_catalog.setval('public.sistemas_operativos_id_seq', 34, true);


--
-- TOC entry 3396 (class 0 OID 0)
-- Dependencies: 226
-- Name: tags_id_seq; Type: SEQUENCE SET; Schema: public; Owner: postgres
--

SELECT pg_catalog.setval('public.tags_id_seq', 3, true);


--
-- TOC entry 3397 (class 0 OID 0)
-- Dependencies: 220
-- Name: tecnologia_desarrollo_id_seq; Type: SEQUENCE SET; Schema: public; Owner: postgres
--

SELECT pg_catalog.setval('public.tecnologia_desarrollo_id_seq', 1, false);


--
-- TOC entry 3398 (class 0 OID 0)
-- Dependencies: 217
-- Name: tipos_aplicaciones_id_seq; Type: SEQUENCE SET; Schema: public; Owner: postgres
--

SELECT pg_catalog.setval('public.tipos_aplicaciones_id_seq', 46, true);


--
-- TOC entry 3399 (class 0 OID 0)
-- Dependencies: 218
-- Name: tipos_tecnologias_desarrollo_id_seq; Type: SEQUENCE SET; Schema: public; Owner: postgres
--

SELECT pg_catalog.setval('public.tipos_tecnologias_desarrollo_id_seq', 1, false);


--
-- TOC entry 3400 (class 0 OID 0)
-- Dependencies: 206
-- Name: usuarios_bitacora_servicios_id_seq; Type: SEQUENCE SET; Schema: public; Owner: postgres
--

SELECT pg_catalog.setval('public.usuarios_bitacora_servicios_id_seq', 3, true);


--
-- TOC entry 3401 (class 0 OID 0)
-- Dependencies: 230
-- Name: usuarios_cargos_id_seq; Type: SEQUENCE SET; Schema: public; Owner: postgres
--

SELECT pg_catalog.setval('public.usuarios_cargos_id_seq', 28, true);


--
-- TOC entry 3402 (class 0 OID 0)
-- Dependencies: 204
-- Name: usuarios_estados_id_seq; Type: SEQUENCE SET; Schema: public; Owner: postgres
--

SELECT pg_catalog.setval('public.usuarios_estados_id_seq', 28, true);


--
-- TOC entry 3403 (class 0 OID 0)
-- Dependencies: 271
-- Name: usuarios_id_seq; Type: SEQUENCE SET; Schema: public; Owner: postgres
--

SELECT pg_catalog.setval('public.usuarios_id_seq', 28, true);


--
-- TOC entry 3404 (class 0 OID 0)
-- Dependencies: 203
-- Name: usuarios_roles_id_seq; Type: SEQUENCE SET; Schema: public; Owner: postgres
--

SELECT pg_catalog.setval('public.usuarios_roles_id_seq', 29, true);


--
-- TOC entry 3405 (class 0 OID 0)
-- Dependencies: 228
-- Name: usuarios_servicios_id_seq; Type: SEQUENCE SET; Schema: public; Owner: postgres
--

SELECT pg_catalog.setval('public.usuarios_servicios_id_seq', 1, false);


--
-- TOC entry 3085 (class 2606 OID 596493)
-- Name: aplicaciones_accesos accesos_aplicaciones_pkey; Type: CONSTRAINT; Schema: public; Owner: postgres
--

ALTER TABLE ONLY public.aplicaciones_accesos
    ADD CONSTRAINT accesos_aplicaciones_pkey PRIMARY KEY (id_aplicacion_acceso);


--
-- TOC entry 3087 (class 2606 OID 588191)
-- Name: servidores_accesos accesos_servidores_pkey; Type: CONSTRAINT; Schema: public; Owner: postgres
--

ALTER TABLE ONLY public.servidores_accesos
    ADD CONSTRAINT accesos_servidores_pkey PRIMARY KEY (id_servidor_acceso);


--
-- TOC entry 3111 (class 2606 OID 588064)
-- Name: actividades actividades_pkey; Type: CONSTRAINT; Schema: public; Owner: postgres
--

ALTER TABLE ONLY public.actividades
    ADD CONSTRAINT actividades_pkey PRIMARY KEY (id_actividad);


--
-- TOC entry 3113 (class 2606 OID 588067)
-- Name: actividades_tags actividades_tags_pkey; Type: CONSTRAINT; Schema: public; Owner: postgres
--

ALTER TABLE ONLY public.actividades_tags
    ADD CONSTRAINT actividades_tags_pkey PRIMARY KEY (id_actividad_tag);


--
-- TOC entry 3142 (class 2606 OID 596512)
-- Name: ambientes ambientes_pkey; Type: CONSTRAINT; Schema: public; Owner: postgres
--

ALTER TABLE ONLY public.ambientes
    ADD CONSTRAINT ambientes_pkey PRIMARY KEY (id_ambiente);


--
-- TOC entry 3081 (class 2606 OID 588073)
-- Name: aplicaciones_estados aplicaciones_estados_pkey; Type: CONSTRAINT; Schema: public; Owner: postgres
--

ALTER TABLE ONLY public.aplicaciones_estados
    ADD CONSTRAINT aplicaciones_estados_pkey PRIMARY KEY (id_aplicacion_estado);


--
-- TOC entry 3083 (class 2606 OID 588070)
-- Name: aplicaciones aplicaciones_pkey; Type: CONSTRAINT; Schema: public; Owner: postgres
--

ALTER TABLE ONLY public.aplicaciones
    ADD CONSTRAINT aplicaciones_pkey PRIMARY KEY (id_aplicacion);


--
-- TOC entry 3107 (class 2606 OID 588076)
-- Name: aplicaciones_tags aplicaciones_tags_pkey; Type: CONSTRAINT; Schema: public; Owner: postgres
--

ALTER TABLE ONLY public.aplicaciones_tags
    ADD CONSTRAINT aplicaciones_tags_pkey PRIMARY KEY (id_aplicacion_tag);


--
-- TOC entry 3103 (class 2606 OID 588079)
-- Name: aplicaciones_tecnologias aplicaciones_tecnologias_pkey; Type: CONSTRAINT; Schema: public; Owner: postgres
--

ALTER TABLE ONLY public.aplicaciones_tecnologias
    ADD CONSTRAINT aplicaciones_tecnologias_pkey PRIMARY KEY (id_aplicacion_tecnologia);


--
-- TOC entry 3127 (class 2606 OID 588082)
-- Name: cargos cargos_pkey; Type: CONSTRAINT; Schema: public; Owner: postgres
--

ALTER TABLE ONLY public.cargos
    ADD CONSTRAINT cargos_pkey PRIMARY KEY (id_cargo);


--
-- TOC entry 3123 (class 2606 OID 588085)
-- Name: catalogos_servicios catalogos_servicios_pkey; Type: CONSTRAINT; Schema: public; Owner: postgres
--

ALTER TABLE ONLY public.catalogos_servicios
    ADD CONSTRAINT catalogos_servicios_pkey PRIMARY KEY (id_catalogo_servicio);


--
-- TOC entry 3129 (class 2606 OID 588218)
-- Name: catalogos_servicios_tags catalogos_servicios_tags_pkey; Type: CONSTRAINT; Schema: public; Owner: postgres
--

ALTER TABLE ONLY public.catalogos_servicios_tags
    ADD CONSTRAINT catalogos_servicios_tags_pkey PRIMARY KEY (id_catalogo_servicio_tag);


--
-- TOC entry 3095 (class 2606 OID 588088)
-- Name: datacentros datacentros_pkey; Type: CONSTRAINT; Schema: public; Owner: postgres
--

ALTER TABLE ONLY public.datacentros
    ADD CONSTRAINT datacentros_pkey PRIMARY KEY (id_datacentro);


--
-- TOC entry 3091 (class 2606 OID 588091)
-- Name: dominios dominios_pkey; Type: CONSTRAINT; Schema: public; Owner: postgres
--

ALTER TABLE ONLY public.dominios
    ADD CONSTRAINT dominios_pkey PRIMARY KEY (id_dominio);


--
-- TOC entry 3131 (class 2606 OID 588182)
-- Name: entregas_credenciales_usuarios entregas_credenciales_usuarios_pkey; Type: CONSTRAINT; Schema: public; Owner: postgres
--

ALTER TABLE ONLY public.entregas_credenciales_usuarios
    ADD CONSTRAINT entregas_credenciales_usuarios_pkey PRIMARY KEY (id_entrega_credencial_usuario);


--
-- TOC entry 3075 (class 2606 OID 588094)
-- Name: estados estados_pkey; Type: CONSTRAINT; Schema: public; Owner: postgres
--

ALTER TABLE ONLY public.estados
    ADD CONSTRAINT estados_pkey PRIMARY KEY (id_estado);


--
-- TOC entry 3140 (class 2606 OID 596501)
-- Name: servidores_estados estados_servidores_pkey; Type: CONSTRAINT; Schema: public; Owner: postgres
--

ALTER TABLE ONLY public.servidores_estados
    ADD CONSTRAINT estados_servidores_pkey PRIMARY KEY (id_servidor_estado);


--
-- TOC entry 3093 (class 2606 OID 588097)
-- Name: fuentes_aplicaciones fuentes_aplicaciones_pkey; Type: CONSTRAINT; Schema: public; Owner: postgres
--

ALTER TABLE ONLY public.fuentes_aplicaciones
    ADD CONSTRAINT fuentes_aplicaciones_pkey PRIMARY KEY (id_fuente_aplicacion);


--
-- TOC entry 3146 (class 2606 OID 596538)
-- Name: idiomas idiomas_pkey; Type: CONSTRAINT; Schema: public; Owner: postgres
--

ALTER TABLE ONLY public.idiomas
    ADD CONSTRAINT idiomas_pkey PRIMARY KEY (id_idioma);


--
-- TOC entry 3133 (class 2606 OID 588214)
-- Name: log_navegacion log_navegacion_pkey; Type: CONSTRAINT; Schema: public; Owner: postgres
--

ALTER TABLE ONLY public.log_navegacion
    ADD CONSTRAINT log_navegacion_pkey PRIMARY KEY (id_log_navegacion);


--
-- TOC entry 3137 (class 2606 OID 588268)
-- Name: migrations migrations_pkey; Type: CONSTRAINT; Schema: public; Owner: postgres
--

ALTER TABLE ONLY public.migrations
    ADD CONSTRAINT migrations_pkey PRIMARY KEY (id);


--
-- TOC entry 3069 (class 2606 OID 588100)
-- Name: permisos permisos_pkey; Type: CONSTRAINT; Schema: public; Owner: postgres
--

ALTER TABLE ONLY public.permisos
    ADD CONSTRAINT permisos_pkey PRIMARY KEY (id_permiso);


--
-- TOC entry 3067 (class 2606 OID 588106)
-- Name: roles_permisos roles_permisos_pkey; Type: CONSTRAINT; Schema: public; Owner: postgres
--

ALTER TABLE ONLY public.roles_permisos
    ADD CONSTRAINT roles_permisos_pkey PRIMARY KEY (id_role_permiso);


--
-- TOC entry 3065 (class 2606 OID 588103)
-- Name: roles roles_pkey; Type: CONSTRAINT; Schema: public; Owner: postgres
--

ALTER TABLE ONLY public.roles
    ADD CONSTRAINT roles_pkey PRIMARY KEY (id_role);


--
-- TOC entry 3079 (class 2606 OID 588112)
-- Name: servicios_estados servicios_estados_pkey; Type: CONSTRAINT; Schema: public; Owner: postgres
--

ALTER TABLE ONLY public.servicios_estados
    ADD CONSTRAINT servicios_estados_pkey PRIMARY KEY (id_servicio_estado);


--
-- TOC entry 3119 (class 2606 OID 588115)
-- Name: servicios_permisos servicios_permisos_pkey; Type: CONSTRAINT; Schema: public; Owner: postgres
--

ALTER TABLE ONLY public.servicios_permisos
    ADD CONSTRAINT servicios_permisos_pkey PRIMARY KEY (id_servicio_permiso);


--
-- TOC entry 3109 (class 2606 OID 588109)
-- Name: servicios servicios_pkey; Type: CONSTRAINT; Schema: public; Owner: postgres
--

ALTER TABLE ONLY public.servicios
    ADD CONSTRAINT servicios_pkey PRIMARY KEY (id_servicio);


--
-- TOC entry 3115 (class 2606 OID 588159)
-- Name: servicios_tags servicios_tags_pkey; Type: CONSTRAINT; Schema: public; Owner: postgres
--

ALTER TABLE ONLY public.servicios_tags
    ADD CONSTRAINT servicios_tags_pkey PRIMARY KEY (id_servicio_tag);


--
-- TOC entry 3089 (class 2606 OID 588121)
-- Name: servidores servidor_aplicaciones_pkey; Type: CONSTRAINT; Schema: public; Owner: postgres
--

ALTER TABLE ONLY public.servidores
    ADD CONSTRAINT servidor_aplicaciones_pkey PRIMARY KEY (id_servidor);


--
-- TOC entry 3144 (class 2606 OID 596523)
-- Name: servidores_historico_cambios servidor_historico_cambios_pkey; Type: CONSTRAINT; Schema: public; Owner: postgres
--

ALTER TABLE ONLY public.servidores_historico_cambios
    ADD CONSTRAINT servidor_historico_cambios_pkey PRIMARY KEY (id_servidor_historico);


--
-- TOC entry 3097 (class 2606 OID 588124)
-- Name: sistemas_operativos sistemas_operativos_pkey; Type: CONSTRAINT; Schema: public; Owner: postgres
--

ALTER TABLE ONLY public.sistemas_operativos
    ADD CONSTRAINT sistemas_operativos_pkey PRIMARY KEY (id_sistema_operativo);


--
-- TOC entry 3117 (class 2606 OID 588127)
-- Name: tags tags_pkey; Type: CONSTRAINT; Schema: public; Owner: postgres
--

ALTER TABLE ONLY public.tags
    ADD CONSTRAINT tags_pkey PRIMARY KEY (id_tag);


--
-- TOC entry 3105 (class 2606 OID 588130)
-- Name: tecnologia_desarrollo tecnologia_desarrollo_pkey; Type: CONSTRAINT; Schema: public; Owner: postgres
--

ALTER TABLE ONLY public.tecnologia_desarrollo
    ADD CONSTRAINT tecnologia_desarrollo_pkey PRIMARY KEY (id_tecnologia_desarrollo);


--
-- TOC entry 3099 (class 2606 OID 588133)
-- Name: tipos_aplicaciones tipos_aplicaciones_pkey; Type: CONSTRAINT; Schema: public; Owner: postgres
--

ALTER TABLE ONLY public.tipos_aplicaciones
    ADD CONSTRAINT tipos_aplicaciones_pkey PRIMARY KEY (id_tipo_aplicacion);


--
-- TOC entry 3101 (class 2606 OID 588136)
-- Name: tipos_tecnologias_desarrollo tipos_tecnologias_desarrollo_pkey; Type: CONSTRAINT; Schema: public; Owner: postgres
--

ALTER TABLE ONLY public.tipos_tecnologias_desarrollo
    ADD CONSTRAINT tipos_tecnologias_desarrollo_pkey PRIMARY KEY (id_tipo_tecnologia_desarrollo);


--
-- TOC entry 3077 (class 2606 OID 588139)
-- Name: usuarios_bitacora_servicios usuarios_bitacora_servicios_pkey; Type: CONSTRAINT; Schema: public; Owner: postgres
--

ALTER TABLE ONLY public.usuarios_bitacora_servicios
    ADD CONSTRAINT usuarios_bitacora_servicios_pkey PRIMARY KEY (id_usuario_bitacora_servicio);


--
-- TOC entry 3125 (class 2606 OID 588142)
-- Name: usuarios_cargos usuarios_cargos_pkey; Type: CONSTRAINT; Schema: public; Owner: postgres
--

ALTER TABLE ONLY public.usuarios_cargos
    ADD CONSTRAINT usuarios_cargos_pkey PRIMARY KEY (id_usuario_cargo);


--
-- TOC entry 3073 (class 2606 OID 588145)
-- Name: usuarios_estados usuarios_estados_pkey; Type: CONSTRAINT; Schema: public; Owner: postgres
--

ALTER TABLE ONLY public.usuarios_estados
    ADD CONSTRAINT usuarios_estados_pkey PRIMARY KEY (id_usuario_estado);


--
-- TOC entry 3135 (class 2606 OID 588211)
-- Name: usuarios usuarios_pkey; Type: CONSTRAINT; Schema: public; Owner: postgres
--

ALTER TABLE ONLY public.usuarios
    ADD CONSTRAINT usuarios_pkey PRIMARY KEY (id_usuario);


--
-- TOC entry 3071 (class 2606 OID 588148)
-- Name: usuarios_roles usuarios_roles_pkey; Type: CONSTRAINT; Schema: public; Owner: postgres
--

ALTER TABLE ONLY public.usuarios_roles
    ADD CONSTRAINT usuarios_roles_pkey PRIMARY KEY (id_usuario_role);


--
-- TOC entry 3121 (class 2606 OID 588151)
-- Name: usuarios_servicios usuarios_servicios_pkey; Type: CONSTRAINT; Schema: public; Owner: postgres
--

ALTER TABLE ONLY public.usuarios_servicios
    ADD CONSTRAINT usuarios_servicios_pkey PRIMARY KEY (id_usuario_servicio);


--
-- TOC entry 3138 (class 1259 OID 588275)
-- Name: password_resets_email_index; Type: INDEX; Schema: public; Owner: postgres
--

CREATE INDEX password_resets_email_index ON public.password_resets USING btree (email);


-- Completed on 2018-03-22 16:20:50 -03

--
-- PostgreSQL database dump complete
--

