--
-- PostgreSQL database dump
--

-- Dumped from database version 10.2 (Ubuntu 10.2-1.pgdg16.04+1)
-- Dumped by pg_dump version 10.2 (Ubuntu 10.2-1.pgdg16.04+1)

SET statement_timeout = 0;
SET lock_timeout = 0;
SET idle_in_transaction_session_timeout = 0;
SET client_encoding = 'UTF8';
SET standard_conforming_strings = on;
SET check_function_bodies = false;
SET client_min_messages = warning;
SET row_security = off;

--
-- Name: plpgsql; Type: EXTENSION; Schema: -; Owner: 
--

CREATE EXTENSION IF NOT EXISTS plpgsql WITH SCHEMA pg_catalog;


--
-- Name: EXTENSION plpgsql; Type: COMMENT; Schema: -; Owner: 
--

COMMENT ON EXTENSION plpgsql IS 'PL/pgSQL procedural language';


SET search_path = public, pg_catalog;

--
-- Name: accesos_aplicaciones_id_seq; Type: SEQUENCE; Schema: public; Owner: postgres
--

CREATE SEQUENCE accesos_aplicaciones_id_seq
    START WITH 1
    INCREMENT BY 1
    NO MINVALUE
    NO MAXVALUE
    CACHE 1;


ALTER TABLE accesos_aplicaciones_id_seq OWNER TO postgres;

--
-- Name: accesos_servidores_id_seq; Type: SEQUENCE; Schema: public; Owner: postgres
--

CREATE SEQUENCE accesos_servidores_id_seq
    START WITH 1
    INCREMENT BY 1
    NO MINVALUE
    NO MAXVALUE
    CACHE 1;


ALTER TABLE accesos_servidores_id_seq OWNER TO postgres;

--
-- Name: actividades_id_seq; Type: SEQUENCE; Schema: public; Owner: postgres
--

CREATE SEQUENCE actividades_id_seq
    START WITH 1
    INCREMENT BY 1
    NO MINVALUE
    NO MAXVALUE
    CACHE 1;


ALTER TABLE actividades_id_seq OWNER TO postgres;

SET default_tablespace = '';

SET default_with_oids = false;

--
-- Name: actividades; Type: TABLE; Schema: public; Owner: postgres
--

CREATE TABLE actividades (
    id_actividad integer DEFAULT nextval('actividades_id_seq'::regclass) NOT NULL,
    nom_actividad text,
    det_actividad text,
    id_usuario_registra integer,
    id_usuario_modifica integer,
    created_at timestamp without time zone,
    updated_at timestamp without time zone
);


ALTER TABLE actividades OWNER TO postgres;

--
-- Name: actividades_tags_id_seq; Type: SEQUENCE; Schema: public; Owner: postgres
--

CREATE SEQUENCE actividades_tags_id_seq
    START WITH 1
    INCREMENT BY 1
    NO MINVALUE
    NO MAXVALUE
    CACHE 1;


ALTER TABLE actividades_tags_id_seq OWNER TO postgres;

--
-- Name: actividades_tags; Type: TABLE; Schema: public; Owner: postgres
--

CREATE TABLE actividades_tags (
    id_actividad_tag integer DEFAULT nextval('actividades_tags_id_seq'::regclass) NOT NULL,
    id_actividad integer,
    id_tag integer,
    id_usuario_registra integer,
    id_usuario_modifica integer,
    created_at timestamp without time zone,
    updated_at timestamp without time zone
);


ALTER TABLE actividades_tags OWNER TO postgres;

--
-- Name: aplicaciones_id_seq; Type: SEQUENCE; Schema: public; Owner: postgres
--

CREATE SEQUENCE aplicaciones_id_seq
    START WITH 1
    INCREMENT BY 1
    NO MINVALUE
    NO MAXVALUE
    CACHE 1;


ALTER TABLE aplicaciones_id_seq OWNER TO postgres;

--
-- Name: aplicaciones; Type: TABLE; Schema: public; Owner: postgres
--

CREATE TABLE aplicaciones (
    id_aplicacion integer DEFAULT nextval('aplicaciones_id_seq'::regclass) NOT NULL,
    id_tipo_aplicacion integer,
    id_servicio integer,
    id_dominio integer,
    nom_aplicacion text,
    det_aplicacion text,
    alias text,
    url_web text,
    ip text,
    subdominio text,
    ssl_tls text,
    id_usuario_registra integer,
    id_usuario_modifica integer,
    created_at timestamp without time zone,
    updated_at timestamp without time zone
);


ALTER TABLE aplicaciones OWNER TO postgres;

--
-- Name: aplicaciones_accesos; Type: TABLE; Schema: public; Owner: postgres
--

CREATE TABLE aplicaciones_accesos (
    id_acceso_aplicacion integer DEFAULT nextval('accesos_aplicaciones_id_seq'::regclass) NOT NULL,
    id_aplicacion integer,
    id_servidor integer,
    username text,
    password text,
    email text,
    id_usuario_registra integer,
    id_usuario_modifica integer,
    created_at timestamp without time zone,
    updated_at timestamp without time zone
);


ALTER TABLE aplicaciones_accesos OWNER TO postgres;

--
-- Name: aplicaciones_estados_id_seq; Type: SEQUENCE; Schema: public; Owner: postgres
--

CREATE SEQUENCE aplicaciones_estados_id_seq
    START WITH 1
    INCREMENT BY 1
    NO MINVALUE
    NO MAXVALUE
    CACHE 1;


ALTER TABLE aplicaciones_estados_id_seq OWNER TO postgres;

--
-- Name: aplicaciones_estados; Type: TABLE; Schema: public; Owner: postgres
--

CREATE TABLE aplicaciones_estados (
    id_aplicacion_estado integer DEFAULT nextval('aplicaciones_estados_id_seq'::regclass) NOT NULL,
    id_aplicacion integer,
    id_estado integer,
    id_usuario_registra integer,
    id_usuario_modifica integer,
    created_at timestamp without time zone,
    updated_at timestamp without time zone
);


ALTER TABLE aplicaciones_estados OWNER TO postgres;

--
-- Name: aplicaciones_tags_id_seq; Type: SEQUENCE; Schema: public; Owner: postgres
--

CREATE SEQUENCE aplicaciones_tags_id_seq
    START WITH 1
    INCREMENT BY 1
    NO MINVALUE
    NO MAXVALUE
    CACHE 1;


ALTER TABLE aplicaciones_tags_id_seq OWNER TO postgres;

--
-- Name: aplicaciones_tags; Type: TABLE; Schema: public; Owner: postgres
--

CREATE TABLE aplicaciones_tags (
    id_aplicacion_tag integer DEFAULT nextval('aplicaciones_tags_id_seq'::regclass) NOT NULL,
    id_aplicacion integer,
    id_tag integer,
    id_usuario_registra integer,
    id_usuario_modifica integer,
    created_at timestamp without time zone,
    updated_at timestamp without time zone
);


ALTER TABLE aplicaciones_tags OWNER TO postgres;

--
-- Name: aplicaciones_tecnologias_id_seq; Type: SEQUENCE; Schema: public; Owner: postgres
--

CREATE SEQUENCE aplicaciones_tecnologias_id_seq
    START WITH 1
    INCREMENT BY 1
    NO MINVALUE
    NO MAXVALUE
    CACHE 1;


ALTER TABLE aplicaciones_tecnologias_id_seq OWNER TO postgres;

--
-- Name: aplicaciones_tecnologias; Type: TABLE; Schema: public; Owner: postgres
--

CREATE TABLE aplicaciones_tecnologias (
    id_aplicacion_tecnologia integer DEFAULT nextval('aplicaciones_tecnologias_id_seq'::regclass) NOT NULL,
    id_aplicacion integer,
    id_tecnologia integer,
    id_usuario_registra integer,
    id_usuario_modifica integer,
    created_at timestamp without time zone,
    updated_at timestamp without time zone
);


ALTER TABLE aplicaciones_tecnologias OWNER TO postgres;

--
-- Name: cargos_id_seq; Type: SEQUENCE; Schema: public; Owner: postgres
--

CREATE SEQUENCE cargos_id_seq
    START WITH 1
    INCREMENT BY 1
    NO MINVALUE
    NO MAXVALUE
    CACHE 1;


ALTER TABLE cargos_id_seq OWNER TO postgres;

--
-- Name: cargos; Type: TABLE; Schema: public; Owner: postgres
--

CREATE TABLE cargos (
    id_cargo integer DEFAULT nextval('cargos_id_seq'::regclass) NOT NULL,
    nom_cargo text,
    det_cargo text,
    id_usuario_registra integer,
    id_usuario_modifica integer,
    created_at timestamp without time zone,
    updated_at timestamp without time zone
);


ALTER TABLE cargos OWNER TO postgres;

--
-- Name: catalogos_servicios_id_seq; Type: SEQUENCE; Schema: public; Owner: postgres
--

CREATE SEQUENCE catalogos_servicios_id_seq
    START WITH 1
    INCREMENT BY 1
    NO MINVALUE
    NO MAXVALUE
    CACHE 1;


ALTER TABLE catalogos_servicios_id_seq OWNER TO postgres;

--
-- Name: catalogos_servicios; Type: TABLE; Schema: public; Owner: postgres
--

CREATE TABLE catalogos_servicios (
    id_catalogo_servicio integer DEFAULT nextval('catalogos_servicios_id_seq'::regclass) NOT NULL,
    id_servicio integer,
    asunto text,
    det_catalogo text,
    avatar text,
    id_usuario_registra integer,
    id_usuario_modifica integer,
    created_at timestamp without time zone,
    updated_at timestamp without time zone
);


ALTER TABLE catalogos_servicios OWNER TO postgres;

--
-- Name: catalogos_servicios_tags_id_seq; Type: SEQUENCE; Schema: public; Owner: postgres
--

CREATE SEQUENCE catalogos_servicios_tags_id_seq
    START WITH 1
    INCREMENT BY 1
    NO MINVALUE
    NO MAXVALUE
    CACHE 1;


ALTER TABLE catalogos_servicios_tags_id_seq OWNER TO postgres;

--
-- Name: catalogos_servicios_tags; Type: TABLE; Schema: public; Owner: postgres
--

CREATE TABLE catalogos_servicios_tags (
    id_catalogo_servicio_tag integer DEFAULT nextval('catalogos_servicios_tags_id_seq'::regclass) NOT NULL,
    id_catalogo_servicio integer NOT NULL,
    id_tag integer,
    id_usuario_registra integer,
    id_usuario_modifica integer,
    created_at timestamp without time zone,
    updated_at timestamp without time zone
);


ALTER TABLE catalogos_servicios_tags OWNER TO postgres;

--
-- Name: comuna; Type: TABLE; Schema: public; Owner: postgres
--

CREATE TABLE comuna (
    id_comuna character varying(255),
    id_region character varying(255),
    nombre_comuna character varying(255),
    created_at timestamp(0) without time zone,
    updated_at timestamp(0) without time zone
);


ALTER TABLE comuna OWNER TO postgres;

--
-- Name: datacentros_id_seq; Type: SEQUENCE; Schema: public; Owner: postgres
--

CREATE SEQUENCE datacentros_id_seq
    START WITH 1
    INCREMENT BY 1
    NO MINVALUE
    NO MAXVALUE
    CACHE 1;


ALTER TABLE datacentros_id_seq OWNER TO postgres;

--
-- Name: datacentros; Type: TABLE; Schema: public; Owner: postgres
--

CREATE TABLE datacentros (
    id_datacentro integer DEFAULT nextval('datacentros_id_seq'::regclass) NOT NULL,
    nom_datacentro text,
    id_usuario_registra integer,
    id_usuario_modifica integer,
    created_at timestamp without time zone,
    updated_at timestamp without time zone
);


ALTER TABLE datacentros OWNER TO postgres;

--
-- Name: dominios_id_seq; Type: SEQUENCE; Schema: public; Owner: postgres
--

CREATE SEQUENCE dominios_id_seq
    START WITH 1
    INCREMENT BY 1
    NO MINVALUE
    NO MAXVALUE
    CACHE 1;


ALTER TABLE dominios_id_seq OWNER TO postgres;

--
-- Name: dominios; Type: TABLE; Schema: public; Owner: postgres
--

CREATE TABLE dominios (
    id_dominio integer DEFAULT nextval('dominios_id_seq'::regclass) NOT NULL,
    nom_dominio text,
    det_dominio text,
    ip_publica text,
    ip_balanceador text,
    dns_asoc_dominio text,
    id_usuario_registra integer,
    id_usuario_modifica integer,
    created_at timestamp without time zone,
    updated_at timestamp without time zone
);


ALTER TABLE dominios OWNER TO postgres;

--
-- Name: entregas_credenciales_usuarios_id_seq; Type: SEQUENCE; Schema: public; Owner: postgres
--

CREATE SEQUENCE entregas_credenciales_usuarios_id_seq
    START WITH 1
    INCREMENT BY 1
    NO MINVALUE
    NO MAXVALUE
    CACHE 1;


ALTER TABLE entregas_credenciales_usuarios_id_seq OWNER TO postgres;

--
-- Name: entregas_credenciales_usuarios; Type: TABLE; Schema: public; Owner: postgres
--

CREATE TABLE entregas_credenciales_usuarios (
    id_entrega_credencial_usuario integer DEFAULT nextval('entregas_credenciales_usuarios_id_seq'::regclass) NOT NULL,
    username text,
    password text,
    tiempo_expiracion text,
    estado text,
    id_usuario_registra integer,
    id_usuario_modifica integer,
    created_at timestamp without time zone,
    updated_at timestamp without time zone
);


ALTER TABLE entregas_credenciales_usuarios OWNER TO postgres;

--
-- Name: establecimientos; Type: TABLE; Schema: public; Owner: postgres
--

CREATE TABLE establecimientos (
    id_establecimiento integer,
    id_establecimiento_antiguo integer,
    id_servicio_salud integer,
    id_region integer,
    id_comuna integer,
    nombre_establecimiento text,
    tipo_establecimiento text,
    vigencia_desde text,
    fecha_cierre text,
    created_at timestamp(0) without time zone,
    updated_at timestamp(0) without time zone
);


ALTER TABLE establecimientos OWNER TO postgres;

--
-- Name: estados_id_seq; Type: SEQUENCE; Schema: public; Owner: postgres
--

CREATE SEQUENCE estados_id_seq
    START WITH 1
    INCREMENT BY 1
    NO MINVALUE
    NO MAXVALUE
    CACHE 1;


ALTER TABLE estados_id_seq OWNER TO postgres;

--
-- Name: estados; Type: TABLE; Schema: public; Owner: postgres
--

CREATE TABLE estados (
    id_estado integer DEFAULT nextval('estados_id_seq'::regclass) NOT NULL,
    nom_estado text,
    cod_estado text,
    id_usuario_registra integer,
    id_usuario_modifica integer,
    created_at timestamp without time zone,
    updated_at timestamp without time zone
);


ALTER TABLE estados OWNER TO postgres;

--
-- Name: fuentes_aplicaciones_id_seq; Type: SEQUENCE; Schema: public; Owner: postgres
--

CREATE SEQUENCE fuentes_aplicaciones_id_seq
    START WITH 1
    INCREMENT BY 1
    NO MINVALUE
    NO MAXVALUE
    CACHE 1;


ALTER TABLE fuentes_aplicaciones_id_seq OWNER TO postgres;

--
-- Name: fuentes_aplicaciones; Type: TABLE; Schema: public; Owner: postgres
--

CREATE TABLE fuentes_aplicaciones (
    id_fuente_aplicacion integer DEFAULT nextval('fuentes_aplicaciones_id_seq'::regclass) NOT NULL,
    id_aplicacion integer,
    id_servicio integer,
    url_descarga text,
    nom_fuente text,
    det_fuente text,
    id_usuario_registra integer,
    id_usuario_modifica integer,
    created_at timestamp without time zone,
    updated_at timestamp without time zone
);


ALTER TABLE fuentes_aplicaciones OWNER TO postgres;

--
-- Name: log_navegacion_id_seq; Type: SEQUENCE; Schema: public; Owner: postgres
--

CREATE SEQUENCE log_navegacion_id_seq
    START WITH 1
    INCREMENT BY 1
    NO MINVALUE
    NO MAXVALUE
    CACHE 1;


ALTER TABLE log_navegacion_id_seq OWNER TO postgres;

--
-- Name: log_navegacion; Type: TABLE; Schema: public; Owner: postgres
--

CREATE TABLE log_navegacion (
    id_log_navegacion integer DEFAULT nextval('log_navegacion_id_seq'::regclass) NOT NULL,
    id_usuario integer,
    cod_establecimiento text,
    nom_usuario text,
    email_usuario text,
    path_url text,
    ip text,
    latitude text,
    longitude text,
    created_at timestamp(0) without time zone,
    updated_at timestamp(0) without time zone
);


ALTER TABLE log_navegacion OWNER TO postgres;

--
-- Name: pais; Type: TABLE; Schema: public; Owner: postgres
--

CREATE TABLE pais (
    id_pais character varying(255),
    nombre_pais character varying(255),
    created_at timestamp(0) without time zone,
    updated_at timestamp(0) without time zone
);


ALTER TABLE pais OWNER TO postgres;

--
-- Name: permisos_id_seq; Type: SEQUENCE; Schema: public; Owner: postgres
--

CREATE SEQUENCE permisos_id_seq
    START WITH 1
    INCREMENT BY 1
    NO MINVALUE
    NO MAXVALUE
    CACHE 1;


ALTER TABLE permisos_id_seq OWNER TO postgres;

--
-- Name: permisos; Type: TABLE; Schema: public; Owner: postgres
--

CREATE TABLE permisos (
    id_permiso integer DEFAULT nextval('permisos_id_seq'::regclass) NOT NULL,
    nom_permiso text,
    det_permiso text,
    cod_permiso text,
    id_usuario_registra integer,
    id_usuario_modifica integer,
    created_at timestamp without time zone,
    updated_at timestamp without time zone
);


ALTER TABLE permisos OWNER TO postgres;

--
-- Name: region; Type: TABLE; Schema: public; Owner: postgres
--

CREATE TABLE region (
    id_region character varying(255),
    nombre_region character varying(255),
    alias character varying(255),
    orden character varying(255),
    created_at timestamp(0) without time zone,
    updated_at timestamp(0) without time zone
);


ALTER TABLE region OWNER TO postgres;

--
-- Name: roles_id_seq; Type: SEQUENCE; Schema: public; Owner: postgres
--

CREATE SEQUENCE roles_id_seq
    START WITH 1
    INCREMENT BY 1
    NO MINVALUE
    NO MAXVALUE
    CACHE 1;


ALTER TABLE roles_id_seq OWNER TO postgres;

--
-- Name: roles; Type: TABLE; Schema: public; Owner: postgres
--

CREATE TABLE roles (
    id_role integer DEFAULT nextval('roles_id_seq'::regclass) NOT NULL,
    nom_role text,
    det_role text,
    id_usuario_registra integer,
    id_usuario_modifica integer,
    created_at timestamp without time zone,
    updated_at timestamp without time zone
);


ALTER TABLE roles OWNER TO postgres;

--
-- Name: roles_permisos_id_seq; Type: SEQUENCE; Schema: public; Owner: postgres
--

CREATE SEQUENCE roles_permisos_id_seq
    START WITH 1
    INCREMENT BY 1
    NO MINVALUE
    NO MAXVALUE
    CACHE 1;


ALTER TABLE roles_permisos_id_seq OWNER TO postgres;

--
-- Name: roles_permisos; Type: TABLE; Schema: public; Owner: postgres
--

CREATE TABLE roles_permisos (
    id_role_permiso integer DEFAULT nextval('roles_permisos_id_seq'::regclass) NOT NULL,
    id_role integer,
    id_permiso integer,
    id_usuario_registra integer,
    id_usuario_modifica integer,
    created_at timestamp without time zone,
    updated_at timestamp without time zone
);


ALTER TABLE roles_permisos OWNER TO postgres;

--
-- Name: servicio_salud; Type: TABLE; Schema: public; Owner: postgres
--

CREATE TABLE servicio_salud (
    id_servicio_salud character varying(255),
    id_region character varying(255),
    nombre_servicio_salud character varying(255),
    orden character varying(255),
    created_at timestamp(0) without time zone,
    updated_at timestamp(0) without time zone
);


ALTER TABLE servicio_salud OWNER TO postgres;

--
-- Name: servicios_id_seq; Type: SEQUENCE; Schema: public; Owner: postgres
--

CREATE SEQUENCE servicios_id_seq
    START WITH 1
    INCREMENT BY 1
    NO MINVALUE
    NO MAXVALUE
    CACHE 1;


ALTER TABLE servicios_id_seq OWNER TO postgres;

--
-- Name: servicios; Type: TABLE; Schema: public; Owner: postgres
--

CREATE TABLE servicios (
    id_servicio integer DEFAULT nextval('servicios_id_seq'::regclass) NOT NULL,
    id_actividad integer,
    id_usuario integer,
    nom_servicio text,
    det_servicio text,
    id_usuario_registra integer,
    id_usuario_modifica integer,
    created_at timestamp without time zone,
    updated_at timestamp without time zone
);


ALTER TABLE servicios OWNER TO postgres;

--
-- Name: servicios_estados_id_seq; Type: SEQUENCE; Schema: public; Owner: postgres
--

CREATE SEQUENCE servicios_estados_id_seq
    START WITH 1
    INCREMENT BY 1
    NO MINVALUE
    NO MAXVALUE
    CACHE 1;


ALTER TABLE servicios_estados_id_seq OWNER TO postgres;

--
-- Name: servicios_estados; Type: TABLE; Schema: public; Owner: postgres
--

CREATE TABLE servicios_estados (
    id_servicio_estado integer DEFAULT nextval('servicios_estados_id_seq'::regclass) NOT NULL,
    id_servicio integer,
    id_estado integer,
    id_usuario_registra integer,
    id_usuario_modifica integer,
    created_at timestamp without time zone,
    updated_at timestamp without time zone
);


ALTER TABLE servicios_estados OWNER TO postgres;

--
-- Name: servicios_permisos_id_seq; Type: SEQUENCE; Schema: public; Owner: postgres
--

CREATE SEQUENCE servicios_permisos_id_seq
    START WITH 1
    INCREMENT BY 1
    NO MINVALUE
    NO MAXVALUE
    CACHE 1;


ALTER TABLE servicios_permisos_id_seq OWNER TO postgres;

--
-- Name: servicios_permisos; Type: TABLE; Schema: public; Owner: postgres
--

CREATE TABLE servicios_permisos (
    id_servicio_permiso integer DEFAULT nextval('servicios_permisos_id_seq'::regclass) NOT NULL,
    id_servicio integer,
    id_permiso integer,
    id_usuario_registra integer,
    id_usuario_modifica integer,
    created_at timestamp without time zone,
    updated_at timestamp without time zone
);


ALTER TABLE servicios_permisos OWNER TO postgres;

--
-- Name: servicios_tags_id_seq; Type: SEQUENCE; Schema: public; Owner: postgres
--

CREATE SEQUENCE servicios_tags_id_seq
    START WITH 1
    INCREMENT BY 1
    NO MINVALUE
    NO MAXVALUE
    CACHE 1;


ALTER TABLE servicios_tags_id_seq OWNER TO postgres;

--
-- Name: servicios_tags; Type: TABLE; Schema: public; Owner: postgres
--

CREATE TABLE servicios_tags (
    id_servicio_tag integer DEFAULT nextval('servicios_tags_id_seq'::regclass) NOT NULL,
    id_servicio integer,
    id_tag integer,
    id_usuario_registra integer,
    id_usuario_modifica integer,
    created_at timestamp without time zone,
    updated_at timestamp without time zone
);


ALTER TABLE servicios_tags OWNER TO postgres;

--
-- Name: servidor_aplicaciones_id_seq; Type: SEQUENCE; Schema: public; Owner: postgres
--

CREATE SEQUENCE servidor_aplicaciones_id_seq
    START WITH 1
    INCREMENT BY 1
    NO MINVALUE
    NO MAXVALUE
    CACHE 1;


ALTER TABLE servidor_aplicaciones_id_seq OWNER TO postgres;

--
-- Name: servidor_aplicaciones; Type: TABLE; Schema: public; Owner: postgres
--

CREATE TABLE servidor_aplicaciones (
    id_servidor_aplicacion integer DEFAULT nextval('servidor_aplicaciones_id_seq'::regclass) NOT NULL,
    id_datacentro integer,
    id_sistema_operativo integer,
    id_dominio integer,
    nom_servidor text,
    ip_servidor text,
    url_servidor text,
    id_usuario_registra integer,
    id_usuario_modifica integer,
    created_at timestamp without time zone,
    updated_at timestamp without time zone
);


ALTER TABLE servidor_aplicaciones OWNER TO postgres;

--
-- Name: servidores_accesos; Type: TABLE; Schema: public; Owner: postgres
--

CREATE TABLE servidores_accesos (
    id_servidor_acceso integer DEFAULT nextval('accesos_servidores_id_seq'::regclass) NOT NULL,
    id_aplicacion integer,
    id_servidor integer,
    username text,
    password text,
    tipo_acceso text,
    puerto_acceso text,
    id_usuario_registra integer,
    id_usuario_modifica integer,
    created_at timestamp without time zone,
    updated_at timestamp without time zone
);


ALTER TABLE servidores_accesos OWNER TO postgres;

--
-- Name: sistemas_operativos_id_seq; Type: SEQUENCE; Schema: public; Owner: postgres
--

CREATE SEQUENCE sistemas_operativos_id_seq
    START WITH 1
    INCREMENT BY 1
    NO MINVALUE
    NO MAXVALUE
    CACHE 1;


ALTER TABLE sistemas_operativos_id_seq OWNER TO postgres;

--
-- Name: sistemas_operativos; Type: TABLE; Schema: public; Owner: postgres
--

CREATE TABLE sistemas_operativos (
    id_sistema_operativo integer DEFAULT nextval('sistemas_operativos_id_seq'::regclass) NOT NULL,
    arquitectura text,
    nom_so text,
    det_so text,
    vers_so text,
    licencia_so text,
    det_licencia text,
    id_usuario_registra integer,
    id_usuario_modifica integer,
    created_at timestamp without time zone,
    updated_at timestamp without time zone
);


ALTER TABLE sistemas_operativos OWNER TO postgres;

--
-- Name: tags_id_seq; Type: SEQUENCE; Schema: public; Owner: postgres
--

CREATE SEQUENCE tags_id_seq
    START WITH 1
    INCREMENT BY 1
    NO MINVALUE
    NO MAXVALUE
    CACHE 1;


ALTER TABLE tags_id_seq OWNER TO postgres;

--
-- Name: tags; Type: TABLE; Schema: public; Owner: postgres
--

CREATE TABLE tags (
    id_tag integer DEFAULT nextval('tags_id_seq'::regclass) NOT NULL,
    nom_tag text,
    det_tag text,
    meta_tag text,
    id_usuario_registra integer,
    id_usuario_modifica integer,
    created_at timestamp without time zone,
    updated_at timestamp without time zone
);


ALTER TABLE tags OWNER TO postgres;

--
-- Name: tecnologia_desarrollo_id_seq; Type: SEQUENCE; Schema: public; Owner: postgres
--

CREATE SEQUENCE tecnologia_desarrollo_id_seq
    START WITH 1
    INCREMENT BY 1
    NO MINVALUE
    NO MAXVALUE
    CACHE 1;


ALTER TABLE tecnologia_desarrollo_id_seq OWNER TO postgres;

--
-- Name: tecnologia_desarrollo; Type: TABLE; Schema: public; Owner: postgres
--

CREATE TABLE tecnologia_desarrollo (
    id_tecnologia_desarrollo integer DEFAULT nextval('tecnologia_desarrollo_id_seq'::regclass) NOT NULL,
    id_tipo_tecnologia integer,
    nom_tecnologia text,
    det_tecnologia text,
    vers_tecnologia text,
    id_usuario_registra integer,
    id_usuario_modifica integer,
    created_at timestamp without time zone,
    updated_at timestamp without time zone
);


ALTER TABLE tecnologia_desarrollo OWNER TO postgres;

--
-- Name: tipos_aplicaciones_id_seq; Type: SEQUENCE; Schema: public; Owner: postgres
--

CREATE SEQUENCE tipos_aplicaciones_id_seq
    START WITH 1
    INCREMENT BY 1
    NO MINVALUE
    NO MAXVALUE
    CACHE 1;


ALTER TABLE tipos_aplicaciones_id_seq OWNER TO postgres;

--
-- Name: tipos_aplicaciones; Type: TABLE; Schema: public; Owner: postgres
--

CREATE TABLE tipos_aplicaciones (
    id_tipo_aplicacion integer DEFAULT nextval('tipos_aplicaciones_id_seq'::regclass) NOT NULL,
    nom_tipo_aplicacion text,
    det_tipo_aplicacion text,
    cod_tipo_aplicacion text,
    id_usuario_registra integer,
    id_usuario_modifica integer,
    created_at timestamp without time zone,
    updated_at timestamp without time zone
);


ALTER TABLE tipos_aplicaciones OWNER TO postgres;

--
-- Name: tipos_tecnologias_desarrollo_id_seq; Type: SEQUENCE; Schema: public; Owner: postgres
--

CREATE SEQUENCE tipos_tecnologias_desarrollo_id_seq
    START WITH 1
    INCREMENT BY 1
    NO MINVALUE
    NO MAXVALUE
    CACHE 1;


ALTER TABLE tipos_tecnologias_desarrollo_id_seq OWNER TO postgres;

--
-- Name: tipos_tecnologias_desarrollo; Type: TABLE; Schema: public; Owner: postgres
--

CREATE TABLE tipos_tecnologias_desarrollo (
    id_tipo_tecnologia_desarrollo integer DEFAULT nextval('tipos_tecnologias_desarrollo_id_seq'::regclass) NOT NULL,
    nom_tipo text,
    det_tipo text,
    cod_tipo text,
    id_usuario_registra integer,
    id_usuario_modifica integer,
    created_at timestamp without time zone,
    updated_at timestamp without time zone
);


ALTER TABLE tipos_tecnologias_desarrollo OWNER TO postgres;

--
-- Name: usuarios_id_seq; Type: SEQUENCE; Schema: public; Owner: postgres
--

CREATE SEQUENCE usuarios_id_seq
    START WITH 1
    INCREMENT BY 1
    NO MINVALUE
    NO MAXVALUE
    CACHE 1;


ALTER TABLE usuarios_id_seq OWNER TO postgres;

--
-- Name: usuarios; Type: TABLE; Schema: public; Owner: postgres
--

CREATE TABLE usuarios (
    id_usuario integer DEFAULT nextval('usuarios_id_seq'::regclass) NOT NULL,
    nom_usuario text NOT NULL,
    nom_completo text,
    ape_paterno text,
    ape_materno text,
    username text,
    email text NOT NULL,
    password text NOT NULL,
    remember_token text,
    id_usuario_registra integer,
    id_usuario_modifica integer,
    created_at timestamp without time zone,
    updated_at timestamp without time zone
);


ALTER TABLE usuarios OWNER TO postgres;

--
-- Name: usuarios_bitacora_servicios_id_seq; Type: SEQUENCE; Schema: public; Owner: postgres
--

CREATE SEQUENCE usuarios_bitacora_servicios_id_seq
    START WITH 1
    INCREMENT BY 1
    NO MINVALUE
    NO MAXVALUE
    CACHE 1;


ALTER TABLE usuarios_bitacora_servicios_id_seq OWNER TO postgres;

--
-- Name: usuarios_bitacora_servicios; Type: TABLE; Schema: public; Owner: postgres
--

CREATE TABLE usuarios_bitacora_servicios (
    id_usuario_bitacora_servicio integer DEFAULT nextval('usuarios_bitacora_servicios_id_seq'::regclass) NOT NULL,
    id_usuario integer,
    id_servicio integer,
    id_actividad integer,
    asunto text,
    det_bitacora text,
    id_usuario_registra integer,
    id_usuario_modifica integer,
    created_at timestamp without time zone,
    updated_at timestamp without time zone
);


ALTER TABLE usuarios_bitacora_servicios OWNER TO postgres;

--
-- Name: usuarios_cargos_id_seq; Type: SEQUENCE; Schema: public; Owner: postgres
--

CREATE SEQUENCE usuarios_cargos_id_seq
    START WITH 1
    INCREMENT BY 1
    NO MINVALUE
    NO MAXVALUE
    CACHE 1;


ALTER TABLE usuarios_cargos_id_seq OWNER TO postgres;

--
-- Name: usuarios_cargos; Type: TABLE; Schema: public; Owner: postgres
--

CREATE TABLE usuarios_cargos (
    id_usuario_cargo integer DEFAULT nextval('usuarios_cargos_id_seq'::regclass) NOT NULL,
    id_usuario integer,
    id_cargo integer,
    id_usuario_registra integer,
    id_usuario_modifica integer,
    created_at timestamp without time zone,
    updated_at timestamp without time zone
);


ALTER TABLE usuarios_cargos OWNER TO postgres;

--
-- Name: usuarios_estados_id_seq; Type: SEQUENCE; Schema: public; Owner: postgres
--

CREATE SEQUENCE usuarios_estados_id_seq
    START WITH 1
    INCREMENT BY 1
    NO MINVALUE
    NO MAXVALUE
    CACHE 1;


ALTER TABLE usuarios_estados_id_seq OWNER TO postgres;

--
-- Name: usuarios_estados; Type: TABLE; Schema: public; Owner: postgres
--

CREATE TABLE usuarios_estados (
    id_usuario_estado integer DEFAULT nextval('usuarios_estados_id_seq'::regclass) NOT NULL,
    id_estado integer,
    id_usuario integer,
    id_usuario_registra integer,
    id_usuario_modifica integer,
    created_at timestamp without time zone,
    updated_at timestamp without time zone
);


ALTER TABLE usuarios_estados OWNER TO postgres;

--
-- Name: usuarios_roles_id_seq; Type: SEQUENCE; Schema: public; Owner: postgres
--

CREATE SEQUENCE usuarios_roles_id_seq
    START WITH 1
    INCREMENT BY 1
    NO MINVALUE
    NO MAXVALUE
    CACHE 1;


ALTER TABLE usuarios_roles_id_seq OWNER TO postgres;

--
-- Name: usuarios_roles; Type: TABLE; Schema: public; Owner: postgres
--

CREATE TABLE usuarios_roles (
    id_usuario_role integer DEFAULT nextval('usuarios_roles_id_seq'::regclass) NOT NULL,
    id_role integer,
    id_usuario integer,
    id_usuario_registra integer,
    id_usuario_modifica integer,
    created_at timestamp without time zone,
    updated_at timestamp without time zone
);


ALTER TABLE usuarios_roles OWNER TO postgres;

--
-- Name: usuarios_servicios_id_seq; Type: SEQUENCE; Schema: public; Owner: postgres
--

CREATE SEQUENCE usuarios_servicios_id_seq
    START WITH 1
    INCREMENT BY 1
    NO MINVALUE
    NO MAXVALUE
    CACHE 1;


ALTER TABLE usuarios_servicios_id_seq OWNER TO postgres;

--
-- Name: usuarios_servicios; Type: TABLE; Schema: public; Owner: postgres
--

CREATE TABLE usuarios_servicios (
    id_usuario_servicio integer DEFAULT nextval('usuarios_servicios_id_seq'::regclass) NOT NULL,
    id_usuario integer,
    id_servicio integer,
    id_usuario_registra integer,
    id_usuario_modifica integer,
    created_at timestamp without time zone,
    updated_at timestamp without time zone
);


ALTER TABLE usuarios_servicios OWNER TO postgres;

--
-- Data for Name: actividades; Type: TABLE DATA; Schema: public; Owner: postgres
--

COPY actividades (id_actividad, nom_actividad, det_actividad, id_usuario_registra, id_usuario_modifica, created_at, updated_at) FROM stdin;
\.


--
-- Data for Name: actividades_tags; Type: TABLE DATA; Schema: public; Owner: postgres
--

COPY actividades_tags (id_actividad_tag, id_actividad, id_tag, id_usuario_registra, id_usuario_modifica, created_at, updated_at) FROM stdin;
\.


--
-- Data for Name: aplicaciones; Type: TABLE DATA; Schema: public; Owner: postgres
--

COPY aplicaciones (id_aplicacion, id_tipo_aplicacion, id_servicio, id_dominio, nom_aplicacion, det_aplicacion, alias, url_web, ip, subdominio, ssl_tls, id_usuario_registra, id_usuario_modifica, created_at, updated_at) FROM stdin;
\.


--
-- Data for Name: aplicaciones_accesos; Type: TABLE DATA; Schema: public; Owner: postgres
--

COPY aplicaciones_accesos (id_acceso_aplicacion, id_aplicacion, id_servidor, username, password, email, id_usuario_registra, id_usuario_modifica, created_at, updated_at) FROM stdin;
\.


--
-- Data for Name: aplicaciones_estados; Type: TABLE DATA; Schema: public; Owner: postgres
--

COPY aplicaciones_estados (id_aplicacion_estado, id_aplicacion, id_estado, id_usuario_registra, id_usuario_modifica, created_at, updated_at) FROM stdin;
\.


--
-- Data for Name: aplicaciones_tags; Type: TABLE DATA; Schema: public; Owner: postgres
--

COPY aplicaciones_tags (id_aplicacion_tag, id_aplicacion, id_tag, id_usuario_registra, id_usuario_modifica, created_at, updated_at) FROM stdin;
\.


--
-- Data for Name: aplicaciones_tecnologias; Type: TABLE DATA; Schema: public; Owner: postgres
--

COPY aplicaciones_tecnologias (id_aplicacion_tecnologia, id_aplicacion, id_tecnologia, id_usuario_registra, id_usuario_modifica, created_at, updated_at) FROM stdin;
\.


--
-- Data for Name: cargos; Type: TABLE DATA; Schema: public; Owner: postgres
--

COPY cargos (id_cargo, nom_cargo, det_cargo, id_usuario_registra, id_usuario_modifica, created_at, updated_at) FROM stdin;
\.


--
-- Data for Name: catalogos_servicios; Type: TABLE DATA; Schema: public; Owner: postgres
--

COPY catalogos_servicios (id_catalogo_servicio, id_servicio, asunto, det_catalogo, avatar, id_usuario_registra, id_usuario_modifica, created_at, updated_at) FROM stdin;
\.


--
-- Data for Name: catalogos_servicios_tags; Type: TABLE DATA; Schema: public; Owner: postgres
--

COPY catalogos_servicios_tags (id_catalogo_servicio_tag, id_catalogo_servicio, id_tag, id_usuario_registra, id_usuario_modifica, created_at, updated_at) FROM stdin;
\.


--
-- Data for Name: comuna; Type: TABLE DATA; Schema: public; Owner: postgres
--

COPY comuna (id_comuna, id_region, nombre_comuna, created_at, updated_at) FROM stdin;
1101	1	Iquique	2017-10-31 11:06:00	2017-10-31 11:06:00
1107	1	Alto Hospicio	2017-10-31 11:06:00	2017-10-31 11:06:00
1401	1	Pozo Almonte	2017-10-31 11:06:00	2017-10-31 11:06:00
1402	1	Camiña	2017-10-31 11:06:00	2017-10-31 11:06:00
1403	1	Colchane	2017-10-31 11:06:00	2017-10-31 11:06:00
1404	1	Huara	2017-10-31 11:06:00	2017-10-31 11:06:00
1405	1	Pica	2017-10-31 11:06:00	2017-10-31 11:06:00
2101	2	Antofagasta	2017-10-31 11:06:00	2017-10-31 11:06:00
2102	2	Mejillones	2017-10-31 11:06:00	2017-10-31 11:06:00
2103	2	Sierra Gorda	2017-10-31 11:06:00	2017-10-31 11:06:00
2104	2	Taltal	2017-10-31 11:06:00	2017-10-31 11:06:00
2201	2	Calama	2017-10-31 11:06:00	2017-10-31 11:06:00
2202	2	Ollagüe	2017-10-31 11:06:00	2017-10-31 11:06:00
2203	2	San Pedro de Atacama	2017-10-31 11:06:00	2017-10-31 11:06:00
2301	2	Tocopilla	2017-10-31 11:06:00	2017-10-31 11:06:00
2302	2	Maria Elena	2017-10-31 11:06:00	2017-10-31 11:06:00
3101	3	Copiapo	2017-10-31 11:06:00	2017-10-31 11:06:00
3102	3	Caldera	2017-10-31 11:06:00	2017-10-31 11:06:00
3103	3	Tierra Amarilla	2017-10-31 11:06:00	2017-10-31 11:06:00
3201	3	Chañaral	2017-10-31 11:06:00	2017-10-31 11:06:00
3202	3	Diego de Almagro	2017-10-31 11:06:00	2017-10-31 11:06:00
3301	3	Vallenar	2017-10-31 11:06:00	2017-10-31 11:06:00
3302	3	Alto del Carmen	2017-10-31 11:06:00	2017-10-31 11:06:00
3303	3	Freirina	2017-10-31 11:06:00	2017-10-31 11:06:00
3304	3	Huasco	2017-10-31 11:06:00	2017-10-31 11:06:00
4101	4	La Serena	2017-10-31 11:06:00	2017-10-31 11:06:00
4102	4	Coquimbo	2017-10-31 11:06:00	2017-10-31 11:06:00
4103	4	Andacollo	2017-10-31 11:06:00	2017-10-31 11:06:00
4104	4	La Higuera	2017-10-31 11:06:00	2017-10-31 11:06:00
4105	4	Paiguano	2017-10-31 11:06:00	2017-10-31 11:06:00
4106	4	Vicuña	2017-10-31 11:06:00	2017-10-31 11:06:00
4201	4	Illapel	2017-10-31 11:06:00	2017-10-31 11:06:00
4202	4	Canela	2017-10-31 11:06:00	2017-10-31 11:06:00
4203	4	Los Vilos	2017-10-31 11:06:00	2017-10-31 11:06:00
4204	4	Salamanca	2017-10-31 11:06:00	2017-10-31 11:06:00
4301	4	Ovalle	2017-10-31 11:06:00	2017-10-31 11:06:00
4302	4	Combarbalá	2017-10-31 11:06:00	2017-10-31 11:06:00
4303	4	Monte Patria	2017-10-31 11:06:00	2017-10-31 11:06:00
4304	4	Punitaqui	2017-10-31 11:06:00	2017-10-31 11:06:00
4305	4	Río Hurtado	2017-10-31 11:06:00	2017-10-31 11:06:00
5101	5	Valparaiso	2017-10-31 11:06:00	2017-10-31 11:06:00
5102	5	Casablanca	2017-10-31 11:06:00	2017-10-31 11:06:00
5103	5	Con Con	2017-10-31 11:06:00	2017-10-31 11:06:00
5104	5	Juan Fernández	2017-10-31 11:06:00	2017-10-31 11:06:00
5105	5	Puchuncaví	2017-10-31 11:06:00	2017-10-31 11:06:00
5107	5	Quintero	2017-10-31 11:06:00	2017-10-31 11:06:00
5109	5	Viña del Mar	2017-10-31 11:06:00	2017-10-31 11:06:00
5201	5	Isla de Pascua	2017-10-31 11:06:00	2017-10-31 11:06:00
5301	5	Los Andes	2017-10-31 11:06:00	2017-10-31 11:06:00
5302	5	Calle Larga	2017-10-31 11:06:00	2017-10-31 11:06:00
5303	5	Rinconada	2017-10-31 11:06:00	2017-10-31 11:06:00
5304	5	San Esteban	2017-10-31 11:06:00	2017-10-31 11:06:00
5401	5	La Ligua	2017-10-31 11:06:00	2017-10-31 11:06:00
5402	5	Cabildo	2017-10-31 11:06:00	2017-10-31 11:06:00
5403	5	Papudo	2017-10-31 11:06:00	2017-10-31 11:06:00
5404	5	Petorca	2017-10-31 11:06:00	2017-10-31 11:06:00
5405	5	Zapallar	2017-10-31 11:06:00	2017-10-31 11:06:00
5501	5	Quillota	2017-10-31 11:06:00	2017-10-31 11:06:00
5502	5	Calera	2017-10-31 11:06:00	2017-10-31 11:06:00
5503	5	Hijuelas	2017-10-31 11:06:00	2017-10-31 11:06:00
5504	5	La Cruz	2017-10-31 11:06:00	2017-10-31 11:06:00
5506	5	Nogales	2017-10-31 11:06:00	2017-10-31 11:06:00
5601	5	San Antonio	2017-10-31 11:06:00	2017-10-31 11:06:00
5602	5	Algarrobo	2017-10-31 11:06:00	2017-10-31 11:06:00
5603	5	Cartagena	2017-10-31 11:06:00	2017-10-31 11:06:00
5604	5	El Quisco	2017-10-31 11:06:00	2017-10-31 11:06:00
5605	5	El Tabo	2017-10-31 11:06:00	2017-10-31 11:06:00
5606	5	Santo Domingo	2017-10-31 11:06:00	2017-10-31 11:06:00
5701	5	San Felipe	2017-10-31 11:06:00	2017-10-31 11:06:00
5702	5	Catemu	2017-10-31 11:06:00	2017-10-31 11:06:00
5703	5	Llaillay	2017-10-31 11:06:00	2017-10-31 11:06:00
5704	5	Panquehue	2017-10-31 11:06:00	2017-10-31 11:06:00
5705	5	Putaendo	2017-10-31 11:06:00	2017-10-31 11:06:00
5706	5	Santa Maria	2017-10-31 11:06:00	2017-10-31 11:06:00
5801	5	Quilpue	2017-10-31 11:06:00	2017-10-31 11:06:00
5802	5	Limache	2017-10-31 11:06:00	2017-10-31 11:06:00
5803	5	Olmué	2017-10-31 11:06:00	2017-10-31 11:06:00
5804	5	Villa Alemana	2017-10-31 11:06:00	2017-10-31 11:06:00
6101	6	Rancagua	2017-10-31 11:06:00	2017-10-31 11:06:00
6102	6	Codegua	2017-10-31 11:06:00	2017-10-31 11:06:00
6103	6	Coinco	2017-10-31 11:06:00	2017-10-31 11:06:00
6104	6	Coltauco	2017-10-31 11:06:00	2017-10-31 11:06:00
6105	6	Doñihue	2017-10-31 11:06:00	2017-10-31 11:06:00
6106	6	Graneros	2017-10-31 11:06:00	2017-10-31 11:06:00
6107	6	Las Cabras	2017-10-31 11:06:00	2017-10-31 11:06:00
6108	6	Machalí	2017-10-31 11:06:00	2017-10-31 11:06:00
6109	6	Malloa	2017-10-31 11:06:00	2017-10-31 11:06:00
6110	6	Mostazal	2017-10-31 11:06:00	2017-10-31 11:06:00
6111	6	Olivar	2017-10-31 11:06:00	2017-10-31 11:06:00
6112	6	Peumo	2017-10-31 11:06:00	2017-10-31 11:06:00
6113	6	Pichidegua	2017-10-31 11:06:00	2017-10-31 11:06:00
6114	6	Quinta de Tilcoco	2017-10-31 11:06:00	2017-10-31 11:06:00
6115	6	Rengo	2017-10-31 11:06:00	2017-10-31 11:06:00
6116	6	Requínoa	2017-10-31 11:06:00	2017-10-31 11:06:00
6117	6	San Vicente	2017-10-31 11:06:00	2017-10-31 11:06:00
6201	6	Pichilemu	2017-10-31 11:06:00	2017-10-31 11:06:00
6202	6	La Estrella	2017-10-31 11:06:00	2017-10-31 11:06:00
6203	6	Litueche	2017-10-31 11:06:00	2017-10-31 11:06:00
6204	6	Marchihue	2017-10-31 11:06:00	2017-10-31 11:06:00
6205	6	Navidad	2017-10-31 11:06:00	2017-10-31 11:06:00
6206	6	Paredones	2017-10-31 11:06:00	2017-10-31 11:06:00
6301	6	San Fernando	2017-10-31 11:06:00	2017-10-31 11:06:00
6302	6	Chepica	2017-10-31 11:06:00	2017-10-31 11:06:00
6303	6	Chimbarongo	2017-10-31 11:06:00	2017-10-31 11:06:00
6304	6	Lolol	2017-10-31 11:06:00	2017-10-31 11:06:00
6305	6	Nancagua	2017-10-31 11:06:00	2017-10-31 11:06:00
6306	6	Palmilla	2017-10-31 11:06:00	2017-10-31 11:06:00
6307	6	Peralillo	2017-10-31 11:06:00	2017-10-31 11:06:00
6308	6	Placilla	2017-10-31 11:06:00	2017-10-31 11:06:00
6309	6	Pumanque	2017-10-31 11:06:00	2017-10-31 11:06:00
6310	6	Santa Cruz	2017-10-31 11:06:00	2017-10-31 11:06:00
7101	7	Talca	2017-10-31 11:06:00	2017-10-31 11:06:00
7102	7	Constitución	2017-10-31 11:06:00	2017-10-31 11:06:00
7103	7	Curepto	2017-10-31 11:06:00	2017-10-31 11:06:00
7104	7	Empedrado	2017-10-31 11:06:00	2017-10-31 11:06:00
7105	7	Maule	2017-10-31 11:06:00	2017-10-31 11:06:00
7106	7	Pelarco	2017-10-31 11:06:00	2017-10-31 11:06:00
7107	7	Pencahue	2017-10-31 11:06:00	2017-10-31 11:06:00
7108	7	Río Claro	2017-10-31 11:06:00	2017-10-31 11:06:00
7109	7	San Clemente	2017-10-31 11:06:00	2017-10-31 11:06:00
7110	7	San Rafael	2017-10-31 11:06:00	2017-10-31 11:06:00
7201	7	Cauquenes	2017-10-31 11:06:00	2017-10-31 11:06:00
7202	7	Chanco	2017-10-31 11:06:00	2017-10-31 11:06:00
7203	7	Pelluhue	2017-10-31 11:06:00	2017-10-31 11:06:00
7301	7	Curicó	2017-10-31 11:06:00	2017-10-31 11:06:00
7302	7	Hualañé	2017-10-31 11:06:00	2017-10-31 11:06:00
7303	7	Licantén	2017-10-31 11:06:00	2017-10-31 11:06:00
7304	7	Molina	2017-10-31 11:06:00	2017-10-31 11:06:00
7305	7	Rauco	2017-10-31 11:06:00	2017-10-31 11:06:00
7306	7	Romeral	2017-10-31 11:06:00	2017-10-31 11:06:00
7307	7	Sagrada Familia	2017-10-31 11:06:00	2017-10-31 11:06:00
7308	7	Teno	2017-10-31 11:06:00	2017-10-31 11:06:00
7309	7	Vichuquén	2017-10-31 11:06:00	2017-10-31 11:06:00
7401	7	Linares	2017-10-31 11:06:00	2017-10-31 11:06:00
7402	7	Colbún	2017-10-31 11:06:00	2017-10-31 11:06:00
7403	7	Longaví	2017-10-31 11:06:00	2017-10-31 11:06:00
7404	7	Parral	2017-10-31 11:06:00	2017-10-31 11:06:00
7405	7	Retiro	2017-10-31 11:06:00	2017-10-31 11:06:00
7406	7	San Javier	2017-10-31 11:06:00	2017-10-31 11:06:00
7407	7	Villa Alegre	2017-10-31 11:06:00	2017-10-31 11:06:00
7408	7	Yerbas Buenas	2017-10-31 11:06:00	2017-10-31 11:06:00
8101	8	Concepción	2017-10-31 11:06:00	2017-10-31 11:06:00
8102	8	Coronel	2017-10-31 11:06:00	2017-10-31 11:06:00
8103	8	Chiguayante	2017-10-31 11:06:00	2017-10-31 11:06:00
8104	8	Florida	2017-10-31 11:06:00	2017-10-31 11:06:00
8105	8	Hualqui	2017-10-31 11:06:00	2017-10-31 11:06:00
8106	8	Lota	2017-10-31 11:06:00	2017-10-31 11:06:00
8107	8	Penco	2017-10-31 11:06:00	2017-10-31 11:06:00
8108	8	San Pedro de la Paz	2017-10-31 11:06:00	2017-10-31 11:06:00
8109	8	Santa Juana	2017-10-31 11:06:00	2017-10-31 11:06:00
8110	8	Talcahuano	2017-10-31 11:06:00	2017-10-31 11:06:00
8111	8	Tome	2017-10-31 11:06:00	2017-10-31 11:06:00
8112	8	Hualpén	2017-10-31 11:06:00	2017-10-31 11:06:00
8201	8	Lebu	2017-10-31 11:06:00	2017-10-31 11:06:00
8202	8	Arauco	2017-10-31 11:06:00	2017-10-31 11:06:00
8203	8	Cañete	2017-10-31 11:06:00	2017-10-31 11:06:00
8204	8	Contulmo	2017-10-31 11:06:00	2017-10-31 11:06:00
8205	8	Curanilahue	2017-10-31 11:06:00	2017-10-31 11:06:00
8206	8	Los Álamos	2017-10-31 11:06:00	2017-10-31 11:06:00
8207	8	Tirúa	2017-10-31 11:06:00	2017-10-31 11:06:00
8301	8	Los Ángeles	2017-10-31 11:06:00	2017-10-31 11:06:00
8302	8	Antuco	2017-10-31 11:06:00	2017-10-31 11:06:00
8303	8	Cabrero	2017-10-31 11:06:00	2017-10-31 11:06:00
8304	8	Laja	2017-10-31 11:06:00	2017-10-31 11:06:00
8305	8	Mulchén	2017-10-31 11:06:00	2017-10-31 11:06:00
8306	8	Nacimiento	2017-10-31 11:06:00	2017-10-31 11:06:00
8307	8	Negrete	2017-10-31 11:06:00	2017-10-31 11:06:00
8308	8	Quilaco	2017-10-31 11:06:00	2017-10-31 11:06:00
8309	8	Quilleco	2017-10-31 11:06:00	2017-10-31 11:06:00
8310	8	San Rosendo	2017-10-31 11:06:00	2017-10-31 11:06:00
8311	8	Santa Bárbara	2017-10-31 11:06:00	2017-10-31 11:06:00
8312	8	Tucapel	2017-10-31 11:06:00	2017-10-31 11:06:00
8313	8	Yumbel	2017-10-31 11:06:00	2017-10-31 11:06:00
8314	8	Alto Biobío	2017-10-31 11:06:00	2017-10-31 11:06:00
8401	8	Chillán 	2017-10-31 11:06:00	2017-10-31 11:06:00
8402	8	Bulnes	2017-10-31 11:06:00	2017-10-31 11:06:00
8403	8	Cobquecura	2017-10-31 11:06:00	2017-10-31 11:06:00
8404	8	Coelemu	2017-10-31 11:06:00	2017-10-31 11:06:00
8405	8	Coihueco	2017-10-31 11:06:00	2017-10-31 11:06:00
8406	8	Chillán Viejo	2017-10-31 11:06:00	2017-10-31 11:06:00
8407	8	El Carmen	2017-10-31 11:06:00	2017-10-31 11:06:00
8408	8	Ninhue	2017-10-31 11:06:00	2017-10-31 11:06:00
8409	8	Ñiquén	2017-10-31 11:06:00	2017-10-31 11:06:00
8410	8	Pemuco	2017-10-31 11:06:00	2017-10-31 11:06:00
8411	8	Pinto	2017-10-31 11:06:00	2017-10-31 11:06:00
8412	8	Portezuelo	2017-10-31 11:06:00	2017-10-31 11:06:00
8413	8	Quillón	2017-10-31 11:06:00	2017-10-31 11:06:00
8414	8	Quirihue	2017-10-31 11:06:00	2017-10-31 11:06:00
8415	8	Ránquil	2017-10-31 11:06:00	2017-10-31 11:06:00
8416	8	San Carlos	2017-10-31 11:06:00	2017-10-31 11:06:00
8417	8	San Fabián	2017-10-31 11:06:00	2017-10-31 11:06:00
8418	8	San Ignacio	2017-10-31 11:06:00	2017-10-31 11:06:00
8419	8	San Nicolás	2017-10-31 11:06:00	2017-10-31 11:06:00
8420	8	Treguaco	2017-10-31 11:06:00	2017-10-31 11:06:00
8421	8	Yungay	2017-10-31 11:06:00	2017-10-31 11:06:00
9101	9	Temuco	2017-10-31 11:06:00	2017-10-31 11:06:00
9102	9	Carahue	2017-10-31 11:06:00	2017-10-31 11:06:00
9103	9	Cunco	2017-10-31 11:06:00	2017-10-31 11:06:00
9104	9	Curarrehue	2017-10-31 11:06:00	2017-10-31 11:06:00
9105	9	Freire	2017-10-31 11:06:00	2017-10-31 11:06:00
9106	9	Galvarino	2017-10-31 11:06:00	2017-10-31 11:06:00
9107	9	Gorbea	2017-10-31 11:06:00	2017-10-31 11:06:00
9108	9	Lautaro	2017-10-31 11:06:00	2017-10-31 11:06:00
9109	9	Loncoche	2017-10-31 11:06:00	2017-10-31 11:06:00
9110	9	Melipeuco	2017-10-31 11:06:00	2017-10-31 11:06:00
9111	9	Nueva Imperial	2017-10-31 11:06:00	2017-10-31 11:06:00
9112	9	Padre Las Casas	2017-10-31 11:06:00	2017-10-31 11:06:00
9113	9	Perquenco	2017-10-31 11:06:00	2017-10-31 11:06:00
9114	9	Pitrufquén	2017-10-31 11:06:00	2017-10-31 11:06:00
9115	9	Pucón	2017-10-31 11:06:00	2017-10-31 11:06:00
9116	9	Saavedra	2017-10-31 11:06:00	2017-10-31 11:06:00
9117	9	Teodoro Schmidt	2017-10-31 11:06:00	2017-10-31 11:06:00
9118	9	Toltén	2017-10-31 11:06:00	2017-10-31 11:06:00
9119	9	Vilcún	2017-10-31 11:06:00	2017-10-31 11:06:00
9120	9	Villarrica	2017-10-31 11:06:00	2017-10-31 11:06:00
9121	9	Cholchol	2017-10-31 11:06:00	2017-10-31 11:06:00
9201	9	Angol	2017-10-31 11:06:00	2017-10-31 11:06:00
9202	9	Collipulli	2017-10-31 11:06:00	2017-10-31 11:06:00
9203	9	Curacautín	2017-10-31 11:06:00	2017-10-31 11:06:00
9204	9	Ercilla	2017-10-31 11:06:00	2017-10-31 11:06:00
9205	9	Lonquimay	2017-10-31 11:06:00	2017-10-31 11:06:00
9206	9	Los Sauces	2017-10-31 11:06:00	2017-10-31 11:06:00
9207	9	Lumaco	2017-10-31 11:06:00	2017-10-31 11:06:00
9208	9	Purén	2017-10-31 11:06:00	2017-10-31 11:06:00
9209	9	Renaico	2017-10-31 11:06:00	2017-10-31 11:06:00
9210	9	Traiguén	2017-10-31 11:06:00	2017-10-31 11:06:00
9211	9	Victoria	2017-10-31 11:06:00	2017-10-31 11:06:00
10101	10	Puerto Montt	2017-10-31 11:06:00	2017-10-31 11:06:00
10102	10	Calbuco	2017-10-31 11:06:00	2017-10-31 11:06:00
10103	10	Cochamó	2017-10-31 11:06:00	2017-10-31 11:06:00
10104	10	Fresia	2017-10-31 11:06:00	2017-10-31 11:06:00
10105	10	Frutillar	2017-10-31 11:06:00	2017-10-31 11:06:00
10106	10	Los Muermos	2017-10-31 11:06:00	2017-10-31 11:06:00
10107	10	Llanquihue	2017-10-31 11:06:00	2017-10-31 11:06:00
10108	10	Maullín	2017-10-31 11:06:00	2017-10-31 11:06:00
10109	10	Puerto Varas	2017-10-31 11:06:00	2017-10-31 11:06:00
10201	10	Castro	2017-10-31 11:06:00	2017-10-31 11:06:00
10202	10	Ancud	2017-10-31 11:06:00	2017-10-31 11:06:00
10203	10	Chonchi	2017-10-31 11:06:00	2017-10-31 11:06:00
10204	10	Curaco de Vélez	2017-10-31 11:06:00	2017-10-31 11:06:00
10205	10	Dalcahue	2017-10-31 11:06:00	2017-10-31 11:06:00
10206	10	Puqueldón	2017-10-31 11:06:00	2017-10-31 11:06:00
10207	10	Queilén	2017-10-31 11:06:00	2017-10-31 11:06:00
10208	10	Quellón	2017-10-31 11:06:00	2017-10-31 11:06:00
10209	10	Quemchi	2017-10-31 11:06:00	2017-10-31 11:06:00
10210	10	Quinchao	2017-10-31 11:06:00	2017-10-31 11:06:00
10301	10	Osorno	2017-10-31 11:06:00	2017-10-31 11:06:00
10302	10	Puerto Octay	2017-10-31 11:06:00	2017-10-31 11:06:00
10303	10	Purranque	2017-10-31 11:06:00	2017-10-31 11:06:00
10304	10	Puyehue	2017-10-31 11:06:00	2017-10-31 11:06:00
10305	10	Río Negro	2017-10-31 11:06:00	2017-10-31 11:06:00
10306	10	San Juan de la Costa	2017-10-31 11:06:00	2017-10-31 11:06:00
10307	10	San Pablo	2017-10-31 11:06:00	2017-10-31 11:06:00
10401	10	Chaitén	2017-10-31 11:06:00	2017-10-31 11:06:00
10402	10	Futaleufú	2017-10-31 11:06:00	2017-10-31 11:06:00
10403	10	Hualaihué	2017-10-31 11:06:00	2017-10-31 11:06:00
10404	10	Palena	2017-10-31 11:06:00	2017-10-31 11:06:00
11101	11	Coihaique	2017-10-31 11:06:00	2017-10-31 11:06:00
11102	11	Lago Verde	2017-10-31 11:06:00	2017-10-31 11:06:00
11201	11	Aisén	2017-10-31 11:06:00	2017-10-31 11:06:00
11202	11	Cisnes	2017-10-31 11:06:00	2017-10-31 11:06:00
11203	11	Guaitecas	2017-10-31 11:06:00	2017-10-31 11:06:00
11301	11	Cochrane	2017-10-31 11:06:00	2017-10-31 11:06:00
11302	11	O Higgins	2017-10-31 11:06:00	2017-10-31 11:06:00
11303	11	Tortel	2017-10-31 11:06:00	2017-10-31 11:06:00
11401	11	Chile Chico	2017-10-31 11:06:00	2017-10-31 11:06:00
11402	11	Río Ibáñez	2017-10-31 11:06:00	2017-10-31 11:06:00
12101	12	Punta Arenas	2017-10-31 11:06:00	2017-10-31 11:06:00
12102	12	Laguna Blanca	2017-10-31 11:06:00	2017-10-31 11:06:00
12103	12	Río Verde	2017-10-31 11:06:00	2017-10-31 11:06:00
12104	12	San Gregorio	2017-10-31 11:06:00	2017-10-31 11:06:00
12201	12	Cabo de Hornos	2017-10-31 11:06:00	2017-10-31 11:06:00
12202	12	Antártica	2017-10-31 11:06:00	2017-10-31 11:06:00
12301	12	Porvenir	2017-10-31 11:06:00	2017-10-31 11:06:00
12302	12	Primavera	2017-10-31 11:06:00	2017-10-31 11:06:00
12303	12	Timaukel	2017-10-31 11:06:00	2017-10-31 11:06:00
12401	12	Natales	2017-10-31 11:06:00	2017-10-31 11:06:00
12402	12	Torres del Paine	2017-10-31 11:06:00	2017-10-31 11:06:00
13101	13	Santiago	2017-10-31 11:06:00	2017-10-31 11:06:00
13102	13	Cerrillos	2017-10-31 11:06:00	2017-10-31 11:06:00
13103	13	Cerro Navia	2017-10-31 11:06:00	2017-10-31 11:06:00
13104	13	Conchalí	2017-10-31 11:06:00	2017-10-31 11:06:00
13105	13	El Bosque	2017-10-31 11:06:00	2017-10-31 11:06:00
13106	13	Estación Central	2017-10-31 11:06:00	2017-10-31 11:06:00
13107	13	Huechuraba	2017-10-31 11:06:00	2017-10-31 11:06:00
13108	13	Independencia	2017-10-31 11:06:00	2017-10-31 11:06:00
13109	13	La Cisterna	2017-10-31 11:06:00	2017-10-31 11:06:00
13110	13	La Florida	2017-10-31 11:06:00	2017-10-31 11:06:00
13111	13	La Granja	2017-10-31 11:06:00	2017-10-31 11:06:00
13112	13	La Pintana	2017-10-31 11:06:00	2017-10-31 11:06:00
13113	13	La Reina	2017-10-31 11:06:00	2017-10-31 11:06:00
13114	13	Las Condes	2017-10-31 11:06:00	2017-10-31 11:06:00
13115	13	Lo Barnechea	2017-10-31 11:06:00	2017-10-31 11:06:00
13116	13	Lo Espejo	2017-10-31 11:06:00	2017-10-31 11:06:00
13117	13	Lo Prado	2017-10-31 11:06:00	2017-10-31 11:06:00
13118	13	Macul	2017-10-31 11:06:00	2017-10-31 11:06:00
13119	13	Maipu	2017-10-31 11:06:00	2017-10-31 11:06:00
13120	13	Ñuñoa	2017-10-31 11:06:00	2017-10-31 11:06:00
13121	13	Pedro Aguirre Cerda	2017-10-31 11:06:00	2017-10-31 11:06:00
13122	13	Peñalolén	2017-10-31 11:06:00	2017-10-31 11:06:00
13123	13	Providencia	2017-10-31 11:06:00	2017-10-31 11:06:00
13124	13	Pudahuel	2017-10-31 11:06:00	2017-10-31 11:06:00
13125	13	Quilicura	2017-10-31 11:06:00	2017-10-31 11:06:00
13126	13	Quinta Normal	2017-10-31 11:06:00	2017-10-31 11:06:00
13127	13	Recoleta	2017-10-31 11:06:00	2017-10-31 11:06:00
13128	13	Renca	2017-10-31 11:06:00	2017-10-31 11:06:00
13129	13	San Joaquín	2017-10-31 11:06:00	2017-10-31 11:06:00
13130	13	San Miguel	2017-10-31 11:06:00	2017-10-31 11:06:00
13131	13	San Ramón	2017-10-31 11:06:00	2017-10-31 11:06:00
13132	13	Vitacura	2017-10-31 11:06:00	2017-10-31 11:06:00
13201	13	Puente Alto	2017-10-31 11:06:00	2017-10-31 11:06:00
13202	13	Pirque	2017-10-31 11:06:00	2017-10-31 11:06:00
13203	13	San José de Maipo	2017-10-31 11:06:00	2017-10-31 11:06:00
13301	13	Colina	2017-10-31 11:06:00	2017-10-31 11:06:00
13302	13	Lampa	2017-10-31 11:06:00	2017-10-31 11:06:00
13303	13	Tiltil	2017-10-31 11:06:00	2017-10-31 11:06:00
13401	13	San Bernardo	2017-10-31 11:06:00	2017-10-31 11:06:00
13402	13	Buin	2017-10-31 11:06:00	2017-10-31 11:06:00
13403	13	Calera de Tango	2017-10-31 11:06:00	2017-10-31 11:06:00
13404	13	Paine	2017-10-31 11:06:00	2017-10-31 11:06:00
13501	13	Melipilla	2017-10-31 11:06:00	2017-10-31 11:06:00
13502	13	Alhué	2017-10-31 11:06:00	2017-10-31 11:06:00
13503	13	Curacaví	2017-10-31 11:06:00	2017-10-31 11:06:00
13504	13	Maria Pinto	2017-10-31 11:06:00	2017-10-31 11:06:00
13505	13	San Pedro	2017-10-31 11:06:00	2017-10-31 11:06:00
13601	13	Talagante	2017-10-31 11:06:00	2017-10-31 11:06:00
13602	13	El Monte	2017-10-31 11:06:00	2017-10-31 11:06:00
13603	13	Isla de Maipo	2017-10-31 11:06:00	2017-10-31 11:06:00
13604	13	Padre Hurtado	2017-10-31 11:06:00	2017-10-31 11:06:00
13605	13	Peñaflor	2017-10-31 11:06:00	2017-10-31 11:06:00
14101	14	Valdivia	2017-10-31 11:06:00	2017-10-31 11:06:00
14102	14	Corral	2017-10-31 11:06:00	2017-10-31 11:06:00
14103	14	Lanco	2017-10-31 11:06:00	2017-10-31 11:06:00
14104	14	Los Lagos	2017-10-31 11:06:00	2017-10-31 11:06:00
14105	14	Máfil	2017-10-31 11:06:00	2017-10-31 11:06:00
14106	14	Mariquina	2017-10-31 11:06:00	2017-10-31 11:06:00
14107	14	Paillaco	2017-10-31 11:06:00	2017-10-31 11:06:00
14108	14	Panguipulli	2017-10-31 11:06:00	2017-10-31 11:06:00
14201	14	La Unión	2017-10-31 11:06:00	2017-10-31 11:06:00
14202	14	Futrono	2017-10-31 11:06:00	2017-10-31 11:06:00
14203	14	Lago Ranco	2017-10-31 11:06:00	2017-10-31 11:06:00
14204	14	Río Bueno	2017-10-31 11:06:00	2017-10-31 11:06:00
15101	15	Arica	2017-10-31 11:06:00	2017-10-31 11:06:00
15102	15	Camarones	2017-10-31 11:06:00	2017-10-31 11:06:00
15201	15	Putre	2017-10-31 11:06:00	2017-10-31 11:06:00
15202	15	General Lagos	2017-10-31 11:06:00	2017-10-31 11:06:00
\.


--
-- Data for Name: datacentros; Type: TABLE DATA; Schema: public; Owner: postgres
--

COPY datacentros (id_datacentro, nom_datacentro, id_usuario_registra, id_usuario_modifica, created_at, updated_at) FROM stdin;
\.


--
-- Data for Name: dominios; Type: TABLE DATA; Schema: public; Owner: postgres
--

COPY dominios (id_dominio, nom_dominio, det_dominio, ip_publica, ip_balanceador, dns_asoc_dominio, id_usuario_registra, id_usuario_modifica, created_at, updated_at) FROM stdin;
\.


--
-- Data for Name: entregas_credenciales_usuarios; Type: TABLE DATA; Schema: public; Owner: postgres
--

COPY entregas_credenciales_usuarios (id_entrega_credencial_usuario, username, password, tiempo_expiracion, estado, id_usuario_registra, id_usuario_modifica, created_at, updated_at) FROM stdin;
\.


--
-- Data for Name: establecimientos; Type: TABLE DATA; Schema: public; Owner: postgres
--

COPY establecimientos (id_establecimiento, id_establecimiento_antiguo, id_servicio_salud, id_region, id_comuna, nombre_establecimiento, tipo_establecimiento, vigencia_desde, fecha_cierre, created_at, updated_at) FROM stdin;
\.


--
-- Data for Name: estados; Type: TABLE DATA; Schema: public; Owner: postgres
--

COPY estados (id_estado, nom_estado, cod_estado, id_usuario_registra, id_usuario_modifica, created_at, updated_at) FROM stdin;
\.


--
-- Data for Name: fuentes_aplicaciones; Type: TABLE DATA; Schema: public; Owner: postgres
--

COPY fuentes_aplicaciones (id_fuente_aplicacion, id_aplicacion, id_servicio, url_descarga, nom_fuente, det_fuente, id_usuario_registra, id_usuario_modifica, created_at, updated_at) FROM stdin;
\.


--
-- Data for Name: log_navegacion; Type: TABLE DATA; Schema: public; Owner: postgres
--

COPY log_navegacion (id_log_navegacion, id_usuario, cod_establecimiento, nom_usuario, email_usuario, path_url, ip, latitude, longitude, created_at, updated_at) FROM stdin;
\.


--
-- Data for Name: pais; Type: TABLE DATA; Schema: public; Owner: postgres
--

COPY pais (id_pais, nombre_pais, created_at, updated_at) FROM stdin;
4	AFGANISTÁN	2017-10-31 11:06:00	2017-10-31 11:06:00
8	ALBANIA	2017-10-31 11:06:00	2017-10-31 11:06:00
10	ANTÁRTIDA	2017-10-31 11:06:00	2017-10-31 11:06:00
12	ARGEL	2017-10-31 11:06:00	2017-10-31 11:06:00
16	SAMOA AMERICANA	2017-10-31 11:06:00	2017-10-31 11:06:00
20	ANDORRA	2017-10-31 11:06:00	2017-10-31 11:06:00
24	ANGOLA	2017-10-31 11:06:00	2017-10-31 11:06:00
28	ANTIGUA Y BARBUDA	2017-10-31 11:06:00	2017-10-31 11:06:00
31	AZERBAIYÁN	2017-10-31 11:06:00	2017-10-31 11:06:00
32	ARGENTINA	2017-10-31 11:06:00	2017-10-31 11:06:00
36	AUSTRALIA	2017-10-31 11:06:00	2017-10-31 11:06:00
40	AUSTRIA	2017-10-31 11:06:00	2017-10-31 11:06:00
44	BAHAMAS	2017-10-31 11:06:00	2017-10-31 11:06:00
48	BAHRÉIN	2017-10-31 11:06:00	2017-10-31 11:06:00
50	BANGLADESH	2017-10-31 11:06:00	2017-10-31 11:06:00
51	ARMENIA	2017-10-31 11:06:00	2017-10-31 11:06:00
52	BARBADOS	2017-10-31 11:06:00	2017-10-31 11:06:00
56	BÉLGICA	2017-10-31 11:06:00	2017-10-31 11:06:00
60	BERMUDAS	2017-10-31 11:06:00	2017-10-31 11:06:00
64	BHUTÁN	2017-10-31 11:06:00	2017-10-31 11:06:00
68	BOLIVIA	2017-10-31 11:06:00	2017-10-31 11:06:00
70	BOSNIA Y HERZEGOVINA	2017-10-31 11:06:00	2017-10-31 11:06:00
72	BOTSUANA	2017-10-31 11:06:00	2017-10-31 11:06:00
74	ISLA BOUVET	2017-10-31 11:06:00	2017-10-31 11:06:00
76	BRASIL	2017-10-31 11:06:00	2017-10-31 11:06:00
84	BELICE	2017-10-31 11:06:00	2017-10-31 11:06:00
86	TERRITORIO BRITÁNICO DEL OCÉANO ÍNDICO	2017-10-31 11:06:00	2017-10-31 11:06:00
90	ISLAS SOLOMÓN	2017-10-31 11:06:00	2017-10-31 11:06:00
92	ISLAS VÍRGENES BRITÁNICAS	2017-10-31 11:06:00	2017-10-31 11:06:00
96	BRUNÉI	2017-10-31 11:06:00	2017-10-31 11:06:00
100	BULGARIA	2017-10-31 11:06:00	2017-10-31 11:06:00
104	MYANMAR	2017-10-31 11:06:00	2017-10-31 11:06:00
108	BURUNDI	2017-10-31 11:06:00	2017-10-31 11:06:00
112	BELARÚS	2017-10-31 11:06:00	2017-10-31 11:06:00
116	CAMBOYA	2017-10-31 11:06:00	2017-10-31 11:06:00
120	CAMERÚN	2017-10-31 11:06:00	2017-10-31 11:06:00
124	CANADÁ	2017-10-31 11:06:00	2017-10-31 11:06:00
132	CABO VERDE	2017-10-31 11:06:00	2017-10-31 11:06:00
136	ISLAS CAIMÁN	2017-10-31 11:06:00	2017-10-31 11:06:00
140	REPÚBLICA CENTRO-AFRICANA	2017-10-31 11:06:00	2017-10-31 11:06:00
144	SRI LANKA	2017-10-31 11:06:00	2017-10-31 11:06:00
148	CHAD	2017-10-31 11:06:00	2017-10-31 11:06:00
152	CHILE	2017-10-31 11:06:00	2017-10-31 11:06:00
156	CHINA	2017-10-31 11:06:00	2017-10-31 11:06:00
158	TAIWÁN	2017-10-31 11:06:00	2017-10-31 11:06:00
162	ISLAS CHRISTMAS	2017-10-31 11:06:00	2017-10-31 11:06:00
166	ISLAS COCOS	2017-10-31 11:06:00	2017-10-31 11:06:00
170	COLOMBIA	2017-10-31 11:06:00	2017-10-31 11:06:00
174	COMOROS	2017-10-31 11:06:00	2017-10-31 11:06:00
175	MAYOTTE	2017-10-31 11:06:00	2017-10-31 11:06:00
178	CONGO	2017-10-31 11:06:00	2017-10-31 11:06:00
184	ISLAS COOK	2017-10-31 11:06:00	2017-10-31 11:06:00
188	COSTA RICA	2017-10-31 11:06:00	2017-10-31 11:06:00
191	CROACIA	2017-10-31 11:06:00	2017-10-31 11:06:00
192	CUBA	2017-10-31 11:06:00	2017-10-31 11:06:00
196	CHIPRE	2017-10-31 11:06:00	2017-10-31 11:06:00
203	REPÚBLICA CHECA	2017-10-31 11:06:00	2017-10-31 11:06:00
204	BENIN	2017-10-31 11:06:00	2017-10-31 11:06:00
208	DINAMARCA	2017-10-31 11:06:00	2017-10-31 11:06:00
212	DOMÍNICA	2017-10-31 11:06:00	2017-10-31 11:06:00
214	REPÚBLICA DOMINICANA	2017-10-31 11:06:00	2017-10-31 11:06:00
218	ECUADOR	2017-10-31 11:06:00	2017-10-31 11:06:00
222	EL SALVADOR	2017-10-31 11:06:00	2017-10-31 11:06:00
226	GUINEA ECUATORIAL	2017-10-31 11:06:00	2017-10-31 11:06:00
231	ETIOPÍA	2017-10-31 11:06:00	2017-10-31 11:06:00
232	ERITREA	2017-10-31 11:06:00	2017-10-31 11:06:00
233	ESTONIA	2017-10-31 11:06:00	2017-10-31 11:06:00
234	ISLAS FAROE	2017-10-31 11:06:00	2017-10-31 11:06:00
238	ISLAS MALVINAS	2017-10-31 11:06:00	2017-10-31 11:06:00
239	GEORGIA DEL SUR E ISLAS SANDWICH DEL SUR	2017-10-31 11:06:00	2017-10-31 11:06:00
242	FIJI	2017-10-31 11:06:00	2017-10-31 11:06:00
246	FINLANDIA	2017-10-31 11:06:00	2017-10-31 11:06:00
248	ISLAS ÁLAND	2017-10-31 11:06:00	2017-10-31 11:06:00
250	FRANCIA	2017-10-31 11:06:00	2017-10-31 11:06:00
254	GUAYANA FRANCESA	2017-10-31 11:06:00	2017-10-31 11:06:00
258	POLINESIA FRANCESA	2017-10-31 11:06:00	2017-10-31 11:06:00
260	TERRITORIOS AUSTRALES FRANCESES	2017-10-31 11:06:00	2017-10-31 11:06:00
262	YIBUTI	2017-10-31 11:06:00	2017-10-31 11:06:00
266	GABÓN	2017-10-31 11:06:00	2017-10-31 11:06:00
268	GEORGIA	2017-10-31 11:06:00	2017-10-31 11:06:00
270	GAMBIA	2017-10-31 11:06:00	2017-10-31 11:06:00
275	PALESTINA	2017-10-31 11:06:00	2017-10-31 11:06:00
276	ALEMANIA	2017-10-31 11:06:00	2017-10-31 11:06:00
288	GHANA	2017-10-31 11:06:00	2017-10-31 11:06:00
292	GIBRALTAR	2017-10-31 11:06:00	2017-10-31 11:06:00
296	KIRIBATI	2017-10-31 11:06:00	2017-10-31 11:06:00
300	GRECIA	2017-10-31 11:06:00	2017-10-31 11:06:00
304	GROENLANDIA	2017-10-31 11:06:00	2017-10-31 11:06:00
308	GRANADA	2017-10-31 11:06:00	2017-10-31 11:06:00
312	GUADALUPE	2017-10-31 11:06:00	2017-10-31 11:06:00
316	GUAM	2017-10-31 11:06:00	2017-10-31 11:06:00
320	GUATEMALA	2017-10-31 11:06:00	2017-10-31 11:06:00
324	GUINEA	2017-10-31 11:06:00	2017-10-31 11:06:00
328	GUAYANA	2017-10-31 11:06:00	2017-10-31 11:06:00
332	HAITÍ	2017-10-31 11:06:00	2017-10-31 11:06:00
334	ISLAS HEARD Y MCDONALD	2017-10-31 11:06:00	2017-10-31 11:06:00
336	CIUDAD DEL VATICANO	2017-10-31 11:06:00	2017-10-31 11:06:00
340	HONDURAS	2017-10-31 11:06:00	2017-10-31 11:06:00
344	HONG KONG	2017-10-31 11:06:00	2017-10-31 11:06:00
348	HUNGRÍA	2017-10-31 11:06:00	2017-10-31 11:06:00
352	ISLANDIA	2017-10-31 11:06:00	2017-10-31 11:06:00
356	INDIA	2017-10-31 11:06:00	2017-10-31 11:06:00
360	INDONESIA	2017-10-31 11:06:00	2017-10-31 11:06:00
364	IRÁN	2017-10-31 11:06:00	2017-10-31 11:06:00
368	IRAK	2017-10-31 11:06:00	2017-10-31 11:06:00
372	IRLANDA	2017-10-31 11:06:00	2017-10-31 11:06:00
376	ISRAEL	2017-10-31 11:06:00	2017-10-31 11:06:00
380	ITALIA	2017-10-31 11:06:00	2017-10-31 11:06:00
384	COSTA DE MARFIL	2017-10-31 11:06:00	2017-10-31 11:06:00
388	JAMAICA	2017-10-31 11:06:00	2017-10-31 11:06:00
392	JAPÓN	2017-10-31 11:06:00	2017-10-31 11:06:00
398	KAZAJSTÁN	2017-10-31 11:06:00	2017-10-31 11:06:00
400	JORDANIA	2017-10-31 11:06:00	2017-10-31 11:06:00
404	KENIA	2017-10-31 11:06:00	2017-10-31 11:06:00
408	COREA DEL NORTE	2017-10-31 11:06:00	2017-10-31 11:06:00
410	COREA DEL SUR	2017-10-31 11:06:00	2017-10-31 11:06:00
414	KUWAIT	2017-10-31 11:06:00	2017-10-31 11:06:00
417	KIRGUISTÁN	2017-10-31 11:06:00	2017-10-31 11:06:00
418	LAOS	2017-10-31 11:06:00	2017-10-31 11:06:00
422	LÍBANO	2017-10-31 11:06:00	2017-10-31 11:06:00
426	LESOTHO	2017-10-31 11:06:00	2017-10-31 11:06:00
428	LETONIA	2017-10-31 11:06:00	2017-10-31 11:06:00
430	LIBERIA	2017-10-31 11:06:00	2017-10-31 11:06:00
434	LIBIA	2017-10-31 11:06:00	2017-10-31 11:06:00
438	LIECHTENSTEIN	2017-10-31 11:06:00	2017-10-31 11:06:00
440	LITUANIA	2017-10-31 11:06:00	2017-10-31 11:06:00
442	LUXEMBURGO	2017-10-31 11:06:00	2017-10-31 11:06:00
446	MACAO	2017-10-31 11:06:00	2017-10-31 11:06:00
450	MADAGASCAR	2017-10-31 11:06:00	2017-10-31 11:06:00
454	MALAWI	2017-10-31 11:06:00	2017-10-31 11:06:00
458	MALASIA	2017-10-31 11:06:00	2017-10-31 11:06:00
462	MALDIVAS	2017-10-31 11:06:00	2017-10-31 11:06:00
466	MALI	2017-10-31 11:06:00	2017-10-31 11:06:00
470	MALTA	2017-10-31 11:06:00	2017-10-31 11:06:00
474	MARTINICA	2017-10-31 11:06:00	2017-10-31 11:06:00
478	MAURITANIA	2017-10-31 11:06:00	2017-10-31 11:06:00
480	MAURICIO	2017-10-31 11:06:00	2017-10-31 11:06:00
484	MÉXICO	2017-10-31 11:06:00	2017-10-31 11:06:00
492	MÓNACO	2017-10-31 11:06:00	2017-10-31 11:06:00
496	MONGOLIA	2017-10-31 11:06:00	2017-10-31 11:06:00
498	MOLDOVA	2017-10-31 11:06:00	2017-10-31 11:06:00
499	MONTENEGRO	2017-10-31 11:06:00	2017-10-31 11:06:00
500	MONTSERRAT	2017-10-31 11:06:00	2017-10-31 11:06:00
504	MARRUECOS	2017-10-31 11:06:00	2017-10-31 11:06:00
508	MOZAMBIQUE	2017-10-31 11:06:00	2017-10-31 11:06:00
512	OMÁN	2017-10-31 11:06:00	2017-10-31 11:06:00
516	NAMIBIA	2017-10-31 11:06:00	2017-10-31 11:06:00
520	NAURU	2017-10-31 11:06:00	2017-10-31 11:06:00
524	NEPAL	2017-10-31 11:06:00	2017-10-31 11:06:00
528	PAÍSES BAJOS	2017-10-31 11:06:00	2017-10-31 11:06:00
530	ANTILLAS NEERLANDESAS	2017-10-31 11:06:00	2017-10-31 11:06:00
533	ARUBA	2017-10-31 11:06:00	2017-10-31 11:06:00
540	NUEVA CALEDONIA	2017-10-31 11:06:00	2017-10-31 11:06:00
548	VANUATU	2017-10-31 11:06:00	2017-10-31 11:06:00
554	NUEVA ZELANDA	2017-10-31 11:06:00	2017-10-31 11:06:00
558	NICARAGUA	2017-10-31 11:06:00	2017-10-31 11:06:00
562	NÍGER	2017-10-31 11:06:00	2017-10-31 11:06:00
566	NIGERIA	2017-10-31 11:06:00	2017-10-31 11:06:00
570	NIUE	2017-10-31 11:06:00	2017-10-31 11:06:00
574	ISLAS NORKFOLK	2017-10-31 11:06:00	2017-10-31 11:06:00
578	NORUEGA	2017-10-31 11:06:00	2017-10-31 11:06:00
583	MICRONESIA	2017-10-31 11:06:00	2017-10-31 11:06:00
584	ISLAS MARSHALL	2017-10-31 11:06:00	2017-10-31 11:06:00
585	ISLAS PALAOS	2017-10-31 11:06:00	2017-10-31 11:06:00
586	PAKISTÁN	2017-10-31 11:06:00	2017-10-31 11:06:00
591	PANAMÁ	2017-10-31 11:06:00	2017-10-31 11:06:00
598	PAPÚA NUEVA GUINEA	2017-10-31 11:06:00	2017-10-31 11:06:00
600	PARAGUAY	2017-10-31 11:06:00	2017-10-31 11:06:00
604	PERÚ	2017-10-31 11:06:00	2017-10-31 11:06:00
608	FILIPINAS	2017-10-31 11:06:00	2017-10-31 11:06:00
612	ISLAS PITCAIRN	2017-10-31 11:06:00	2017-10-31 11:06:00
616	POLONIA	2017-10-31 11:06:00	2017-10-31 11:06:00
620	PORTUGAL	2017-10-31 11:06:00	2017-10-31 11:06:00
624	GUINEA-BISSAU	2017-10-31 11:06:00	2017-10-31 11:06:00
626	TIMOR-LESTE	2017-10-31 11:06:00	2017-10-31 11:06:00
630	PUERTO RICO	2017-10-31 11:06:00	2017-10-31 11:06:00
634	QATAR	2017-10-31 11:06:00	2017-10-31 11:06:00
638	REUNIÓN	2017-10-31 11:06:00	2017-10-31 11:06:00
642	RUMANÍA	2017-10-31 11:06:00	2017-10-31 11:06:00
643	RUSIA	2017-10-31 11:06:00	2017-10-31 11:06:00
646	RUANDA	2017-10-31 11:06:00	2017-10-31 11:06:00
652	SAN BARTOLOMÉ	2017-10-31 11:06:00	2017-10-31 11:06:00
654	SANTA ELENA	2017-10-31 11:06:00	2017-10-31 11:06:00
659	SAN CRISTÓBAL Y NIEVES	2017-10-31 11:06:00	2017-10-31 11:06:00
660	ANGUILA	2017-10-31 11:06:00	2017-10-31 11:06:00
662	SANTA LUCÍA	2017-10-31 11:06:00	2017-10-31 11:06:00
666	SAN PEDRO Y MIQUELÓN	2017-10-31 11:06:00	2017-10-31 11:06:00
670	SAN VICENTE Y LAS GRANADINAS	2017-10-31 11:06:00	2017-10-31 11:06:00
674	SAN MARINO	2017-10-31 11:06:00	2017-10-31 11:06:00
678	SANTO TOMÉ Y PRÍNCIPE	2017-10-31 11:06:00	2017-10-31 11:06:00
682	ARABIA SAUDITA	2017-10-31 11:06:00	2017-10-31 11:06:00
686	SENEGAL	2017-10-31 11:06:00	2017-10-31 11:06:00
688	SERBIA Y MONTENEGRO	2017-10-31 11:06:00	2017-10-31 11:06:00
690	SEYCHELLES	2017-10-31 11:06:00	2017-10-31 11:06:00
694	SIERRA LEONA	2017-10-31 11:06:00	2017-10-31 11:06:00
702	SINGAPUR	2017-10-31 11:06:00	2017-10-31 11:06:00
703	ESLOVAQUIA	2017-10-31 11:06:00	2017-10-31 11:06:00
704	VIETNAM	2017-10-31 11:06:00	2017-10-31 11:06:00
705	ESLOVENIA	2017-10-31 11:06:00	2017-10-31 11:06:00
706	SOMALIA	2017-10-31 11:06:00	2017-10-31 11:06:00
710	SUDÁFRICA	2017-10-31 11:06:00	2017-10-31 11:06:00
724	ESPAÑA	2017-10-31 11:06:00	2017-10-31 11:06:00
732	SAHARA OCCIDENTAL	2017-10-31 11:06:00	2017-10-31 11:06:00
736	SUDÁN	2017-10-31 11:06:00	2017-10-31 11:06:00
740	SURINAM	2017-10-31 11:06:00	2017-10-31 11:06:00
744	ISLAS SVALBARD Y JAN MAYEN	2017-10-31 11:06:00	2017-10-31 11:06:00
748	SUAZILANDIA	2017-10-31 11:06:00	2017-10-31 11:06:00
752	SUECIA	2017-10-31 11:06:00	2017-10-31 11:06:00
756	SUIZA	2017-10-31 11:06:00	2017-10-31 11:06:00
760	SIRIA	2017-10-31 11:06:00	2017-10-31 11:06:00
762	TAYIKISTÁN	2017-10-31 11:06:00	2017-10-31 11:06:00
764	TAILANDIA	2017-10-31 11:06:00	2017-10-31 11:06:00
768	TOGO	2017-10-31 11:06:00	2017-10-31 11:06:00
772	TOKELAU	2017-10-31 11:06:00	2017-10-31 11:06:00
776	TONGA	2017-10-31 11:06:00	2017-10-31 11:06:00
780	TRINIDAD Y TOBAGO	2017-10-31 11:06:00	2017-10-31 11:06:00
784	EMIRATOS ÁRABES UNIDOS	2017-10-31 11:06:00	2017-10-31 11:06:00
788	TÚNEZ	2017-10-31 11:06:00	2017-10-31 11:06:00
792	TURQUÍA	2017-10-31 11:06:00	2017-10-31 11:06:00
795	TURKMENISTÁN	2017-10-31 11:06:00	2017-10-31 11:06:00
796	ISLAS TURCAS Y CAICOS	2017-10-31 11:06:00	2017-10-31 11:06:00
798	TUVALU	2017-10-31 11:06:00	2017-10-31 11:06:00
800	UGANDA	2017-10-31 11:06:00	2017-10-31 11:06:00
804	UCRANIA	2017-10-31 11:06:00	2017-10-31 11:06:00
807	MACEDONIA	2017-10-31 11:06:00	2017-10-31 11:06:00
818	EGIPTO	2017-10-31 11:06:00	2017-10-31 11:06:00
826	REINO UNIDO	2017-10-31 11:06:00	2017-10-31 11:06:00
831	GUERNSEY	2017-10-31 11:06:00	2017-10-31 11:06:00
832	JERSEY	2017-10-31 11:06:00	2017-10-31 11:06:00
833	ISLA DE MAN	2017-10-31 11:06:00	2017-10-31 11:06:00
834	TANZANIA	2017-10-31 11:06:00	2017-10-31 11:06:00
840	ESTADOS UNIDOS DE AMÉRICA	2017-10-31 11:06:00	2017-10-31 11:06:00
850	ISLAS VÍRGENES DE LOS ESTADOS UNIDOS DE AMÉRICA	2017-10-31 11:06:00	2017-10-31 11:06:00
854	BURKINA FASO	2017-10-31 11:06:00	2017-10-31 11:06:00
858	URUGUAY	2017-10-31 11:06:00	2017-10-31 11:06:00
860	UZBEKISTÁN	2017-10-31 11:06:00	2017-10-31 11:06:00
862	VENEZUELA	2017-10-31 11:06:00	2017-10-31 11:06:00
876	WALLIS Y FUTUNA	2017-10-31 11:06:00	2017-10-31 11:06:00
882	SAMOA	2017-10-31 11:06:00	2017-10-31 11:06:00
887	YEMEN	2017-10-31 11:06:00	2017-10-31 11:06:00
\.


--
-- Data for Name: permisos; Type: TABLE DATA; Schema: public; Owner: postgres
--

COPY permisos (id_permiso, nom_permiso, det_permiso, cod_permiso, id_usuario_registra, id_usuario_modifica, created_at, updated_at) FROM stdin;
\.


--
-- Data for Name: region; Type: TABLE DATA; Schema: public; Owner: postgres
--

COPY region (id_region, nombre_region, alias, orden, created_at, updated_at) FROM stdin;
1	De Tarapacá	I	2	2017-10-31 11:06:00	2017-10-31 11:06:00
2	De Antofagasta	II	3	2017-10-31 11:06:00	2017-10-31 11:06:00
3	De Atacama	III	4	2017-10-31 11:06:00	2017-10-31 11:06:00
4	De Coquimbo	IV	5	2017-10-31 11:06:00	2017-10-31 11:06:00
5	De Valparaíso	V	6	2017-10-31 11:06:00	2017-10-31 11:06:00
6	Del Libertador B. O´Higgins	VI	8	2017-10-31 11:06:00	2017-10-31 11:06:00
7	Del Maule	VII	9	2017-10-31 11:06:00	2017-10-31 11:06:00
8	Del Biobío	VIII	10	2017-10-31 11:06:00	2017-10-31 11:06:00
9	De La Araucanía	IX	11	2017-10-31 11:06:00	2017-10-31 11:06:00
10	De Los Lagos	X	13	2017-10-31 11:06:00	2017-10-31 11:06:00
11	De Aisén del Gral.C.Ibañez del Campo	XI	14	2017-10-31 11:06:00	2017-10-31 11:06:00
12	De Magallanes  y de La Antártica chilena	XII	15	2017-10-31 11:06:00	2017-10-31 11:06:00
13	Metropolitana De Santiago	RM	7	2017-10-31 11:06:00	2017-10-31 11:06:00
14	De Los Rios	XIV	12	2017-10-31 11:06:00	2017-10-31 11:06:00
15	De Arica y Parinacota	XV	1	2017-10-31 11:06:00	2017-10-31 11:06:00
\.


--
-- Data for Name: roles; Type: TABLE DATA; Schema: public; Owner: postgres
--

COPY roles (id_role, nom_role, det_role, id_usuario_registra, id_usuario_modifica, created_at, updated_at) FROM stdin;
\.


--
-- Data for Name: roles_permisos; Type: TABLE DATA; Schema: public; Owner: postgres
--

COPY roles_permisos (id_role_permiso, id_role, id_permiso, id_usuario_registra, id_usuario_modifica, created_at, updated_at) FROM stdin;
\.


--
-- Data for Name: servicio_salud; Type: TABLE DATA; Schema: public; Owner: postgres
--

COPY servicio_salud (id_servicio_salud, id_region, nombre_servicio_salud, orden, created_at, updated_at) FROM stdin;
1	15	Arica	1	2017-10-31 11:06:00	2017-10-31 11:06:00
2	1	Iquique	2	2017-10-31 11:06:00	2017-10-31 11:06:00
3	2	Antofagasta	3	2017-10-31 11:06:00	2017-10-31 11:06:00
4	3	Atacama	4	2017-10-31 11:06:00	2017-10-31 11:06:00
5	4	Coquimbo	5	2017-10-31 11:06:00	2017-10-31 11:06:00
6	5	Valparaíso San Antonio	6	2017-10-31 11:06:00	2017-10-31 11:06:00
7	5	Viña del Mar Quillota	7	2017-10-31 11:06:00	2017-10-31 11:06:00
8	5	Aconcagua	8	2017-10-31 11:06:00	2017-10-31 11:06:00
9	13	Metropolitano Norte	9	2017-10-31 11:06:00	2017-10-31 11:06:00
10	13	Metropolitano Occidente	10	2017-10-31 11:06:00	2017-10-31 11:06:00
11	13	Metropolitano Central	11	2017-10-31 11:06:00	2017-10-31 11:06:00
12	13	Metropolitano Oriente	12	2017-10-31 11:06:00	2017-10-31 11:06:00
13	13	Metropolitano Sur	13	2017-10-31 11:06:00	2017-10-31 11:06:00
14	13	Metropolitano Sur Oriente	14	2017-10-31 11:06:00	2017-10-31 11:06:00
15	6	Del Libertador B. O´Higgins	15	2017-10-31 11:06:00	2017-10-31 11:06:00
16	7	Del Maule	16	2017-10-31 11:06:00	2017-10-31 11:06:00
17	8	Ñuble	17	2017-10-31 11:06:00	2017-10-31 11:06:00
18	8	Concepción	18	2017-10-31 11:06:00	2017-10-31 11:06:00
19	8	Talcahuano	20	2017-10-31 11:06:00	2017-10-31 11:06:00
20	8	Biobío	21	2017-10-31 11:06:00	2017-10-31 11:06:00
21	9	Araucanía Sur	23	2017-10-31 11:06:00	2017-10-31 11:06:00
22	14	Valdivia	24	2017-10-31 11:06:00	2017-10-31 11:06:00
23	10	Osorno	25	2017-10-31 11:06:00	2017-10-31 11:06:00
24	10	Del Reloncaví	26	2017-10-31 11:06:00	2017-10-31 11:06:00
25	11	Aisén	28	2017-10-31 11:06:00	2017-10-31 11:06:00
26	12	Magallanes	29	2017-10-31 11:06:00	2017-10-31 11:06:00
28	8	Arauco	19	2017-10-31 11:06:00	2017-10-31 11:06:00
29	9	Araucanía Norte	22	2017-10-31 11:06:00	2017-10-31 11:06:00
33	10	Chiloé	27	2017-10-31 11:06:00	2017-10-31 11:06:00
\.


--
-- Data for Name: servicios; Type: TABLE DATA; Schema: public; Owner: postgres
--

COPY servicios (id_servicio, id_actividad, id_usuario, nom_servicio, det_servicio, id_usuario_registra, id_usuario_modifica, created_at, updated_at) FROM stdin;
\.


--
-- Data for Name: servicios_estados; Type: TABLE DATA; Schema: public; Owner: postgres
--

COPY servicios_estados (id_servicio_estado, id_servicio, id_estado, id_usuario_registra, id_usuario_modifica, created_at, updated_at) FROM stdin;
\.


--
-- Data for Name: servicios_permisos; Type: TABLE DATA; Schema: public; Owner: postgres
--

COPY servicios_permisos (id_servicio_permiso, id_servicio, id_permiso, id_usuario_registra, id_usuario_modifica, created_at, updated_at) FROM stdin;
\.


--
-- Data for Name: servicios_tags; Type: TABLE DATA; Schema: public; Owner: postgres
--

COPY servicios_tags (id_servicio_tag, id_servicio, id_tag, id_usuario_registra, id_usuario_modifica, created_at, updated_at) FROM stdin;
\.


--
-- Data for Name: servidor_aplicaciones; Type: TABLE DATA; Schema: public; Owner: postgres
--

COPY servidor_aplicaciones (id_servidor_aplicacion, id_datacentro, id_sistema_operativo, id_dominio, nom_servidor, ip_servidor, url_servidor, id_usuario_registra, id_usuario_modifica, created_at, updated_at) FROM stdin;
\.


--
-- Data for Name: servidores_accesos; Type: TABLE DATA; Schema: public; Owner: postgres
--

COPY servidores_accesos (id_servidor_acceso, id_aplicacion, id_servidor, username, password, tipo_acceso, puerto_acceso, id_usuario_registra, id_usuario_modifica, created_at, updated_at) FROM stdin;
\.


--
-- Data for Name: sistemas_operativos; Type: TABLE DATA; Schema: public; Owner: postgres
--

COPY sistemas_operativos (id_sistema_operativo, arquitectura, nom_so, det_so, vers_so, licencia_so, det_licencia, id_usuario_registra, id_usuario_modifica, created_at, updated_at) FROM stdin;
\.


--
-- Data for Name: tags; Type: TABLE DATA; Schema: public; Owner: postgres
--

COPY tags (id_tag, nom_tag, det_tag, meta_tag, id_usuario_registra, id_usuario_modifica, created_at, updated_at) FROM stdin;
\.


--
-- Data for Name: tecnologia_desarrollo; Type: TABLE DATA; Schema: public; Owner: postgres
--

COPY tecnologia_desarrollo (id_tecnologia_desarrollo, id_tipo_tecnologia, nom_tecnologia, det_tecnologia, vers_tecnologia, id_usuario_registra, id_usuario_modifica, created_at, updated_at) FROM stdin;
\.


--
-- Data for Name: tipos_aplicaciones; Type: TABLE DATA; Schema: public; Owner: postgres
--

COPY tipos_aplicaciones (id_tipo_aplicacion, nom_tipo_aplicacion, det_tipo_aplicacion, cod_tipo_aplicacion, id_usuario_registra, id_usuario_modifica, created_at, updated_at) FROM stdin;
\.


--
-- Data for Name: tipos_tecnologias_desarrollo; Type: TABLE DATA; Schema: public; Owner: postgres
--

COPY tipos_tecnologias_desarrollo (id_tipo_tecnologia_desarrollo, nom_tipo, det_tipo, cod_tipo, id_usuario_registra, id_usuario_modifica, created_at, updated_at) FROM stdin;
\.


--
-- Data for Name: usuarios; Type: TABLE DATA; Schema: public; Owner: postgres
--

COPY usuarios (id_usuario, nom_usuario, nom_completo, ape_paterno, ape_materno, username, email, password, remember_token, id_usuario_registra, id_usuario_modifica, created_at, updated_at) FROM stdin;
\.


--
-- Data for Name: usuarios_bitacora_servicios; Type: TABLE DATA; Schema: public; Owner: postgres
--

COPY usuarios_bitacora_servicios (id_usuario_bitacora_servicio, id_usuario, id_servicio, id_actividad, asunto, det_bitacora, id_usuario_registra, id_usuario_modifica, created_at, updated_at) FROM stdin;
\.


--
-- Data for Name: usuarios_cargos; Type: TABLE DATA; Schema: public; Owner: postgres
--

COPY usuarios_cargos (id_usuario_cargo, id_usuario, id_cargo, id_usuario_registra, id_usuario_modifica, created_at, updated_at) FROM stdin;
\.


--
-- Data for Name: usuarios_estados; Type: TABLE DATA; Schema: public; Owner: postgres
--

COPY usuarios_estados (id_usuario_estado, id_estado, id_usuario, id_usuario_registra, id_usuario_modifica, created_at, updated_at) FROM stdin;
\.


--
-- Data for Name: usuarios_roles; Type: TABLE DATA; Schema: public; Owner: postgres
--

COPY usuarios_roles (id_usuario_role, id_role, id_usuario, id_usuario_registra, id_usuario_modifica, created_at, updated_at) FROM stdin;
\.


--
-- Data for Name: usuarios_servicios; Type: TABLE DATA; Schema: public; Owner: postgres
--

COPY usuarios_servicios (id_usuario_servicio, id_usuario, id_servicio, id_usuario_registra, id_usuario_modifica, created_at, updated_at) FROM stdin;
\.


--
-- Name: accesos_aplicaciones_id_seq; Type: SEQUENCE SET; Schema: public; Owner: postgres
--

SELECT pg_catalog.setval('accesos_aplicaciones_id_seq', 1, false);


--
-- Name: accesos_servidores_id_seq; Type: SEQUENCE SET; Schema: public; Owner: postgres
--

SELECT pg_catalog.setval('accesos_servidores_id_seq', 1, false);


--
-- Name: actividades_id_seq; Type: SEQUENCE SET; Schema: public; Owner: postgres
--

SELECT pg_catalog.setval('actividades_id_seq', 1, false);


--
-- Name: actividades_tags_id_seq; Type: SEQUENCE SET; Schema: public; Owner: postgres
--

SELECT pg_catalog.setval('actividades_tags_id_seq', 1, false);


--
-- Name: aplicaciones_estados_id_seq; Type: SEQUENCE SET; Schema: public; Owner: postgres
--

SELECT pg_catalog.setval('aplicaciones_estados_id_seq', 1, false);


--
-- Name: aplicaciones_id_seq; Type: SEQUENCE SET; Schema: public; Owner: postgres
--

SELECT pg_catalog.setval('aplicaciones_id_seq', 1, false);


--
-- Name: aplicaciones_tags_id_seq; Type: SEQUENCE SET; Schema: public; Owner: postgres
--

SELECT pg_catalog.setval('aplicaciones_tags_id_seq', 1, false);


--
-- Name: aplicaciones_tecnologias_id_seq; Type: SEQUENCE SET; Schema: public; Owner: postgres
--

SELECT pg_catalog.setval('aplicaciones_tecnologias_id_seq', 1, false);


--
-- Name: cargos_id_seq; Type: SEQUENCE SET; Schema: public; Owner: postgres
--

SELECT pg_catalog.setval('cargos_id_seq', 1, false);


--
-- Name: catalogos_servicios_id_seq; Type: SEQUENCE SET; Schema: public; Owner: postgres
--

SELECT pg_catalog.setval('catalogos_servicios_id_seq', 1, false);


--
-- Name: catalogos_servicios_tags_id_seq; Type: SEQUENCE SET; Schema: public; Owner: postgres
--

SELECT pg_catalog.setval('catalogos_servicios_tags_id_seq', 1, false);


--
-- Name: datacentros_id_seq; Type: SEQUENCE SET; Schema: public; Owner: postgres
--

SELECT pg_catalog.setval('datacentros_id_seq', 1, false);


--
-- Name: dominios_id_seq; Type: SEQUENCE SET; Schema: public; Owner: postgres
--

SELECT pg_catalog.setval('dominios_id_seq', 1, false);


--
-- Name: entregas_credenciales_usuarios_id_seq; Type: SEQUENCE SET; Schema: public; Owner: postgres
--

SELECT pg_catalog.setval('entregas_credenciales_usuarios_id_seq', 1, false);


--
-- Name: estados_id_seq; Type: SEQUENCE SET; Schema: public; Owner: postgres
--

SELECT pg_catalog.setval('estados_id_seq', 1, false);


--
-- Name: fuentes_aplicaciones_id_seq; Type: SEQUENCE SET; Schema: public; Owner: postgres
--

SELECT pg_catalog.setval('fuentes_aplicaciones_id_seq', 1, false);


--
-- Name: log_navegacion_id_seq; Type: SEQUENCE SET; Schema: public; Owner: postgres
--

SELECT pg_catalog.setval('log_navegacion_id_seq', 1, false);


--
-- Name: permisos_id_seq; Type: SEQUENCE SET; Schema: public; Owner: postgres
--

SELECT pg_catalog.setval('permisos_id_seq', 1, false);


--
-- Name: roles_id_seq; Type: SEQUENCE SET; Schema: public; Owner: postgres
--

SELECT pg_catalog.setval('roles_id_seq', 1, false);


--
-- Name: roles_permisos_id_seq; Type: SEQUENCE SET; Schema: public; Owner: postgres
--

SELECT pg_catalog.setval('roles_permisos_id_seq', 1, false);


--
-- Name: servicios_estados_id_seq; Type: SEQUENCE SET; Schema: public; Owner: postgres
--

SELECT pg_catalog.setval('servicios_estados_id_seq', 1, false);


--
-- Name: servicios_id_seq; Type: SEQUENCE SET; Schema: public; Owner: postgres
--

SELECT pg_catalog.setval('servicios_id_seq', 1, false);


--
-- Name: servicios_permisos_id_seq; Type: SEQUENCE SET; Schema: public; Owner: postgres
--

SELECT pg_catalog.setval('servicios_permisos_id_seq', 1, false);


--
-- Name: servicios_tags_id_seq; Type: SEQUENCE SET; Schema: public; Owner: postgres
--

SELECT pg_catalog.setval('servicios_tags_id_seq', 1, false);


--
-- Name: servidor_aplicaciones_id_seq; Type: SEQUENCE SET; Schema: public; Owner: postgres
--

SELECT pg_catalog.setval('servidor_aplicaciones_id_seq', 1, false);


--
-- Name: sistemas_operativos_id_seq; Type: SEQUENCE SET; Schema: public; Owner: postgres
--

SELECT pg_catalog.setval('sistemas_operativos_id_seq', 1, false);


--
-- Name: tags_id_seq; Type: SEQUENCE SET; Schema: public; Owner: postgres
--

SELECT pg_catalog.setval('tags_id_seq', 1, false);


--
-- Name: tecnologia_desarrollo_id_seq; Type: SEQUENCE SET; Schema: public; Owner: postgres
--

SELECT pg_catalog.setval('tecnologia_desarrollo_id_seq', 1, false);


--
-- Name: tipos_aplicaciones_id_seq; Type: SEQUENCE SET; Schema: public; Owner: postgres
--

SELECT pg_catalog.setval('tipos_aplicaciones_id_seq', 1, false);


--
-- Name: tipos_tecnologias_desarrollo_id_seq; Type: SEQUENCE SET; Schema: public; Owner: postgres
--

SELECT pg_catalog.setval('tipos_tecnologias_desarrollo_id_seq', 1, false);


--
-- Name: usuarios_bitacora_servicios_id_seq; Type: SEQUENCE SET; Schema: public; Owner: postgres
--

SELECT pg_catalog.setval('usuarios_bitacora_servicios_id_seq', 1, false);


--
-- Name: usuarios_cargos_id_seq; Type: SEQUENCE SET; Schema: public; Owner: postgres
--

SELECT pg_catalog.setval('usuarios_cargos_id_seq', 1, false);


--
-- Name: usuarios_estados_id_seq; Type: SEQUENCE SET; Schema: public; Owner: postgres
--

SELECT pg_catalog.setval('usuarios_estados_id_seq', 1, false);


--
-- Name: usuarios_id_seq; Type: SEQUENCE SET; Schema: public; Owner: postgres
--

SELECT pg_catalog.setval('usuarios_id_seq', 1, false);


--
-- Name: usuarios_roles_id_seq; Type: SEQUENCE SET; Schema: public; Owner: postgres
--

SELECT pg_catalog.setval('usuarios_roles_id_seq', 1, false);


--
-- Name: usuarios_servicios_id_seq; Type: SEQUENCE SET; Schema: public; Owner: postgres
--

SELECT pg_catalog.setval('usuarios_servicios_id_seq', 1, false);


--
-- Name: aplicaciones_accesos accesos_aplicaciones_pkey; Type: CONSTRAINT; Schema: public; Owner: postgres
--

ALTER TABLE ONLY aplicaciones_accesos
    ADD CONSTRAINT accesos_aplicaciones_pkey PRIMARY KEY (id_acceso_aplicacion);


--
-- Name: servidores_accesos accesos_servidores_pkey; Type: CONSTRAINT; Schema: public; Owner: postgres
--

ALTER TABLE ONLY servidores_accesos
    ADD CONSTRAINT accesos_servidores_pkey PRIMARY KEY (id_servidor_acceso);


--
-- Name: actividades actividades_pkey; Type: CONSTRAINT; Schema: public; Owner: postgres
--

ALTER TABLE ONLY actividades
    ADD CONSTRAINT actividades_pkey PRIMARY KEY (id_actividad);


--
-- Name: actividades_tags actividades_tags_pkey; Type: CONSTRAINT; Schema: public; Owner: postgres
--

ALTER TABLE ONLY actividades_tags
    ADD CONSTRAINT actividades_tags_pkey PRIMARY KEY (id_actividad_tag);


--
-- Name: aplicaciones_estados aplicaciones_estados_pkey; Type: CONSTRAINT; Schema: public; Owner: postgres
--

ALTER TABLE ONLY aplicaciones_estados
    ADD CONSTRAINT aplicaciones_estados_pkey PRIMARY KEY (id_aplicacion_estado);


--
-- Name: aplicaciones aplicaciones_pkey; Type: CONSTRAINT; Schema: public; Owner: postgres
--

ALTER TABLE ONLY aplicaciones
    ADD CONSTRAINT aplicaciones_pkey PRIMARY KEY (id_aplicacion);


--
-- Name: aplicaciones_tags aplicaciones_tags_pkey; Type: CONSTRAINT; Schema: public; Owner: postgres
--

ALTER TABLE ONLY aplicaciones_tags
    ADD CONSTRAINT aplicaciones_tags_pkey PRIMARY KEY (id_aplicacion_tag);


--
-- Name: aplicaciones_tecnologias aplicaciones_tecnologias_pkey; Type: CONSTRAINT; Schema: public; Owner: postgres
--

ALTER TABLE ONLY aplicaciones_tecnologias
    ADD CONSTRAINT aplicaciones_tecnologias_pkey PRIMARY KEY (id_aplicacion_tecnologia);


--
-- Name: cargos cargos_pkey; Type: CONSTRAINT; Schema: public; Owner: postgres
--

ALTER TABLE ONLY cargos
    ADD CONSTRAINT cargos_pkey PRIMARY KEY (id_cargo);


--
-- Name: catalogos_servicios catalogos_servicios_pkey; Type: CONSTRAINT; Schema: public; Owner: postgres
--

ALTER TABLE ONLY catalogos_servicios
    ADD CONSTRAINT catalogos_servicios_pkey PRIMARY KEY (id_catalogo_servicio);


--
-- Name: catalogos_servicios_tags catalogos_servicios_tags_pkey; Type: CONSTRAINT; Schema: public; Owner: postgres
--

ALTER TABLE ONLY catalogos_servicios_tags
    ADD CONSTRAINT catalogos_servicios_tags_pkey PRIMARY KEY (id_catalogo_servicio_tag);


--
-- Name: datacentros datacentros_pkey; Type: CONSTRAINT; Schema: public; Owner: postgres
--

ALTER TABLE ONLY datacentros
    ADD CONSTRAINT datacentros_pkey PRIMARY KEY (id_datacentro);


--
-- Name: dominios dominios_pkey; Type: CONSTRAINT; Schema: public; Owner: postgres
--

ALTER TABLE ONLY dominios
    ADD CONSTRAINT dominios_pkey PRIMARY KEY (id_dominio);


--
-- Name: entregas_credenciales_usuarios entregas_credenciales_usuarios_pkey; Type: CONSTRAINT; Schema: public; Owner: postgres
--

ALTER TABLE ONLY entregas_credenciales_usuarios
    ADD CONSTRAINT entregas_credenciales_usuarios_pkey PRIMARY KEY (id_entrega_credencial_usuario);


--
-- Name: estados estados_pkey; Type: CONSTRAINT; Schema: public; Owner: postgres
--

ALTER TABLE ONLY estados
    ADD CONSTRAINT estados_pkey PRIMARY KEY (id_estado);


--
-- Name: fuentes_aplicaciones fuentes_aplicaciones_pkey; Type: CONSTRAINT; Schema: public; Owner: postgres
--

ALTER TABLE ONLY fuentes_aplicaciones
    ADD CONSTRAINT fuentes_aplicaciones_pkey PRIMARY KEY (id_fuente_aplicacion);


--
-- Name: log_navegacion log_navegacion_pkey; Type: CONSTRAINT; Schema: public; Owner: postgres
--

ALTER TABLE ONLY log_navegacion
    ADD CONSTRAINT log_navegacion_pkey PRIMARY KEY (id_log_navegacion);


--
-- Name: permisos permisos_pkey; Type: CONSTRAINT; Schema: public; Owner: postgres
--

ALTER TABLE ONLY permisos
    ADD CONSTRAINT permisos_pkey PRIMARY KEY (id_permiso);


--
-- Name: roles_permisos roles_permisos_pkey; Type: CONSTRAINT; Schema: public; Owner: postgres
--

ALTER TABLE ONLY roles_permisos
    ADD CONSTRAINT roles_permisos_pkey PRIMARY KEY (id_role_permiso);


--
-- Name: roles roles_pkey; Type: CONSTRAINT; Schema: public; Owner: postgres
--

ALTER TABLE ONLY roles
    ADD CONSTRAINT roles_pkey PRIMARY KEY (id_role);


--
-- Name: servicios_estados servicios_estados_pkey; Type: CONSTRAINT; Schema: public; Owner: postgres
--

ALTER TABLE ONLY servicios_estados
    ADD CONSTRAINT servicios_estados_pkey PRIMARY KEY (id_servicio_estado);


--
-- Name: servicios_permisos servicios_permisos_pkey; Type: CONSTRAINT; Schema: public; Owner: postgres
--

ALTER TABLE ONLY servicios_permisos
    ADD CONSTRAINT servicios_permisos_pkey PRIMARY KEY (id_servicio_permiso);


--
-- Name: servicios servicios_pkey; Type: CONSTRAINT; Schema: public; Owner: postgres
--

ALTER TABLE ONLY servicios
    ADD CONSTRAINT servicios_pkey PRIMARY KEY (id_servicio);


--
-- Name: servicios_tags servicios_tags_pkey; Type: CONSTRAINT; Schema: public; Owner: postgres
--

ALTER TABLE ONLY servicios_tags
    ADD CONSTRAINT servicios_tags_pkey PRIMARY KEY (id_servicio_tag);


--
-- Name: servidor_aplicaciones servidor_aplicaciones_pkey; Type: CONSTRAINT; Schema: public; Owner: postgres
--

ALTER TABLE ONLY servidor_aplicaciones
    ADD CONSTRAINT servidor_aplicaciones_pkey PRIMARY KEY (id_servidor_aplicacion);


--
-- Name: sistemas_operativos sistemas_operativos_pkey; Type: CONSTRAINT; Schema: public; Owner: postgres
--

ALTER TABLE ONLY sistemas_operativos
    ADD CONSTRAINT sistemas_operativos_pkey PRIMARY KEY (id_sistema_operativo);


--
-- Name: tags tags_pkey; Type: CONSTRAINT; Schema: public; Owner: postgres
--

ALTER TABLE ONLY tags
    ADD CONSTRAINT tags_pkey PRIMARY KEY (id_tag);


--
-- Name: tecnologia_desarrollo tecnologia_desarrollo_pkey; Type: CONSTRAINT; Schema: public; Owner: postgres
--

ALTER TABLE ONLY tecnologia_desarrollo
    ADD CONSTRAINT tecnologia_desarrollo_pkey PRIMARY KEY (id_tecnologia_desarrollo);


--
-- Name: tipos_aplicaciones tipos_aplicaciones_pkey; Type: CONSTRAINT; Schema: public; Owner: postgres
--

ALTER TABLE ONLY tipos_aplicaciones
    ADD CONSTRAINT tipos_aplicaciones_pkey PRIMARY KEY (id_tipo_aplicacion);


--
-- Name: tipos_tecnologias_desarrollo tipos_tecnologias_desarrollo_pkey; Type: CONSTRAINT; Schema: public; Owner: postgres
--

ALTER TABLE ONLY tipos_tecnologias_desarrollo
    ADD CONSTRAINT tipos_tecnologias_desarrollo_pkey PRIMARY KEY (id_tipo_tecnologia_desarrollo);


--
-- Name: usuarios_bitacora_servicios usuarios_bitacora_servicios_pkey; Type: CONSTRAINT; Schema: public; Owner: postgres
--

ALTER TABLE ONLY usuarios_bitacora_servicios
    ADD CONSTRAINT usuarios_bitacora_servicios_pkey PRIMARY KEY (id_usuario_bitacora_servicio);


--
-- Name: usuarios_cargos usuarios_cargos_pkey; Type: CONSTRAINT; Schema: public; Owner: postgres
--

ALTER TABLE ONLY usuarios_cargos
    ADD CONSTRAINT usuarios_cargos_pkey PRIMARY KEY (id_usuario_cargo);


--
-- Name: usuarios_estados usuarios_estados_pkey; Type: CONSTRAINT; Schema: public; Owner: postgres
--

ALTER TABLE ONLY usuarios_estados
    ADD CONSTRAINT usuarios_estados_pkey PRIMARY KEY (id_usuario_estado);


--
-- Name: usuarios usuarios_pkey; Type: CONSTRAINT; Schema: public; Owner: postgres
--

ALTER TABLE ONLY usuarios
    ADD CONSTRAINT usuarios_pkey PRIMARY KEY (id_usuario);


--
-- Name: usuarios_roles usuarios_roles_pkey; Type: CONSTRAINT; Schema: public; Owner: postgres
--

ALTER TABLE ONLY usuarios_roles
    ADD CONSTRAINT usuarios_roles_pkey PRIMARY KEY (id_usuario_role);


--
-- Name: usuarios_servicios usuarios_servicios_pkey; Type: CONSTRAINT; Schema: public; Owner: postgres
--

ALTER TABLE ONLY usuarios_servicios
    ADD CONSTRAINT usuarios_servicios_pkey PRIMARY KEY (id_usuario_servicio);


--
-- PostgreSQL database dump complete
--

