--
-- PostgreSQL database dump
--

-- Dumped from database version 10.3 (Debian 10.3-2)
-- Dumped by pg_dump version 10.3 (Debian 10.3-2)

-- Started on 2018-04-11 17:59:42 -03

SET statement_timeout = 0;
SET lock_timeout = 0;
SET idle_in_transaction_session_timeout = 0;
SET client_encoding = 'UTF8';
SET standard_conforming_strings = on;
SELECT pg_catalog.set_config('search_path', '', false);
SET check_function_bodies = false;
SET client_min_messages = warning;
SET row_security = off;

--
-- TOC entry 1 (class 3079 OID 12980)
-- Name: plpgsql; Type: EXTENSION; Schema: -; Owner: 
--

CREATE EXTENSION IF NOT EXISTS plpgsql WITH SCHEMA pg_catalog;


--
-- TOC entry 3481 (class 0 OID 0)
-- Dependencies: 1
-- Name: EXTENSION plpgsql; Type: COMMENT; Schema: -; Owner: 
--

COMMENT ON EXTENSION plpgsql IS 'PL/pgSQL procedural language';


--
-- TOC entry 210 (class 1259 OID 587822)
-- Name: accesos_aplicaciones_id_seq; Type: SEQUENCE; Schema: public; Owner: postgres
--

CREATE SEQUENCE public.accesos_aplicaciones_id_seq
    START WITH 1
    INCREMENT BY 1
    NO MINVALUE
    NO MAXVALUE
    CACHE 1;


ALTER TABLE public.accesos_aplicaciones_id_seq OWNER TO postgres;

--
-- TOC entry 211 (class 1259 OID 587824)
-- Name: accesos_servidores_id_seq; Type: SEQUENCE; Schema: public; Owner: postgres
--

CREATE SEQUENCE public.accesos_servidores_id_seq
    START WITH 1
    INCREMENT BY 1
    NO MINVALUE
    NO MAXVALUE
    CACHE 1;


ALTER TABLE public.accesos_servidores_id_seq OWNER TO postgres;

--
-- TOC entry 223 (class 1259 OID 587848)
-- Name: actividades_id_seq; Type: SEQUENCE; Schema: public; Owner: postgres
--

CREATE SEQUENCE public.actividades_id_seq
    START WITH 1
    INCREMENT BY 1
    NO MINVALUE
    NO MAXVALUE
    CACHE 1;


ALTER TABLE public.actividades_id_seq OWNER TO postgres;

SET default_tablespace = '';

SET default_with_oids = false;

--
-- TOC entry 255 (class 1259 OID 588007)
-- Name: actividades; Type: TABLE; Schema: public; Owner: postgres
--

CREATE TABLE public.actividades (
    id_actividad integer DEFAULT nextval('public.actividades_id_seq'::regclass) NOT NULL,
    nom_actividad text,
    det_actividad text,
    id_usuario_registra integer,
    id_usuario_modifica integer,
    created_at timestamp without time zone,
    updated_at timestamp without time zone,
    deleted_at timestamp without time zone
);


ALTER TABLE public.actividades OWNER TO postgres;

--
-- TOC entry 224 (class 1259 OID 587850)
-- Name: actividades_tags_id_seq; Type: SEQUENCE; Schema: public; Owner: postgres
--

CREATE SEQUENCE public.actividades_tags_id_seq
    START WITH 1
    INCREMENT BY 1
    NO MINVALUE
    NO MAXVALUE
    CACHE 1;


ALTER TABLE public.actividades_tags_id_seq OWNER TO postgres;

--
-- TOC entry 256 (class 1259 OID 588014)
-- Name: actividades_tags; Type: TABLE; Schema: public; Owner: postgres
--

CREATE TABLE public.actividades_tags (
    id_actividad_tag integer DEFAULT nextval('public.actividades_tags_id_seq'::regclass) NOT NULL,
    id_actividad integer,
    id_tag integer,
    id_usuario_registra integer,
    id_usuario_modifica integer,
    created_at timestamp without time zone,
    updated_at timestamp without time zone,
    deleted_at timestamp without time zone
);


ALTER TABLE public.actividades_tags OWNER TO postgres;

--
-- TOC entry 278 (class 1259 OID 596502)
-- Name: ambientes_id_seq; Type: SEQUENCE; Schema: public; Owner: postgres
--

CREATE SEQUENCE public.ambientes_id_seq
    START WITH 1
    INCREMENT BY 1
    NO MINVALUE
    NO MAXVALUE
    CACHE 1;


ALTER TABLE public.ambientes_id_seq OWNER TO postgres;

--
-- TOC entry 279 (class 1259 OID 596504)
-- Name: ambientes; Type: TABLE; Schema: public; Owner: postgres
--

CREATE TABLE public.ambientes (
    id_ambiente integer DEFAULT nextval('public.ambientes_id_seq'::regclass) NOT NULL,
    nom_ambiente text,
    det_ambiente text,
    id_usuario_registra integer,
    id_usuario_modifica integer,
    created_at timestamp without time zone,
    updated_at timestamp without time zone,
    deleted_at timestamp without time zone
);


ALTER TABLE public.ambientes OWNER TO postgres;

--
-- TOC entry 209 (class 1259 OID 587820)
-- Name: aplicaciones_id_seq; Type: SEQUENCE; Schema: public; Owner: postgres
--

CREATE SEQUENCE public.aplicaciones_id_seq
    START WITH 1
    INCREMENT BY 1
    NO MINVALUE
    NO MAXVALUE
    CACHE 1;


ALTER TABLE public.aplicaciones_id_seq OWNER TO postgres;

--
-- TOC entry 241 (class 1259 OID 587915)
-- Name: aplicaciones; Type: TABLE; Schema: public; Owner: postgres
--

CREATE TABLE public.aplicaciones (
    id_aplicacion integer DEFAULT nextval('public.aplicaciones_id_seq'::regclass) NOT NULL,
    id_tipo_aplicacion integer,
    id_servicio integer,
    id_dominio integer,
    nom_aplicacion text,
    det_aplicacion text,
    alias text,
    url_web text,
    ip text,
    subdominio text,
    ssl_tls text,
    id_usuario_registra integer,
    id_usuario_modifica integer,
    created_at timestamp without time zone,
    updated_at timestamp without time zone,
    deleted_at timestamp without time zone,
    id_servidor integer
);


ALTER TABLE public.aplicaciones OWNER TO postgres;

--
-- TOC entry 242 (class 1259 OID 587922)
-- Name: aplicaciones_accesos; Type: TABLE; Schema: public; Owner: postgres
--

CREATE TABLE public.aplicaciones_accesos (
    id_aplicacion_acceso integer DEFAULT nextval('public.accesos_aplicaciones_id_seq'::regclass) NOT NULL,
    id_aplicacion integer,
    id_servidor integer,
    usuario text,
    clave text,
    email text,
    id_usuario_registra integer,
    id_usuario_modifica integer,
    created_at timestamp without time zone,
    updated_at timestamp without time zone,
    deleted_at timestamp without time zone,
    tipo_acceso text
);


ALTER TABLE public.aplicaciones_accesos OWNER TO postgres;

--
-- TOC entry 208 (class 1259 OID 587818)
-- Name: aplicaciones_estados_id_seq; Type: SEQUENCE; Schema: public; Owner: postgres
--

CREATE SEQUENCE public.aplicaciones_estados_id_seq
    START WITH 1
    INCREMENT BY 1
    NO MINVALUE
    NO MAXVALUE
    CACHE 1;


ALTER TABLE public.aplicaciones_estados_id_seq OWNER TO postgres;

--
-- TOC entry 240 (class 1259 OID 587911)
-- Name: aplicaciones_estados; Type: TABLE; Schema: public; Owner: postgres
--

CREATE TABLE public.aplicaciones_estados (
    id_aplicacion_estado integer DEFAULT nextval('public.aplicaciones_estados_id_seq'::regclass) NOT NULL,
    id_aplicacion integer,
    id_estado integer,
    id_usuario_registra integer,
    id_usuario_modifica integer,
    created_at timestamp without time zone,
    updated_at timestamp without time zone,
    deleted_at timestamp without time zone
);


ALTER TABLE public.aplicaciones_estados OWNER TO postgres;

--
-- TOC entry 221 (class 1259 OID 587844)
-- Name: aplicaciones_tags_id_seq; Type: SEQUENCE; Schema: public; Owner: postgres
--

CREATE SEQUENCE public.aplicaciones_tags_id_seq
    START WITH 1
    INCREMENT BY 1
    NO MINVALUE
    NO MAXVALUE
    CACHE 1;


ALTER TABLE public.aplicaciones_tags_id_seq OWNER TO postgres;

--
-- TOC entry 253 (class 1259 OID 587996)
-- Name: aplicaciones_tags; Type: TABLE; Schema: public; Owner: postgres
--

CREATE TABLE public.aplicaciones_tags (
    id_aplicacion_tag integer DEFAULT nextval('public.aplicaciones_tags_id_seq'::regclass) NOT NULL,
    id_aplicacion integer,
    id_tag integer,
    id_usuario_registra integer,
    id_usuario_modifica integer,
    created_at timestamp without time zone,
    updated_at timestamp without time zone,
    deleted_at timestamp without time zone
);


ALTER TABLE public.aplicaciones_tags OWNER TO postgres;

--
-- TOC entry 219 (class 1259 OID 587840)
-- Name: aplicaciones_tecnologias_id_seq; Type: SEQUENCE; Schema: public; Owner: postgres
--

CREATE SEQUENCE public.aplicaciones_tecnologias_id_seq
    START WITH 1
    INCREMENT BY 1
    NO MINVALUE
    NO MAXVALUE
    CACHE 1;


ALTER TABLE public.aplicaciones_tecnologias_id_seq OWNER TO postgres;

--
-- TOC entry 251 (class 1259 OID 587985)
-- Name: aplicaciones_tecnologias; Type: TABLE; Schema: public; Owner: postgres
--

CREATE TABLE public.aplicaciones_tecnologias (
    id_aplicacion_tecnologia integer DEFAULT nextval('public.aplicaciones_tecnologias_id_seq'::regclass) NOT NULL,
    id_aplicacion integer,
    id_tecnologia integer,
    id_usuario_registra integer,
    id_usuario_modifica integer,
    created_at timestamp without time zone,
    updated_at timestamp without time zone,
    deleted_at timestamp without time zone
);


ALTER TABLE public.aplicaciones_tecnologias OWNER TO postgres;

--
-- TOC entry 231 (class 1259 OID 587864)
-- Name: cargos_id_seq; Type: SEQUENCE; Schema: public; Owner: postgres
--

CREATE SEQUENCE public.cargos_id_seq
    START WITH 1
    INCREMENT BY 1
    NO MINVALUE
    NO MAXVALUE
    CACHE 1;


ALTER TABLE public.cargos_id_seq OWNER TO postgres;

--
-- TOC entry 263 (class 1259 OID 588048)
-- Name: cargos; Type: TABLE; Schema: public; Owner: postgres
--

CREATE TABLE public.cargos (
    id_cargo integer DEFAULT nextval('public.cargos_id_seq'::regclass) NOT NULL,
    nom_cargo text,
    det_cargo text,
    id_usuario_registra integer,
    id_usuario_modifica integer,
    created_at timestamp without time zone,
    updated_at timestamp without time zone,
    deleted_at timestamp without time zone,
    cod_cargo text
);


ALTER TABLE public.cargos OWNER TO postgres;

--
-- TOC entry 229 (class 1259 OID 587860)
-- Name: catalogos_servicios_id_seq; Type: SEQUENCE; Schema: public; Owner: postgres
--

CREATE SEQUENCE public.catalogos_servicios_id_seq
    START WITH 1
    INCREMENT BY 1
    NO MINVALUE
    NO MAXVALUE
    CACHE 1;


ALTER TABLE public.catalogos_servicios_id_seq OWNER TO postgres;

--
-- TOC entry 261 (class 1259 OID 588037)
-- Name: catalogos_servicios; Type: TABLE; Schema: public; Owner: postgres
--

CREATE TABLE public.catalogos_servicios (
    id_catalogo_servicio integer DEFAULT nextval('public.catalogos_servicios_id_seq'::regclass) NOT NULL,
    id_servicio integer,
    asunto text,
    det_catalogo text,
    avatar text,
    id_usuario_registra integer,
    id_usuario_modifica integer,
    created_at timestamp without time zone,
    updated_at timestamp without time zone,
    deleted_at timestamp without time zone
);


ALTER TABLE public.catalogos_servicios OWNER TO postgres;

--
-- TOC entry 264 (class 1259 OID 588160)
-- Name: catalogos_servicios_tags_id_seq; Type: SEQUENCE; Schema: public; Owner: postgres
--

CREATE SEQUENCE public.catalogos_servicios_tags_id_seq
    START WITH 1
    INCREMENT BY 1
    NO MINVALUE
    NO MAXVALUE
    CACHE 1;


ALTER TABLE public.catalogos_servicios_tags_id_seq OWNER TO postgres;

--
-- TOC entry 265 (class 1259 OID 588166)
-- Name: catalogos_servicios_tags; Type: TABLE; Schema: public; Owner: postgres
--

CREATE TABLE public.catalogos_servicios_tags (
    id_catalogo_servicio_tag integer DEFAULT nextval('public.catalogos_servicios_tags_id_seq'::regclass) NOT NULL,
    id_catalogo_servicio integer NOT NULL,
    id_tag integer,
    id_usuario_registra integer,
    id_usuario_modifica integer,
    created_at timestamp without time zone,
    updated_at timestamp without time zone,
    deleted_at timestamp without time zone
);


ALTER TABLE public.catalogos_servicios_tags OWNER TO postgres;

--
-- TOC entry 284 (class 1259 OID 596539)
-- Name: clusters_id_seq; Type: SEQUENCE; Schema: public; Owner: postgres
--

CREATE SEQUENCE public.clusters_id_seq
    START WITH 1
    INCREMENT BY 1
    NO MINVALUE
    NO MAXVALUE
    CACHE 1;


ALTER TABLE public.clusters_id_seq OWNER TO postgres;

--
-- TOC entry 285 (class 1259 OID 596541)
-- Name: clusters; Type: TABLE; Schema: public; Owner: postgres
--

CREATE TABLE public.clusters (
    id_cluster integer DEFAULT nextval('public.clusters_id_seq'::regclass) NOT NULL,
    nom_cluster text,
    det_cluster text,
    id_usuario_registra integer,
    id_usuario_modifica integer,
    created_at timestamp without time zone,
    updated_at timestamp without time zone,
    deleted_at timestamp without time zone,
    cod_cluster text,
    id_tipo_cluster integer
);


ALTER TABLE public.clusters OWNER TO postgres;

--
-- TOC entry 198 (class 1259 OID 579605)
-- Name: comuna; Type: TABLE; Schema: public; Owner: postgres
--

CREATE TABLE public.comuna (
    id_comuna character varying(255),
    id_region character varying(255),
    nombre_comuna character varying(255),
    created_at timestamp(0) without time zone,
    updated_at timestamp(0) without time zone,
    deleted_at timestamp without time zone
);


ALTER TABLE public.comuna OWNER TO postgres;

--
-- TOC entry 215 (class 1259 OID 587832)
-- Name: datacentros_id_seq; Type: SEQUENCE; Schema: public; Owner: postgres
--

CREATE SEQUENCE public.datacentros_id_seq
    START WITH 1
    INCREMENT BY 1
    NO MINVALUE
    NO MAXVALUE
    CACHE 1;


ALTER TABLE public.datacentros_id_seq OWNER TO postgres;

--
-- TOC entry 247 (class 1259 OID 587957)
-- Name: datacentros; Type: TABLE; Schema: public; Owner: postgres
--

CREATE TABLE public.datacentros (
    id_datacentro integer DEFAULT nextval('public.datacentros_id_seq'::regclass) NOT NULL,
    nom_datacentro text,
    id_usuario_registra integer,
    id_usuario_modifica integer,
    created_at timestamp without time zone,
    updated_at timestamp without time zone,
    deleted_at timestamp without time zone,
    det_datacentro text,
    cod_datacentro text
);


ALTER TABLE public.datacentros OWNER TO postgres;

--
-- TOC entry 213 (class 1259 OID 587828)
-- Name: dominios_id_seq; Type: SEQUENCE; Schema: public; Owner: postgres
--

CREATE SEQUENCE public.dominios_id_seq
    START WITH 1
    INCREMENT BY 1
    NO MINVALUE
    NO MAXVALUE
    CACHE 1;


ALTER TABLE public.dominios_id_seq OWNER TO postgres;

--
-- TOC entry 245 (class 1259 OID 587943)
-- Name: dominios; Type: TABLE; Schema: public; Owner: postgres
--

CREATE TABLE public.dominios (
    id_dominio integer DEFAULT nextval('public.dominios_id_seq'::regclass) NOT NULL,
    nom_dominio text,
    det_dominio text,
    ip_publica text,
    ip_balanceador text,
    dns_asoc_dominio text,
    id_usuario_registra integer,
    id_usuario_modifica integer,
    created_at timestamp without time zone,
    updated_at timestamp without time zone,
    deleted_at timestamp without time zone
);


ALTER TABLE public.dominios OWNER TO postgres;

--
-- TOC entry 266 (class 1259 OID 588172)
-- Name: entregas_credenciales_usuarios_id_seq; Type: SEQUENCE; Schema: public; Owner: postgres
--

CREATE SEQUENCE public.entregas_credenciales_usuarios_id_seq
    START WITH 1
    INCREMENT BY 1
    NO MINVALUE
    NO MAXVALUE
    CACHE 1;


ALTER TABLE public.entregas_credenciales_usuarios_id_seq OWNER TO postgres;

--
-- TOC entry 267 (class 1259 OID 588174)
-- Name: entregas_credenciales_usuarios; Type: TABLE; Schema: public; Owner: postgres
--

CREATE TABLE public.entregas_credenciales_usuarios (
    id_entrega_credencial_usuario integer DEFAULT nextval('public.entregas_credenciales_usuarios_id_seq'::regclass) NOT NULL,
    username text,
    password text,
    tiempo_expiracion text,
    estado text,
    id_usuario_registra integer,
    id_usuario_modifica integer,
    created_at timestamp without time zone,
    updated_at timestamp without time zone,
    deleted_at timestamp without time zone
);


ALTER TABLE public.entregas_credenciales_usuarios OWNER TO postgres;

--
-- TOC entry 268 (class 1259 OID 588183)
-- Name: establecimientos; Type: TABLE; Schema: public; Owner: postgres
--

CREATE TABLE public.establecimientos (
    id_establecimiento integer,
    id_establecimiento_antiguo integer,
    id_servicio_salud integer,
    id_region integer,
    id_comuna integer,
    nombre_establecimiento text,
    tipo_establecimiento text,
    vigencia_desde text,
    fecha_cierre text,
    created_at timestamp(0) without time zone,
    updated_at timestamp(0) without time zone,
    deleted_at timestamp without time zone
);


ALTER TABLE public.establecimientos OWNER TO postgres;

--
-- TOC entry 205 (class 1259 OID 587812)
-- Name: estados_id_seq; Type: SEQUENCE; Schema: public; Owner: postgres
--

CREATE SEQUENCE public.estados_id_seq
    START WITH 1
    INCREMENT BY 1
    NO MINVALUE
    NO MAXVALUE
    CACHE 1;


ALTER TABLE public.estados_id_seq OWNER TO postgres;

--
-- TOC entry 237 (class 1259 OID 587893)
-- Name: estados; Type: TABLE; Schema: public; Owner: postgres
--

CREATE TABLE public.estados (
    id_estado integer DEFAULT nextval('public.estados_id_seq'::regclass) NOT NULL,
    nom_estado text,
    cod_estado text,
    id_usuario_registra integer,
    id_usuario_modifica integer,
    created_at timestamp without time zone,
    updated_at timestamp without time zone,
    deleted_at timestamp without time zone,
    det_estado text
);


ALTER TABLE public.estados OWNER TO postgres;

--
-- TOC entry 214 (class 1259 OID 587830)
-- Name: fuentes_aplicaciones_id_seq; Type: SEQUENCE; Schema: public; Owner: postgres
--

CREATE SEQUENCE public.fuentes_aplicaciones_id_seq
    START WITH 1
    INCREMENT BY 1
    NO MINVALUE
    NO MAXVALUE
    CACHE 1;


ALTER TABLE public.fuentes_aplicaciones_id_seq OWNER TO postgres;

--
-- TOC entry 246 (class 1259 OID 587950)
-- Name: fuentes_aplicaciones; Type: TABLE; Schema: public; Owner: postgres
--

CREATE TABLE public.fuentes_aplicaciones (
    id_fuente_aplicacion integer DEFAULT nextval('public.fuentes_aplicaciones_id_seq'::regclass) NOT NULL,
    id_aplicacion integer,
    id_servicio integer,
    url_descarga text,
    nom_fuente text,
    det_fuente text,
    id_usuario_registra integer,
    id_usuario_modifica integer,
    created_at timestamp without time zone,
    updated_at timestamp without time zone,
    deleted_at timestamp without time zone
);


ALTER TABLE public.fuentes_aplicaciones OWNER TO postgres;

--
-- TOC entry 282 (class 1259 OID 596528)
-- Name: idiomas_id_seq; Type: SEQUENCE; Schema: public; Owner: postgres
--

CREATE SEQUENCE public.idiomas_id_seq
    START WITH 1
    INCREMENT BY 1
    NO MINVALUE
    NO MAXVALUE
    CACHE 1;


ALTER TABLE public.idiomas_id_seq OWNER TO postgres;

--
-- TOC entry 283 (class 1259 OID 596530)
-- Name: idiomas; Type: TABLE; Schema: public; Owner: postgres
--

CREATE TABLE public.idiomas (
    id_idioma integer DEFAULT nextval('public.idiomas_id_seq'::regclass) NOT NULL,
    nom_idioma text,
    det_idioma text,
    id_usuario_registra integer,
    id_usuario_modifica integer,
    created_at timestamp without time zone,
    updated_at timestamp without time zone,
    deleted_at timestamp without time zone
);


ALTER TABLE public.idiomas OWNER TO postgres;

--
-- TOC entry 269 (class 1259 OID 588192)
-- Name: log_navegacion_id_seq; Type: SEQUENCE; Schema: public; Owner: postgres
--

CREATE SEQUENCE public.log_navegacion_id_seq
    START WITH 1
    INCREMENT BY 1
    NO MINVALUE
    NO MAXVALUE
    CACHE 1;


ALTER TABLE public.log_navegacion_id_seq OWNER TO postgres;

--
-- TOC entry 270 (class 1259 OID 588194)
-- Name: log_navegacion; Type: TABLE; Schema: public; Owner: postgres
--

CREATE TABLE public.log_navegacion (
    id_log_navegacion integer DEFAULT nextval('public.log_navegacion_id_seq'::regclass) NOT NULL,
    id_usuario integer,
    cod_establecimiento text,
    nom_usuario text,
    email_usuario text,
    path_url text,
    ip text,
    latitude text,
    longitude text,
    created_at timestamp(0) without time zone,
    updated_at timestamp(0) without time zone,
    deleted_at timestamp without time zone
);


ALTER TABLE public.log_navegacion OWNER TO postgres;

--
-- TOC entry 293 (class 1259 OID 604752)
-- Name: mantenedores_id_seq; Type: SEQUENCE; Schema: public; Owner: postgres
--

CREATE SEQUENCE public.mantenedores_id_seq
    START WITH 1
    INCREMENT BY 1
    NO MINVALUE
    NO MAXVALUE
    CACHE 1;


ALTER TABLE public.mantenedores_id_seq OWNER TO postgres;

--
-- TOC entry 295 (class 1259 OID 604763)
-- Name: mantenedores; Type: TABLE; Schema: public; Owner: postgres
--

CREATE TABLE public.mantenedores (
    id_mantenedor integer DEFAULT nextval('public.mantenedores_id_seq'::regclass) NOT NULL,
    url_mantenedor text,
    nom_mantenedor text,
    det_mantenedor text,
    cod_mantenedor text,
    id_usuario_registra integer,
    id_usuario_modifica integer,
    created_at timestamp without time zone,
    updated_at timestamp without time zone,
    deleted_at timestamp without time zone,
    imagen_mantenedor text,
    font_icon_mantenedor text
);


ALTER TABLE public.mantenedores OWNER TO postgres;

--
-- TOC entry 292 (class 1259 OID 604750)
-- Name: menus_id_seq; Type: SEQUENCE; Schema: public; Owner: postgres
--

CREATE SEQUENCE public.menus_id_seq
    START WITH 1
    INCREMENT BY 1
    NO MINVALUE
    NO MAXVALUE
    CACHE 1;


ALTER TABLE public.menus_id_seq OWNER TO postgres;

--
-- TOC entry 294 (class 1259 OID 604754)
-- Name: menus; Type: TABLE; Schema: public; Owner: postgres
--

CREATE TABLE public.menus (
    id_menu integer DEFAULT nextval('public.menus_id_seq'::regclass) NOT NULL,
    url_menu text,
    nom_menu text,
    det_menu text,
    cod_menu text,
    id_usuario_registra integer,
    id_usuario_modifica integer,
    created_at timestamp without time zone,
    updated_at timestamp without time zone,
    deleted_at timestamp without time zone,
    imagen_menu text,
    font_icon_menu text
);


ALTER TABLE public.menus OWNER TO postgres;

--
-- TOC entry 274 (class 1259 OID 588263)
-- Name: migrations; Type: TABLE; Schema: public; Owner: postgres
--

CREATE TABLE public.migrations (
    id integer NOT NULL,
    migration character varying(255) NOT NULL,
    batch integer NOT NULL
);


ALTER TABLE public.migrations OWNER TO postgres;

--
-- TOC entry 273 (class 1259 OID 588261)
-- Name: migrations_id_seq; Type: SEQUENCE; Schema: public; Owner: postgres
--

CREATE SEQUENCE public.migrations_id_seq
    AS integer
    START WITH 1
    INCREMENT BY 1
    NO MINVALUE
    NO MAXVALUE
    CACHE 1;


ALTER TABLE public.migrations_id_seq OWNER TO postgres;

--
-- TOC entry 3482 (class 0 OID 0)
-- Dependencies: 273
-- Name: migrations_id_seq; Type: SEQUENCE OWNED BY; Schema: public; Owner: postgres
--

ALTER SEQUENCE public.migrations_id_seq OWNED BY public.migrations.id;


--
-- TOC entry 197 (class 1259 OID 579599)
-- Name: pais; Type: TABLE; Schema: public; Owner: postgres
--

CREATE TABLE public.pais (
    id_pais character varying(255),
    nombre_pais character varying(255),
    created_at timestamp(0) without time zone,
    updated_at timestamp(0) without time zone,
    deleted_at timestamp without time zone
);


ALTER TABLE public.pais OWNER TO postgres;

--
-- TOC entry 275 (class 1259 OID 588269)
-- Name: password_resets; Type: TABLE; Schema: public; Owner: postgres
--

CREATE TABLE public.password_resets (
    email character varying(255) NOT NULL,
    token character varying(255) NOT NULL,
    created_at timestamp(0) without time zone
);


ALTER TABLE public.password_resets OWNER TO postgres;

--
-- TOC entry 202 (class 1259 OID 587806)
-- Name: permisos_id_seq; Type: SEQUENCE; Schema: public; Owner: postgres
--

CREATE SEQUENCE public.permisos_id_seq
    START WITH 1
    INCREMENT BY 1
    NO MINVALUE
    NO MAXVALUE
    CACHE 1;


ALTER TABLE public.permisos_id_seq OWNER TO postgres;

--
-- TOC entry 234 (class 1259 OID 587878)
-- Name: permisos; Type: TABLE; Schema: public; Owner: postgres
--

CREATE TABLE public.permisos (
    id_permiso integer DEFAULT nextval('public.permisos_id_seq'::regclass) NOT NULL,
    nom_permiso text,
    det_permiso text,
    cod_permiso text,
    id_usuario_registra integer,
    id_usuario_modifica integer,
    created_at timestamp without time zone,
    updated_at timestamp without time zone,
    deleted_at timestamp without time zone
);


ALTER TABLE public.permisos OWNER TO postgres;

--
-- TOC entry 199 (class 1259 OID 579611)
-- Name: region; Type: TABLE; Schema: public; Owner: postgres
--

CREATE TABLE public.region (
    id_region character varying(255),
    nombre_region character varying(255),
    alias character varying(255),
    orden character varying(255),
    created_at timestamp(0) without time zone,
    updated_at timestamp(0) without time zone,
    deleted_at timestamp without time zone
);


ALTER TABLE public.region OWNER TO postgres;

--
-- TOC entry 200 (class 1259 OID 587802)
-- Name: roles_id_seq; Type: SEQUENCE; Schema: public; Owner: postgres
--

CREATE SEQUENCE public.roles_id_seq
    START WITH 1
    INCREMENT BY 1
    NO MINVALUE
    NO MAXVALUE
    CACHE 1;


ALTER TABLE public.roles_id_seq OWNER TO postgres;

--
-- TOC entry 232 (class 1259 OID 587867)
-- Name: roles; Type: TABLE; Schema: public; Owner: postgres
--

CREATE TABLE public.roles (
    id_role integer DEFAULT nextval('public.roles_id_seq'::regclass) NOT NULL,
    nom_role text,
    det_role text,
    id_usuario_registra integer,
    id_usuario_modifica integer,
    created_at timestamp without time zone,
    updated_at timestamp without time zone,
    deleted_at timestamp without time zone
);


ALTER TABLE public.roles OWNER TO postgres;

--
-- TOC entry 201 (class 1259 OID 587804)
-- Name: roles_permisos_id_seq; Type: SEQUENCE; Schema: public; Owner: postgres
--

CREATE SEQUENCE public.roles_permisos_id_seq
    START WITH 1
    INCREMENT BY 1
    NO MINVALUE
    NO MAXVALUE
    CACHE 1;


ALTER TABLE public.roles_permisos_id_seq OWNER TO postgres;

--
-- TOC entry 233 (class 1259 OID 587874)
-- Name: roles_permisos; Type: TABLE; Schema: public; Owner: postgres
--

CREATE TABLE public.roles_permisos (
    id_role_permiso integer DEFAULT nextval('public.roles_permisos_id_seq'::regclass) NOT NULL,
    id_role integer,
    id_permiso integer,
    id_usuario_registra integer,
    id_usuario_modifica integer,
    created_at timestamp without time zone,
    updated_at timestamp without time zone,
    deleted_at timestamp without time zone
);


ALTER TABLE public.roles_permisos OWNER TO postgres;

--
-- TOC entry 196 (class 1259 OID 579586)
-- Name: servicio_salud; Type: TABLE; Schema: public; Owner: postgres
--

CREATE TABLE public.servicio_salud (
    id_servicio_salud character varying(255),
    id_region character varying(255),
    nombre_servicio_salud character varying(255),
    orden character varying(255),
    created_at timestamp(0) without time zone,
    updated_at timestamp(0) without time zone,
    deleted_at timestamp without time zone
);


ALTER TABLE public.servicio_salud OWNER TO postgres;

--
-- TOC entry 222 (class 1259 OID 587846)
-- Name: servicios_id_seq; Type: SEQUENCE; Schema: public; Owner: postgres
--

CREATE SEQUENCE public.servicios_id_seq
    START WITH 1
    INCREMENT BY 1
    NO MINVALUE
    NO MAXVALUE
    CACHE 1;


ALTER TABLE public.servicios_id_seq OWNER TO postgres;

--
-- TOC entry 254 (class 1259 OID 588000)
-- Name: servicios; Type: TABLE; Schema: public; Owner: postgres
--

CREATE TABLE public.servicios (
    id_servicio integer DEFAULT nextval('public.servicios_id_seq'::regclass) NOT NULL,
    id_actividad integer,
    nom_servicio text,
    det_servicio text,
    id_usuario_registra integer,
    id_usuario_modifica integer,
    created_at timestamp without time zone,
    updated_at timestamp without time zone,
    deleted_at timestamp without time zone
);


ALTER TABLE public.servicios OWNER TO postgres;

--
-- TOC entry 207 (class 1259 OID 587816)
-- Name: servicios_estados_id_seq; Type: SEQUENCE; Schema: public; Owner: postgres
--

CREATE SEQUENCE public.servicios_estados_id_seq
    START WITH 1
    INCREMENT BY 1
    NO MINVALUE
    NO MAXVALUE
    CACHE 1;


ALTER TABLE public.servicios_estados_id_seq OWNER TO postgres;

--
-- TOC entry 239 (class 1259 OID 587907)
-- Name: servicios_estados; Type: TABLE; Schema: public; Owner: postgres
--

CREATE TABLE public.servicios_estados (
    id_servicio_estado integer DEFAULT nextval('public.servicios_estados_id_seq'::regclass) NOT NULL,
    id_servicio integer,
    id_estado integer,
    id_usuario_registra integer,
    id_usuario_modifica integer,
    created_at timestamp without time zone,
    updated_at timestamp without time zone,
    deleted_at timestamp without time zone
);


ALTER TABLE public.servicios_estados OWNER TO postgres;

--
-- TOC entry 227 (class 1259 OID 587856)
-- Name: servicios_permisos_id_seq; Type: SEQUENCE; Schema: public; Owner: postgres
--

CREATE SEQUENCE public.servicios_permisos_id_seq
    START WITH 1
    INCREMENT BY 1
    NO MINVALUE
    NO MAXVALUE
    CACHE 1;


ALTER TABLE public.servicios_permisos_id_seq OWNER TO postgres;

--
-- TOC entry 259 (class 1259 OID 588029)
-- Name: servicios_permisos; Type: TABLE; Schema: public; Owner: postgres
--

CREATE TABLE public.servicios_permisos (
    id_servicio_permiso integer DEFAULT nextval('public.servicios_permisos_id_seq'::regclass) NOT NULL,
    id_servicio integer,
    id_permiso integer,
    id_usuario_registra integer,
    id_usuario_modifica integer,
    created_at timestamp without time zone,
    updated_at timestamp without time zone,
    deleted_at timestamp without time zone
);


ALTER TABLE public.servicios_permisos OWNER TO postgres;

--
-- TOC entry 225 (class 1259 OID 587852)
-- Name: servicios_tags_id_seq; Type: SEQUENCE; Schema: public; Owner: postgres
--

CREATE SEQUENCE public.servicios_tags_id_seq
    START WITH 1
    INCREMENT BY 1
    NO MINVALUE
    NO MAXVALUE
    CACHE 1;


ALTER TABLE public.servicios_tags_id_seq OWNER TO postgres;

--
-- TOC entry 257 (class 1259 OID 588018)
-- Name: servicios_tags; Type: TABLE; Schema: public; Owner: postgres
--

CREATE TABLE public.servicios_tags (
    id_servicio_tag integer DEFAULT nextval('public.servicios_tags_id_seq'::regclass) NOT NULL,
    id_servicio integer,
    id_tag integer,
    id_usuario_registra integer,
    id_usuario_modifica integer,
    created_at timestamp without time zone,
    updated_at timestamp without time zone,
    deleted_at timestamp without time zone
);


ALTER TABLE public.servicios_tags OWNER TO postgres;

--
-- TOC entry 302 (class 1259 OID 604815)
-- Name: servicios_usuarios_id_seq; Type: SEQUENCE; Schema: public; Owner: postgres
--

CREATE SEQUENCE public.servicios_usuarios_id_seq
    START WITH 1
    INCREMENT BY 1
    NO MINVALUE
    NO MAXVALUE
    CACHE 1;


ALTER TABLE public.servicios_usuarios_id_seq OWNER TO postgres;

--
-- TOC entry 303 (class 1259 OID 604817)
-- Name: servicios_usuarios; Type: TABLE; Schema: public; Owner: postgres
--

CREATE TABLE public.servicios_usuarios (
    id_servicio_usuario integer DEFAULT nextval('public.servicios_usuarios_id_seq'::regclass) NOT NULL,
    id_servicio integer,
    id_usuario integer,
    id_usuario_registra integer,
    id_usuario_modifica integer,
    created_at timestamp without time zone,
    updated_at timestamp without time zone,
    deleted_at timestamp without time zone
);


ALTER TABLE public.servicios_usuarios OWNER TO postgres;

--
-- TOC entry 212 (class 1259 OID 587826)
-- Name: servidor_aplicaciones_id_seq; Type: SEQUENCE; Schema: public; Owner: postgres
--

CREATE SEQUENCE public.servidor_aplicaciones_id_seq
    START WITH 1
    INCREMENT BY 1
    NO MINVALUE
    NO MAXVALUE
    CACHE 1;


ALTER TABLE public.servidor_aplicaciones_id_seq OWNER TO postgres;

--
-- TOC entry 276 (class 1259 OID 596494)
-- Name: servidor_estado_id_seq; Type: SEQUENCE; Schema: public; Owner: postgres
--

CREATE SEQUENCE public.servidor_estado_id_seq
    START WITH 1
    INCREMENT BY 1
    NO MINVALUE
    NO MAXVALUE
    CACHE 1;


ALTER TABLE public.servidor_estado_id_seq OWNER TO postgres;

--
-- TOC entry 280 (class 1259 OID 596513)
-- Name: servidor_historico_cambios_id_seq; Type: SEQUENCE; Schema: public; Owner: postgres
--

CREATE SEQUENCE public.servidor_historico_cambios_id_seq
    START WITH 1
    INCREMENT BY 1
    NO MINVALUE
    NO MAXVALUE
    CACHE 1;


ALTER TABLE public.servidor_historico_cambios_id_seq OWNER TO postgres;

--
-- TOC entry 244 (class 1259 OID 587936)
-- Name: servidores; Type: TABLE; Schema: public; Owner: postgres
--

CREATE TABLE public.servidores (
    id_servidor integer DEFAULT nextval('public.servidor_aplicaciones_id_seq'::regclass) NOT NULL,
    id_datacentro integer,
    id_sistema_operativo integer,
    nom_servidor text,
    ip_servidor text,
    id_usuario_registra integer,
    id_usuario_modifica integer,
    created_at timestamp without time zone,
    updated_at timestamp without time zone,
    deleted_at timestamp without time zone,
    det_servidor text,
    ram integer,
    memoria_dd integer,
    swap integer,
    procesador text,
    frec_procesador integer,
    nucleos integer,
    usuarios_pactados integer,
    mac text,
    nodo text,
    interface text,
    id_ambiente integer,
    modelo_procesador text,
    id_cluster integer,
    agente_instana_instalado text,
    id_servicio integer,
    id_vlan integer,
    id_tipo_servidor integer,
    id_tipo_respaldo_disco integer
);


ALTER TABLE public.servidores OWNER TO postgres;

--
-- TOC entry 243 (class 1259 OID 587929)
-- Name: servidores_accesos; Type: TABLE; Schema: public; Owner: postgres
--

CREATE TABLE public.servidores_accesos (
    id_servidor_acceso integer DEFAULT nextval('public.accesos_servidores_id_seq'::regclass) NOT NULL,
    id_aplicacion integer,
    id_servidor integer,
    usuario text,
    clave text,
    tipo_acceso text,
    puerto text,
    id_usuario_registra integer,
    id_usuario_modifica integer,
    created_at timestamp without time zone,
    updated_at timestamp without time zone,
    deleted_at timestamp without time zone
);


ALTER TABLE public.servidores_accesos OWNER TO postgres;

--
-- TOC entry 277 (class 1259 OID 596496)
-- Name: servidores_estados; Type: TABLE; Schema: public; Owner: postgres
--

CREATE TABLE public.servidores_estados (
    id_servidor_estado integer DEFAULT nextval('public.servidor_estado_id_seq'::regclass) NOT NULL,
    id_servidor integer,
    id_estado integer,
    id_usuario_registra integer,
    id_usuario_modifica integer,
    created_at timestamp without time zone,
    updated_at timestamp without time zone,
    deleted_at timestamp without time zone
);


ALTER TABLE public.servidores_estados OWNER TO postgres;

--
-- TOC entry 281 (class 1259 OID 596515)
-- Name: servidores_historico_cambios; Type: TABLE; Schema: public; Owner: postgres
--

CREATE TABLE public.servidores_historico_cambios (
    id_servidor_historico integer DEFAULT nextval('public.servidor_historico_cambios_id_seq'::regclass) NOT NULL,
    id_servidor integer,
    id_datacentro integer,
    id_sistema_operativo integer,
    nom_servidor text,
    ip_servidor text,
    id_usuario_registra integer,
    id_usuario_modifica integer,
    created_at timestamp without time zone,
    updated_at timestamp without time zone,
    deleted_at timestamp without time zone,
    det_servidor text,
    ram integer,
    memoria_dd integer,
    swap integer,
    procesador text,
    frec_procesador integer,
    nucleos integer,
    usuarios_pactados integer,
    mac text,
    nodo text,
    interface text,
    id_ambiente integer,
    modelo_procesador text,
    id_cluster integer,
    agente_instana_instalado integer
);


ALTER TABLE public.servidores_historico_cambios OWNER TO postgres;

--
-- TOC entry 290 (class 1259 OID 604742)
-- Name: servidores_lvm_id_seq; Type: SEQUENCE; Schema: public; Owner: postgres
--

CREATE SEQUENCE public.servidores_lvm_id_seq
    START WITH 1
    INCREMENT BY 1
    NO MINVALUE
    NO MAXVALUE
    CACHE 1;


ALTER TABLE public.servidores_lvm_id_seq OWNER TO postgres;

--
-- TOC entry 291 (class 1259 OID 604744)
-- Name: servidores_lvms; Type: TABLE; Schema: public; Owner: postgres
--

CREATE TABLE public.servidores_lvms (
    id_servidor_lvm integer DEFAULT nextval('public.servidores_lvm_id_seq'::regclass) NOT NULL,
    lvm_raiz integer,
    lvm_usr integer,
    lvm_tmp integer,
    lvm_var integer,
    lvm_home integer,
    id_usuario_registra integer,
    id_usuario_modifica integer,
    created_at timestamp without time zone,
    updated_at timestamp without time zone,
    deleted_at timestamp without time zone,
    id_servidor integer,
    lvm_opt integer,
    lvm_instaladores integer,
    lvm_boot integer,
    lvm_swap integer,
    lvm_u01 integer
);


ALTER TABLE public.servidores_lvms OWNER TO postgres;

--
-- TOC entry 216 (class 1259 OID 587834)
-- Name: sistemas_operativos_id_seq; Type: SEQUENCE; Schema: public; Owner: postgres
--

CREATE SEQUENCE public.sistemas_operativos_id_seq
    START WITH 1
    INCREMENT BY 1
    NO MINVALUE
    NO MAXVALUE
    CACHE 1;


ALTER TABLE public.sistemas_operativos_id_seq OWNER TO postgres;

--
-- TOC entry 248 (class 1259 OID 587964)
-- Name: sistemas_operativos; Type: TABLE; Schema: public; Owner: postgres
--

CREATE TABLE public.sistemas_operativos (
    id_sistema_operativo integer DEFAULT nextval('public.sistemas_operativos_id_seq'::regclass) NOT NULL,
    arquitectura text,
    nom_sistema_operativo text,
    det_sistema_operativo text,
    vers_sistema_operativo text,
    lic_sistema_operativo text,
    det_licencia_sistema_operativo text,
    id_usuario_registra integer,
    id_usuario_modifica integer,
    created_at timestamp without time zone,
    updated_at timestamp without time zone,
    deleted_at timestamp without time zone,
    id_idioma integer,
    id_tipo_sistema_operativo integer
);


ALTER TABLE public.sistemas_operativos OWNER TO postgres;

--
-- TOC entry 226 (class 1259 OID 587854)
-- Name: tags_id_seq; Type: SEQUENCE; Schema: public; Owner: postgres
--

CREATE SEQUENCE public.tags_id_seq
    START WITH 1
    INCREMENT BY 1
    NO MINVALUE
    NO MAXVALUE
    CACHE 1;


ALTER TABLE public.tags_id_seq OWNER TO postgres;

--
-- TOC entry 258 (class 1259 OID 588022)
-- Name: tags; Type: TABLE; Schema: public; Owner: postgres
--

CREATE TABLE public.tags (
    id_tag integer DEFAULT nextval('public.tags_id_seq'::regclass) NOT NULL,
    nom_tag text,
    det_tag text,
    meta_tag text,
    id_usuario_registra integer,
    id_usuario_modifica integer,
    created_at timestamp without time zone,
    updated_at timestamp without time zone,
    deleted_at timestamp without time zone
);


ALTER TABLE public.tags OWNER TO postgres;

--
-- TOC entry 220 (class 1259 OID 587842)
-- Name: tecnologia_desarrollo_id_seq; Type: SEQUENCE; Schema: public; Owner: postgres
--

CREATE SEQUENCE public.tecnologia_desarrollo_id_seq
    START WITH 1
    INCREMENT BY 1
    NO MINVALUE
    NO MAXVALUE
    CACHE 1;


ALTER TABLE public.tecnologia_desarrollo_id_seq OWNER TO postgres;

--
-- TOC entry 252 (class 1259 OID 587989)
-- Name: tecnologia_desarrollo; Type: TABLE; Schema: public; Owner: postgres
--

CREATE TABLE public.tecnologia_desarrollo (
    id_tecnologia_desarrollo integer DEFAULT nextval('public.tecnologia_desarrollo_id_seq'::regclass) NOT NULL,
    id_tipo_tecnologia integer,
    nom_tecnologia text,
    det_tecnologia text,
    vers_tecnologia text,
    id_usuario_registra integer,
    id_usuario_modifica integer,
    created_at timestamp without time zone,
    updated_at timestamp without time zone,
    deleted_at timestamp without time zone
);


ALTER TABLE public.tecnologia_desarrollo OWNER TO postgres;

--
-- TOC entry 217 (class 1259 OID 587836)
-- Name: tipos_aplicaciones_id_seq; Type: SEQUENCE; Schema: public; Owner: postgres
--

CREATE SEQUENCE public.tipos_aplicaciones_id_seq
    START WITH 1
    INCREMENT BY 1
    NO MINVALUE
    NO MAXVALUE
    CACHE 1;


ALTER TABLE public.tipos_aplicaciones_id_seq OWNER TO postgres;

--
-- TOC entry 249 (class 1259 OID 587971)
-- Name: tipos_aplicaciones; Type: TABLE; Schema: public; Owner: postgres
--

CREATE TABLE public.tipos_aplicaciones (
    id_tipo_aplicacion integer DEFAULT nextval('public.tipos_aplicaciones_id_seq'::regclass) NOT NULL,
    nom_tipo_aplicacion text,
    det_tipo_aplicacion text,
    cod_tipo_aplicacion text,
    id_usuario_registra integer,
    id_usuario_modifica integer,
    created_at timestamp without time zone,
    updated_at timestamp without time zone,
    deleted_at timestamp without time zone
);


ALTER TABLE public.tipos_aplicaciones OWNER TO postgres;

--
-- TOC entry 286 (class 1259 OID 604720)
-- Name: tipos_clusters_id_seq; Type: SEQUENCE; Schema: public; Owner: postgres
--

CREATE SEQUENCE public.tipos_clusters_id_seq
    START WITH 1
    INCREMENT BY 1
    NO MINVALUE
    NO MAXVALUE
    CACHE 1;


ALTER TABLE public.tipos_clusters_id_seq OWNER TO postgres;

--
-- TOC entry 287 (class 1259 OID 604722)
-- Name: tipos_clusters; Type: TABLE; Schema: public; Owner: postgres
--

CREATE TABLE public.tipos_clusters (
    id_tipo_cluster integer DEFAULT nextval('public.tipos_clusters_id_seq'::regclass) NOT NULL,
    nom_tipo_cluster text,
    det_tipo_cluster text,
    cod_tipo_cluster text,
    id_usuario_registra integer,
    id_usuario_modifica integer,
    created_at timestamp without time zone,
    updated_at timestamp without time zone,
    deleted_at timestamp without time zone
);


ALTER TABLE public.tipos_clusters OWNER TO postgres;

--
-- TOC entry 300 (class 1259 OID 604804)
-- Name: tipos_respaldos_discos_id_seq; Type: SEQUENCE; Schema: public; Owner: postgres
--

CREATE SEQUENCE public.tipos_respaldos_discos_id_seq
    START WITH 1
    INCREMENT BY 1
    NO MINVALUE
    NO MAXVALUE
    CACHE 1;


ALTER TABLE public.tipos_respaldos_discos_id_seq OWNER TO postgres;

--
-- TOC entry 301 (class 1259 OID 604806)
-- Name: tipos_respaldos_discos; Type: TABLE; Schema: public; Owner: postgres
--

CREATE TABLE public.tipos_respaldos_discos (
    id_tipo_respaldo_disco integer DEFAULT nextval('public.tipos_respaldos_discos_id_seq'::regclass) NOT NULL,
    nom_tipo_respaldo_disco text,
    det_tipo_respaldo_disco text,
    cod_tipo_respaldo_disco text,
    id_usuario_registra integer,
    id_usuario_modifica integer,
    created_at timestamp without time zone,
    updated_at timestamp without time zone,
    deleted_at timestamp without time zone
);


ALTER TABLE public.tipos_respaldos_discos OWNER TO postgres;

--
-- TOC entry 298 (class 1259 OID 604793)
-- Name: tipos_servidores_id_seq; Type: SEQUENCE; Schema: public; Owner: postgres
--

CREATE SEQUENCE public.tipos_servidores_id_seq
    START WITH 1
    INCREMENT BY 1
    NO MINVALUE
    NO MAXVALUE
    CACHE 1;


ALTER TABLE public.tipos_servidores_id_seq OWNER TO postgres;

--
-- TOC entry 299 (class 1259 OID 604795)
-- Name: tipos_servidores; Type: TABLE; Schema: public; Owner: postgres
--

CREATE TABLE public.tipos_servidores (
    id_tipo_servidor integer DEFAULT nextval('public.tipos_servidores_id_seq'::regclass) NOT NULL,
    nom_tipo_servidor text,
    det_tipo_servidor text,
    cod_tipo_servidor text,
    id_usuario_registra integer,
    id_usuario_modifica integer,
    created_at timestamp without time zone,
    updated_at timestamp without time zone,
    deleted_at timestamp without time zone
);


ALTER TABLE public.tipos_servidores OWNER TO postgres;

--
-- TOC entry 288 (class 1259 OID 604731)
-- Name: tipos_sistemas_operativos_id_seq; Type: SEQUENCE; Schema: public; Owner: postgres
--

CREATE SEQUENCE public.tipos_sistemas_operativos_id_seq
    START WITH 1
    INCREMENT BY 1
    NO MINVALUE
    NO MAXVALUE
    CACHE 1;


ALTER TABLE public.tipos_sistemas_operativos_id_seq OWNER TO postgres;

--
-- TOC entry 289 (class 1259 OID 604733)
-- Name: tipos_sistemas_operativos; Type: TABLE; Schema: public; Owner: postgres
--

CREATE TABLE public.tipos_sistemas_operativos (
    id_tipo_sistema_operativo integer DEFAULT nextval('public.tipos_sistemas_operativos_id_seq'::regclass) NOT NULL,
    nom_tipo_sistema_operativo text,
    det_tipo_sistema_operativo text,
    cod_tipo_sistema_operativo text,
    id_usuario_registra integer,
    id_usuario_modifica integer,
    created_at timestamp without time zone,
    updated_at timestamp without time zone,
    deleted_at timestamp without time zone
);


ALTER TABLE public.tipos_sistemas_operativos OWNER TO postgres;

--
-- TOC entry 218 (class 1259 OID 587838)
-- Name: tipos_tecnologias_desarrollo_id_seq; Type: SEQUENCE; Schema: public; Owner: postgres
--

CREATE SEQUENCE public.tipos_tecnologias_desarrollo_id_seq
    START WITH 1
    INCREMENT BY 1
    NO MINVALUE
    NO MAXVALUE
    CACHE 1;


ALTER TABLE public.tipos_tecnologias_desarrollo_id_seq OWNER TO postgres;

--
-- TOC entry 250 (class 1259 OID 587978)
-- Name: tipos_tecnologias_desarrollo; Type: TABLE; Schema: public; Owner: postgres
--

CREATE TABLE public.tipos_tecnologias_desarrollo (
    id_tipo_tecnologia_desarrollo integer DEFAULT nextval('public.tipos_tecnologias_desarrollo_id_seq'::regclass) NOT NULL,
    nom_tipo_tecnologia text,
    det_tipo_tecnologia text,
    cod_tipo_tecnologia text,
    id_usuario_registra integer,
    id_usuario_modifica integer,
    created_at timestamp without time zone,
    updated_at timestamp without time zone,
    deleted_at timestamp without time zone
);


ALTER TABLE public.tipos_tecnologias_desarrollo OWNER TO postgres;

--
-- TOC entry 271 (class 1259 OID 588201)
-- Name: usuarios_id_seq; Type: SEQUENCE; Schema: public; Owner: postgres
--

CREATE SEQUENCE public.usuarios_id_seq
    START WITH 1
    INCREMENT BY 1
    NO MINVALUE
    NO MAXVALUE
    CACHE 1;


ALTER TABLE public.usuarios_id_seq OWNER TO postgres;

--
-- TOC entry 272 (class 1259 OID 588203)
-- Name: usuarios; Type: TABLE; Schema: public; Owner: postgres
--

CREATE TABLE public.usuarios (
    id_usuario integer DEFAULT nextval('public.usuarios_id_seq'::regclass) NOT NULL,
    nom_usuario text NOT NULL,
    nom_completo text,
    ape_paterno text,
    ape_materno text,
    username text,
    email text NOT NULL,
    password text NOT NULL,
    remember_token text,
    id_usuario_registra integer,
    id_usuario_modifica integer,
    created_at timestamp without time zone,
    updated_at timestamp without time zone,
    deleted_at timestamp without time zone
);


ALTER TABLE public.usuarios OWNER TO postgres;

--
-- TOC entry 206 (class 1259 OID 587814)
-- Name: usuarios_bitacora_servicios_id_seq; Type: SEQUENCE; Schema: public; Owner: postgres
--

CREATE SEQUENCE public.usuarios_bitacora_servicios_id_seq
    START WITH 1
    INCREMENT BY 1
    NO MINVALUE
    NO MAXVALUE
    CACHE 1;


ALTER TABLE public.usuarios_bitacora_servicios_id_seq OWNER TO postgres;

--
-- TOC entry 238 (class 1259 OID 587900)
-- Name: usuarios_bitacora_servicios; Type: TABLE; Schema: public; Owner: postgres
--

CREATE TABLE public.usuarios_bitacora_servicios (
    id_usuario_bitacora_servicio integer DEFAULT nextval('public.usuarios_bitacora_servicios_id_seq'::regclass) NOT NULL,
    id_usuario integer,
    id_servicio integer,
    id_actividad integer,
    asunto text,
    det_bitacora text,
    id_usuario_registra integer,
    id_usuario_modifica integer,
    created_at timestamp without time zone,
    updated_at timestamp without time zone,
    deleted_at timestamp without time zone
);


ALTER TABLE public.usuarios_bitacora_servicios OWNER TO postgres;

--
-- TOC entry 230 (class 1259 OID 587862)
-- Name: usuarios_cargos_id_seq; Type: SEQUENCE; Schema: public; Owner: postgres
--

CREATE SEQUENCE public.usuarios_cargos_id_seq
    START WITH 1
    INCREMENT BY 1
    NO MINVALUE
    NO MAXVALUE
    CACHE 1;


ALTER TABLE public.usuarios_cargos_id_seq OWNER TO postgres;

--
-- TOC entry 262 (class 1259 OID 588044)
-- Name: usuarios_cargos; Type: TABLE; Schema: public; Owner: postgres
--

CREATE TABLE public.usuarios_cargos (
    id_usuario_cargo integer DEFAULT nextval('public.usuarios_cargos_id_seq'::regclass) NOT NULL,
    id_usuario integer,
    id_cargo integer,
    id_usuario_registra integer,
    id_usuario_modifica integer,
    created_at timestamp without time zone,
    updated_at timestamp without time zone,
    deleted_at timestamp without time zone
);


ALTER TABLE public.usuarios_cargos OWNER TO postgres;

--
-- TOC entry 204 (class 1259 OID 587810)
-- Name: usuarios_estados_id_seq; Type: SEQUENCE; Schema: public; Owner: postgres
--

CREATE SEQUENCE public.usuarios_estados_id_seq
    START WITH 1
    INCREMENT BY 1
    NO MINVALUE
    NO MAXVALUE
    CACHE 1;


ALTER TABLE public.usuarios_estados_id_seq OWNER TO postgres;

--
-- TOC entry 236 (class 1259 OID 587889)
-- Name: usuarios_estados; Type: TABLE; Schema: public; Owner: postgres
--

CREATE TABLE public.usuarios_estados (
    id_usuario_estado integer DEFAULT nextval('public.usuarios_estados_id_seq'::regclass) NOT NULL,
    id_estado integer,
    id_usuario integer,
    id_usuario_registra integer,
    id_usuario_modifica integer,
    created_at timestamp without time zone,
    updated_at timestamp without time zone,
    deleted_at timestamp without time zone
);


ALTER TABLE public.usuarios_estados OWNER TO postgres;

--
-- TOC entry 203 (class 1259 OID 587808)
-- Name: usuarios_roles_id_seq; Type: SEQUENCE; Schema: public; Owner: postgres
--

CREATE SEQUENCE public.usuarios_roles_id_seq
    START WITH 1
    INCREMENT BY 1
    NO MINVALUE
    NO MAXVALUE
    CACHE 1;


ALTER TABLE public.usuarios_roles_id_seq OWNER TO postgres;

--
-- TOC entry 235 (class 1259 OID 587885)
-- Name: usuarios_roles; Type: TABLE; Schema: public; Owner: postgres
--

CREATE TABLE public.usuarios_roles (
    id_usuario_role integer DEFAULT nextval('public.usuarios_roles_id_seq'::regclass) NOT NULL,
    id_role integer,
    id_usuario integer,
    id_usuario_registra integer,
    id_usuario_modifica integer,
    created_at timestamp without time zone,
    updated_at timestamp without time zone,
    deleted_at timestamp without time zone
);


ALTER TABLE public.usuarios_roles OWNER TO postgres;

--
-- TOC entry 228 (class 1259 OID 587858)
-- Name: usuarios_servicios_id_seq; Type: SEQUENCE; Schema: public; Owner: postgres
--

CREATE SEQUENCE public.usuarios_servicios_id_seq
    START WITH 1
    INCREMENT BY 1
    NO MINVALUE
    NO MAXVALUE
    CACHE 1;


ALTER TABLE public.usuarios_servicios_id_seq OWNER TO postgres;

--
-- TOC entry 260 (class 1259 OID 588033)
-- Name: usuarios_servicios; Type: TABLE; Schema: public; Owner: postgres
--

CREATE TABLE public.usuarios_servicios (
    id_usuario_servicio integer DEFAULT nextval('public.usuarios_servicios_id_seq'::regclass) NOT NULL,
    id_usuario integer,
    id_servicio integer,
    id_usuario_registra integer,
    id_usuario_modifica integer,
    created_at timestamp without time zone,
    updated_at timestamp without time zone,
    deleted_at timestamp without time zone
);


ALTER TABLE public.usuarios_servicios OWNER TO postgres;

--
-- TOC entry 296 (class 1259 OID 604782)
-- Name: vlans_id_seq; Type: SEQUENCE; Schema: public; Owner: postgres
--

CREATE SEQUENCE public.vlans_id_seq
    START WITH 1
    INCREMENT BY 1
    NO MINVALUE
    NO MAXVALUE
    CACHE 1;


ALTER TABLE public.vlans_id_seq OWNER TO postgres;

--
-- TOC entry 297 (class 1259 OID 604784)
-- Name: vlans; Type: TABLE; Schema: public; Owner: postgres
--

CREATE TABLE public.vlans (
    id_vlan integer DEFAULT nextval('public.vlans_id_seq'::regclass) NOT NULL,
    nom_vlan text,
    det_vlan text,
    cod_vlan text,
    id_usuario_registra integer,
    id_usuario_modifica integer,
    created_at timestamp without time zone,
    updated_at timestamp without time zone,
    deleted_at timestamp without time zone
);


ALTER TABLE public.vlans OWNER TO postgres;

--
-- TOC entry 3127 (class 2604 OID 588266)
-- Name: migrations id; Type: DEFAULT; Schema: public; Owner: postgres
--

ALTER TABLE ONLY public.migrations ALTER COLUMN id SET DEFAULT nextval('public.migrations_id_seq'::regclass);


--
-- TOC entry 3425 (class 0 OID 588007)
-- Dependencies: 255
-- Data for Name: actividades; Type: TABLE DATA; Schema: public; Owner: postgres
--

COPY public.actividades (id_actividad, nom_actividad, det_actividad, id_usuario_registra, id_usuario_modifica, created_at, updated_at, deleted_at) FROM stdin;
2	Soporte	Soporte	1	4	2018-02-27 18:31:56	2018-02-28 05:58:33	\N
3	Seguimiento	Seguimiento	1	4	2018-02-27 18:32:09	2018-03-04 12:28:10	\N
5	Requerimientos	Requerimientos	1	4	2018-02-27 18:32:32	2018-03-06 06:34:43	\N
6	Migraciones	Migraciones	1	4	2018-02-27 18:32:39	2018-03-06 06:34:46	\N
8	Descargas Masivas	Descargas Masivas	1	4	2018-02-27 18:33:04	2018-03-06 06:42:00	\N
10	Homologacion de Proyectos	Homologacion de proyectos	1	4	2018-02-27 18:33:38	2018-03-12 01:37:17	\N
12	test	test	4	4	2018-03-21 20:49:01	2018-03-21 20:49:12	2018-03-21 20:49:12
9	Tareas Programadas	Tareas Programadas	1	4	2018-02-27 18:33:17	2018-03-28 18:11:13	\N
13	fasdfdf	asdfsadf	1	1	2018-03-29 06:10:12	2018-03-29 06:10:35	2018-03-29 06:10:35
11	Cubicacion Maquina	Actividad de gestion para la disponibilizacion de servidor o maquina para alojar un aplicativo.	1	4	2018-02-27 18:33:57	2018-04-04 03:40:14	\N
7	Cargas Masivas	Actividad de proceso para trabajar sobre grandes tuplas de datos como entrada o salida, u otras actividades relacionadas a procesamiento masivo.	1	4	2018-02-27 18:32:52	2018-04-04 03:41:31	\N
1	Mantencion	Actividad de proceso y ejecucion para mantener las soluciones ya desarrolladas o heredadas de algun proveedor externo, etc a clientes mediante software o gestores de contenidos.	1	4	2018-02-27 18:26:10	2018-04-04 03:44:22	\N
4	Desarrollo	Actividad de proceso y ejecucion para desarrollar soluciones, aplicativos, etc a clientes mediante software o gestores de contenidos.	1	4	2018-02-27 18:32:18	2018-04-04 03:44:37	\N
\.


--
-- TOC entry 3426 (class 0 OID 588014)
-- Dependencies: 256
-- Data for Name: actividades_tags; Type: TABLE DATA; Schema: public; Owner: postgres
--

COPY public.actividades_tags (id_actividad_tag, id_actividad, id_tag, id_usuario_registra, id_usuario_modifica, created_at, updated_at, deleted_at) FROM stdin;
\.


--
-- TOC entry 3449 (class 0 OID 596504)
-- Dependencies: 279
-- Data for Name: ambientes; Type: TABLE DATA; Schema: public; Owner: postgres
--

COPY public.ambientes (id_ambiente, nom_ambiente, det_ambiente, id_usuario_registra, id_usuario_modifica, created_at, updated_at, deleted_at) FROM stdin;
1	PROD	Produccion	\N	\N	\N	\N	\N
2	PREPROD	Pre produccion	\N	\N	\N	\N	\N
3	QA	Quality Assurance	\N	\N	\N	\N	\N
4	DEV	Desarrollo	\N	\N	\N	\N	\N
\.


--
-- TOC entry 3411 (class 0 OID 587915)
-- Dependencies: 241
-- Data for Name: aplicaciones; Type: TABLE DATA; Schema: public; Owner: postgres
--

COPY public.aplicaciones (id_aplicacion, id_tipo_aplicacion, id_servicio, id_dominio, nom_aplicacion, det_aplicacion, alias, url_web, ip, subdominio, ssl_tls, id_usuario_registra, id_usuario_modifica, created_at, updated_at, deleted_at, id_servidor) FROM stdin;
14	43	12	1	APIgee	APIgee	\N	\N	172.20.34.10	\N	false	4	4	2018-04-04 18:50:41	2018-04-04 18:50:41	\N	694
7	3	2	1	test	test	test	http://ww.ww.ww	1.1.1.1	test	false	4	4	2018-03-21 19:47:49	2018-03-21 19:48:10	2018-03-21 19:48:10	4
4	3	2	1	Aplicacion 1	la aplicacion prueba 1	app001	http://rqr.fadfa.cl	3.3.3.3	app001	true	4	4	2018-03-03 17:12:09	2018-03-22 05:58:32	2018-03-22 05:58:32	4
6	3	2	1	Aplicacion 2	aplicacion 2 test	app001minsal	http://test2.minsal.cl	10.8.12.1	test2	true	4	4	2018-03-12 02:06:27	2018-03-22 05:58:37	2018-03-22 05:58:37	1
5	1	2	1	Soap	Servicio soap sigte	soap_sigte	http://soapsigte.minsal.cl	1.1.1.1	soapsigte.minsal.cl	true	4	4	2018-03-07 13:54:13	2018-03-22 05:58:42	2018-03-22 05:58:42	4
15	43	12	1	APIgee	APIgee	\N	\N	172.20.34.11	\N	false	4	4	2018-04-04 18:50:57	2018-04-04 18:50:57	\N	695
16	43	12	1	APIgee	APIgee	\N	\N	172.20.34.12	\N	false	4	4	2018-04-04 18:51:33	2018-04-04 18:51:33	\N	696
17	43	12	1	APIgee	APIgee	\N	\N	172.20.34.13	\N	false	4	4	2018-04-04 18:51:53	2018-04-04 18:51:53	\N	697
18	43	12	1	APIgee	APIgee	\N	\N	172.20.34.14	\N	false	4	4	2018-04-04 18:52:05	2018-04-04 18:52:05	\N	698
1	4	2	1	aplicacion wander	djfakdfdkgsfjf ahsg hjadsf j dfh sdjh fjhds gfjhsdk sd jhgfsdhjkh sdgfh sdj	gsdfhsdk h dh s	http://www.asdfs.cl	2.2.2.2	dsf	true	4	4	2018-03-02 04:10:17	2018-03-02 19:32:08	2018-03-02 19:32:08	\N
19	43	12	1	APIgee	APIgee	\N	\N	172.20.34.15	\N	false	4	4	2018-04-04 18:52:35	2018-04-04 18:52:35	\N	699
20	43	12	1	APIgee	APIgee	\N	\N	172.20.34.16	\N	false	4	4	2018-04-04 18:52:55	2018-04-04 18:52:55	\N	700
3	4	2	1	sdfsadfsa	fsdfsadf	safasdfsadf	http://ww.ww.ww	3.3.3.3	eweq	1	4	4	2018-03-02 20:37:15	2018-03-02 20:37:34	2018-03-02 20:37:34	\N
2	1	1	1	fsfsadfsadf	sdfsadfsad	fsdafsd	http://weq.qweqw.qwe	1.1.1.1	fsdf	true	4	4	2018-03-02 15:12:17	2018-03-02 20:37:37	2018-03-02 20:37:37	\N
21	43	12	1	APIgee	APIgee	\N	\N	172.20.34.17	\N	false	4	4	2018-04-04 18:53:42	2018-04-04 18:53:42	\N	701
22	43	12	1	APIgee	APIgee	\N	\N	172.20.34.18	\N	false	4	4	2018-04-04 18:54:02	2018-04-04 18:54:02	\N	702
23	43	12	1	APIgee	APIgee	\N	\N	172.20.34.19	\N	false	4	4	2018-04-04 18:54:15	2018-04-04 18:54:15	\N	703
9	43	7	1	app002	sdfsdfsf	afsfsdf	http://ww.ww.ww	1.1.1.12	app002	false	4	4	2018-03-29 20:11:55	2018-04-04 22:49:56	2018-04-04 22:49:56	20
11	43	7	1	app004	app004	app004	http://ww.ww.ww	1.1.1.1	app004	false	4	4	2018-04-02 19:57:49	2018-04-04 22:50:09	2018-04-04 22:50:09	19
10	43	7	1	app003	app003	app003	http://ww.ww.ww	1.1.1.1	app003	false	4	4	2018-03-29 20:12:26	2018-04-04 22:50:23	2018-04-04 22:50:23	19
8	43	7	1	app001	allsad	sladsd	http://ww.ww.ww	1.1.1.1	app001	false	4	4	2018-03-29 20:00:56	2018-04-04 22:50:34	2018-04-04 22:50:34	20
12	43	7	1	app005	qqw	alias	http://ww.ww.ww	3.3.3.3	eweq	1	4	4	2018-04-04 01:43:27	2018-04-04 22:50:46	2018-04-04 22:50:46	19
13	43	7	1	app002	app002	app002	http://ww.ww.ww	1.1.1.1	app002	0	4	4	2018-04-04 03:07:50	2018-04-04 22:50:55	2018-04-04 22:50:55	20
24	43	12	1	APIgee	APIgee	\N	\N	172.20.34.20	\N	false	4	4	2018-04-04 18:54:26	2018-04-04 18:54:26	\N	704
25	43	12	1	APIgee	APIgee	\N	\N	172.20.34.21	\N	false	4	4	2018-04-04 18:54:47	2018-04-04 18:54:47	\N	705
26	43	12	1	APIgee	APIgee	\N	\N	172.20.34.22	\N	false	4	4	2018-04-04 18:55:02	2018-04-04 18:55:08	\N	706
27	43	12	1	APIgee	APIgee	\N	\N	172.20.34.23	\N	false	4	4	2018-04-04 18:55:22	2018-04-04 18:55:22	\N	707
28	43	12	1	APIgee	APIgee	\N	\N	172.20.34.24	\N	false	4	4	2018-04-04 18:55:34	2018-04-04 18:55:34	\N	708
29	43	12	1	APIgee	APIgee	\N	\N	172.20.34.25	\N	false	4	4	2018-04-04 18:55:46	2018-04-04 18:55:46	\N	709
30	43	13	1	AFIS	AFIS	\N	\N	172.20.34.26	\N	false	4	4	2018-04-04 18:56:20	2018-04-04 18:56:20	\N	710
31	43	13	1	AFIS	AFIS	\N	\N	172.20.34.27	\N	false	4	4	2018-04-04 18:56:20	2018-04-04 18:56:20	\N	711
32	43	13	1	AFIS	AFIS	\N	\N	172.20.34.28	\N	false	4	4	2018-04-04 18:50:41	2018-04-04 18:50:41	\N	712
33	43	14	1	IBM I2	IBM I2	\N	\N	172.20.34.29	\N	false	4	4	2018-04-04 18:50:57	2018-04-04 18:50:57	\N	713
34	43	15	1	GES PROYECTOS	GES PROYECTOS	\N	\N	172.20.34.30	\N	false	4	4	2018-04-04 18:51:33	2018-04-04 18:51:33	\N	714
35	43	16	1	SVN	SVN	\N	\N	172.20.34.31	\N	false	4	4	2018-04-04 18:51:53	2018-04-04 18:51:53	\N	715
36	43	16	1	CMDB	CMDB	\N	\N	192.168.20.17 	\N	false	4	4	2018-04-04 18:52:05	2018-04-04 18:52:05	\N	716
37	43	16	1	MONITOREO	MONITOREO	\N	\N	192.168.20.16 	\N	false	4	4	2018-04-04 18:52:35	2018-04-04 18:52:35	\N	717
38	43	15	1	WIKI	WIKI	\N	\N	172.20.34.34	\N	false	4	4	2018-04-04 18:52:55	2018-04-04 18:52:55	\N	718
39	43	15	1	LMT	LMT	\N	\N	172.20.34.35	\N	false	4	4	2018-04-04 18:53:42	2018-04-04 18:53:42	\N	719
40	43	18	1	MONITOREO	MONITOREO	\N	\N	172.20.34.36	\N	false	4	4	2018-04-04 18:54:02	2018-04-04 18:54:02	\N	720
41	43	18	1	MONITOREO	MONITOREO	\N	\N	172.20.34.37	\N	false	4	4	2018-04-04 18:54:15	2018-04-04 18:54:15	\N	721
42	43	15	1	SPECTRUM	SPECTRUM	\N	\N	172.20.34.38	\N	false	4	4	2018-04-04 18:54:26	2018-04-04 18:54:26	\N	722
43	43	17	1	SEMANTIKO	SEMANTIKO	\N	\N	192.168.10.50	\N	false	4	4	2018-04-04 18:54:47	2018-04-04 18:54:47	\N	723
44	43	17	1	SEMANTIKO	SEMANTIKO	\N	\N	192.168.10.51	\N	false	4	4	2018-04-04 18:55:02	2018-04-04 18:55:08	\N	724
45	43	17	1	SEMANTIKO	SEMANTIKO	\N	\N	192.168.10.52	\N	false	4	4	2018-04-04 18:55:22	2018-04-04 18:55:22	\N	725
46	44	17	1	SEMANTIKO	SEMANTIKO	\N	\N	172.20.65.10	\N	false	4	4	2018-04-04 18:55:34	2018-04-04 18:55:34	\N	726
47	44	17	1	SEMANTIKO	SEMANTIKO	\N	\N	172.20.65.11	\N	false	4	4	2018-04-04 18:55:46	2018-04-04 18:55:46	\N	727
48	44	17	1	SEMANTIKO	SEMANTIKO	\N	\N	172.20.65.12	\N	false	4	4	2018-04-04 18:56:20	2018-04-04 18:56:20	\N	728
49	46	14	1	IBASE	IBASE	\N	\N	172.20.34.39	\N	false	4	4	2018-04-04 18:56:20	2018-04-04 18:56:20	\N	729
50	46	14	1	I2	I2	\N	\N	172.20.34.40	\N	false	4	4	2018-04-04 18:50:41	2018-04-04 18:50:41	\N	730
51	46	14	1	Hadoop	Hadoop	\N	\N	172.20.34.41	\N	false	4	4	2018-04-04 18:50:57	2018-04-04 18:50:57	\N	731
52	46	14	1	Hadoop	Hadoop	\N	\N	172.20.34.42	\N	false	4	4	2018-04-04 18:51:33	2018-04-04 18:51:33	\N	732
53	46	14	1	Hadoop	Hadoop	\N	\N	172.20.34.43	\N	false	4	4	2018-04-04 18:51:53	2018-04-04 18:51:53	\N	733
54	46	14	1	Hadoop	Hadoop	\N	\N	172.20.34.44	\N	false	4	4	2018-04-04 18:52:05	2018-04-04 18:52:05	\N	734
55	46	14	1	Hadoop	Hadoop	\N	\N	172.20.34.45	\N	false	4	4	2018-04-04 18:52:35	2018-04-04 18:52:35	\N	735
56	46	15	1	FTP	FTP	\N	\N	172.20.34.46	\N	false	4	4	2018-04-04 18:52:55	2018-04-04 18:52:55	\N	736
57	43	17	1	SEMANTIKO	SEMANTIKO	\N	\N	192.168.10.53	\N	false	4	4	2018-04-04 18:53:42	2018-04-04 18:53:42	\N	737
58	44	17	1	SEMANTIKO	SEMANTIKO	\N	\N	172.20.8.15	\N	false	4	4	2018-04-04 18:54:02	2018-04-04 18:54:02	\N	738
59	45	18	1	OIRS	OIRS	\N	\N	172.20.16.20	\N	false	4	4	2018-04-04 18:54:15	2018-04-04 18:54:15	\N	739
60	43	14	1	SPSS	SPSS	\N	\N	172.20.34.47	\N	false	4	4	2018-04-04 18:54:26	2018-04-04 18:54:26	\N	740
61	43	14	1	SPSS	SPSS	\N	\N	172.20.34.48	\N	false	4	4	2018-04-04 18:54:47	2018-04-04 18:54:47	\N	741
62	43	15	1	SURVEY	SURVEY	\N	\N	192.168.60.10	\N	false	4	4	2018-04-04 18:55:02	2018-04-04 18:55:08	\N	742
63	43	15	1	SURVEY	SURVEY	\N	\N	192.168.60.11	\N	false	4	4	2018-04-04 18:55:22	2018-04-04 18:55:22	\N	743
64	43	12	1	APIgee	APIgee	\N	\N	192.168.70.10	\N	false	4	4	2018-04-04 18:55:34	2018-04-04 18:55:34	\N	744
65	43	12	1	APIgee	APIgee	\N	\N	192.168.70.11	\N	false	4	4	2018-04-04 18:55:46	2018-04-04 18:55:46	\N	745
66	43	12	1	APIgee	APIgee	\N	\N	172.20.89.10	\N	false	4	4	2018-04-04 18:56:20	2018-04-04 18:56:20	\N	746
67	43	12	1	APIgee	APIgee	\N	\N	172.20.89.11	\N	false	4	4	2018-04-04 18:56:20	2018-04-04 18:56:20	\N	747
68	43	12	1	APIgee	APIgee	\N	\N	172.20.90.10	\N	false	4	4	2018-04-04 18:50:41	2018-04-04 18:50:41	\N	748
69	43	12	1	APIgee	APIgee	\N	\N	172.20.90.11	\N	false	4	4	2018-04-04 18:50:57	2018-04-04 18:50:57	\N	749
70	43	12	1	APIgee	APIgee	\N	\N	172.20.90.12	\N	false	4	4	2018-04-04 18:51:33	2018-04-04 18:51:33	\N	750
71	44	12	1	APIgee	APIgee	\N	\N	172.20.90.13	\N	false	4	4	2018-04-04 18:51:53	2018-04-04 18:51:53	\N	751
72	43	12	1	APIgee	APIgee	\N	\N	172.20.90.14	\N	false	4	4	2018-04-04 18:52:05	2018-04-04 18:52:05	\N	752
73	43	12	1	APIgee	APIgee	\N	\N	172.20.90.15	\N	false	4	4	2018-04-04 18:52:35	2018-04-04 18:52:35	\N	753
74	43	12	1	APIgee	APIgee	\N	\N	172.20.90.16	\N	false	4	4	2018-04-04 18:52:55	2018-04-04 18:52:55	\N	754
75	43	12	1	APIgee	APIgee	\N	\N	172.20.90.17	\N	false	4	4	2018-04-04 18:53:42	2018-04-04 18:53:42	\N	755
76	43	12	1	APIgee	APIgee	\N	\N	192.168.60.12	\N	false	4	4	2018-04-04 18:54:02	2018-04-04 18:54:02	\N	756
77	43	12	1	APIgee	APIgee	\N	\N	192.168.60.13	\N	false	4	4	2018-04-04 18:54:15	2018-04-04 18:54:15	\N	757
78	43	12	1	APIgee	APIgee	\N	\N	172.20.34.20	\N	false	4	4	2018-04-04 18:54:26	2018-04-04 18:54:26	\N	758
79	43	12	1	APIgee	APIgee	\N	\N	172.20.34.21	\N	false	4	4	2018-04-04 18:54:47	2018-04-04 18:54:47	\N	759
80	43	12	1	APIgee	APIgee	\N	\N	172.20.34.22	\N	false	4	4	2018-04-04 18:55:02	2018-04-04 18:55:08	\N	760
81	43	12	1	APIgee	APIgee	\N	\N	172.20.34.23	\N	false	4	4	2018-04-04 18:55:22	2018-04-04 18:55:22	\N	761
82	44	12	1	APIgee	APIgee	\N	\N	172.20.34.24	\N	false	4	4	2018-04-04 18:55:34	2018-04-04 18:55:34	\N	762
83	44	12	1	APIgee	APIgee	\N	\N	172.20.34.25	\N	false	4	4	2018-04-04 18:55:46	2018-04-04 18:55:46	\N	763
84	43	12	1	APIgee	APIgee	\N	\N	172.20.34.49	\N	false	4	4	2018-04-04 18:56:20	2018-04-04 18:56:20	\N	764
85	47	14	1	BI	BI	\N	\N	172.20.16.25	\N	false	4	4	2018-04-04 18:56:20	2018-04-04 18:56:20	\N	765
86	43	14	1	Datastage	Datastage	\N	\N	172.20.34.50	\N	false	4	4	2018-04-04 18:50:41	2018-04-04 18:50:41	\N	766
87	43	14	1	BI	BI	\N	\N	172.20.34.51	\N	false	4	4	2018-04-04 18:50:57	2018-04-04 18:50:57	\N	767
88	43	14	1	BI	BI	\N	\N	172.20.34.52	\N	false	4	4	2018-04-04 18:51:33	2018-04-04 18:51:33	\N	768
89	43	14	1	BI	BI	\N	\N	172.20.34.53	\N	false	4	4	2018-04-04 18:51:53	2018-04-04 18:51:53	\N	769
90	45	15	1	COMGES	COMGES	\N	\N	172.20.8.17	\N	false	4	4	2018-04-04 18:52:05	2018-04-04 18:52:05	\N	770
91	43	14	1	Active MQ	Active MQ	\N	\N	172.20.8.18	\N	false	4	4	2018-04-04 18:52:35	2018-04-04 18:52:35	\N	771
92	45	15	1	MINSAL	MINSAL	\N	\N	192.168.20.13 	\N	false	4	4	2018-04-04 18:52:55	2018-04-04 18:52:55	\N	772
93	45	15	1	OIRS	OIRS	\N	\N	192.168.20.14	\N	false	4	4	2018-04-04 18:53:42	2018-04-04 18:53:42	\N	773
94	43	15	1	SFTP	SFTP	\N	\N	192.168.20.15	\N	false	4	4	2018-04-04 18:54:02	2018-04-04 18:54:02	\N	774
95	43	15	1	OIRS	OIRS	\N	\N	172.20.16.18	\N	false	4	4	2018-04-04 18:54:15	2018-04-04 18:54:15	\N	775
96	44	15	1	MINSAL	MINSAL	\N	\N	172.20.64.21	\N	false	4	4	2018-04-04 18:54:26	2018-04-04 18:54:26	\N	776
97	44	15	1	OIRS	OIRS	\N	\N	172.20.64.22	\N	false	4	4	2018-04-04 18:54:47	2018-04-04 18:54:47	\N	777
98	43	16	1	WSUS	WSUS	\N	\N	172.20.6.10	\N	false	4	4	2018-04-04 18:55:02	2018-04-04 18:55:08	\N	778
99	43	16	1	SPECTRUM	SPECTRUM	\N	\N	172.20.33.20	\N	false	4	4	2018-04-04 18:55:22	2018-04-04 18:55:22	\N	779
100	43	16	1	NESSUS	NESSUS	\N	\N	192.168.20.12	\N	false	4	4	2018-04-04 18:55:34	2018-04-04 18:55:34	\N	780
101	43	14	1	Active	Active	\N	\N	172.20.8.22	\N	false	4	4	2018-04-04 18:55:46	2018-04-04 18:55:46	\N	781
102	43	14	1	Active	Active	\N	\N	172.20.6.11	\N	false	4	4	2018-04-04 18:56:20	2018-04-04 18:56:20	\N	782
103	43	14	1	Active	Active	\N	\N	172.20.6.12	\N	false	4	4	2018-04-04 18:56:20	2018-04-04 18:56:20	\N	783
104	43	16	1	WSUS	WSUS	\N	\N	172.20.6.13	\N	false	4	4	2018-04-04 18:50:41	2018-04-04 18:50:41	\N	784
105	43	16	1	WSUS	WSUS	\N	\N	172.20.6.14	\N	false	4	4	2018-04-04 18:50:57	2018-04-04 18:50:57	\N	785
106	43	16	1	CMDB	CMDB	\N	\N	172.20.16.19	\N	false	4	4	2018-04-04 18:51:33	2018-04-04 18:51:33	\N	786
107	43	15	1	TRANSPARENCIA	TRANSPARENCIA	\N	\N	172.20.8.23	\N	false	4	4	2018-04-04 18:51:53	2018-04-04 18:51:53	\N	787
108	44	15	1	COMGES	COMGES	\N	\N	172.20.6.15	\N	false	4	4	2018-04-04 18:52:05	2018-04-04 18:52:05	\N	788
109	43	17	1	SEMANTIKO	SEMANTIKO	\N	\N	172.20.16.26	\N	false	4	4	2018-04-04 18:52:35	2018-04-04 18:52:35	\N	789
110	48	17	1	SEMANTIKO	SEMANTIKO	\N	\N	192.168.60.14	\N	false	4	4	2018-04-04 18:52:55	2018-04-04 18:52:55	\N	790
111	43	17	1	SEMANTIKO	SEMANTIKO	\N	\N	172.20.8.24	\N	false	4	4	2018-04-04 18:53:42	2018-04-04 18:53:42	\N	791
112	43	17	1	SEMANTIKO	SEMANTIKO	\N	\N	172.20.8.26	\N	false	4	4	2018-04-04 18:54:02	2018-04-04 18:54:02	\N	792
113	48	17	1	SEMANTIKO	SEMANTIKO	\N	\N	192.168.10.54	\N	false	4	4	2018-04-04 18:54:15	2018-04-04 18:54:15	\N	793
114	48	17	1	SEMANTIKO	SEMANTIKO	\N	\N	192.168.10.55	\N	false	4	4	2018-04-04 18:54:26	2018-04-04 18:54:26	\N	794
115	44	15	1	BBDD	BBDD	\N	\N	172.20.64.24	\N	false	4	4	2018-04-04 18:54:47	2018-04-04 18:54:47	\N	795
116	43	19	1	SINETSUR	SINETSUR	\N	\N	172.20.33.30	\N	false	4	4	2018-04-04 18:55:02	2018-04-04 18:55:08	\N	796
117	43	19	1	SINETSUR	SINETSUR	\N	\N	172.20.33.25	\N	false	4	4	2018-04-04 18:55:22	2018-04-04 18:55:22	\N	797
118	43	19	1	SINETSUR	SINETSUR	\N	\N	192.168.70.21	\N	false	4	4	2018-04-04 18:55:34	2018-04-04 18:55:34	\N	798
119	43	19	1	SINETSUR	SINETSUR	\N	\N	172.20.33.32	\N	false	4	4	2018-04-04 18:55:46	2018-04-04 18:55:46	\N	799
120	43	19	1	SINETSUR	SINETSUR	\N	\N	172.20.33.29	\N	false	4	4	2018-04-04 18:56:20	2018-04-04 18:56:20	\N	800
121	43	19	1	SINETSUR	SINETSUR	\N	\N	192.168.70.22	\N	false	4	4	2018-04-04 18:56:20	2018-04-04 18:56:20	\N	801
122	43	19	1	SINETSUR	SINETSUR	\N	\N	192.168.70.20	\N	false	4	4	2018-04-04 18:50:41	2018-04-04 18:50:41	\N	802
123	43	19	1	SINETSUR	SINETSUR	\N	\N	172.20.33.31	\N	false	4	4	2018-04-04 18:50:57	2018-04-04 18:50:57	\N	803
124	43	19	1	SINETSUR	SINETSUR	\N	\N	172.20.33.28	\N	false	4	4	2018-04-04 18:51:33	2018-04-04 18:51:33	\N	804
125	43	19	1	SINETSUR	SINETSUR	\N	\N	172.20.33.27	\N	false	4	4	2018-04-04 18:51:53	2018-04-04 18:51:53	\N	805
126	43	19	1	SINETSUR	SINETSUR	\N	\N	172.20.33.26	\N	false	4	4	2018-04-04 18:52:05	2018-04-04 18:52:05	\N	806
127	43	15	1	SEG VIH	SEG VIH	\N	\N	192.168.70.23	\N	false	4	4	2018-04-04 18:52:35	2018-04-04 18:52:35	\N	807
128	43	19	1	SINETSUR	SINETSUR	\N	\N	172.20.33.40	\N	false	4	4	2018-04-04 18:52:55	2018-04-04 18:52:55	\N	808
129	43	19	1	SINETSUR	SINETSUR	\N	\N	172.20.33.41	\N	false	4	4	2018-04-04 18:53:42	2018-04-04 18:53:42	\N	809
130	43	19	1	SINETSUR	SINETSUR	\N	\N	192.168.70.30	\N	false	4	4	2018-04-04 18:54:02	2018-04-04 18:54:02	\N	810
131	43	19	1	SINETSUR	SINETSUR	\N	\N	172.20.33.42	\N	false	4	4	2018-04-04 18:54:15	2018-04-04 18:54:15	\N	811
132	43	19	1	SINETSUR	SINETSUR	\N	\N	172.20.33.43	\N	false	4	4	2018-04-04 18:54:26	2018-04-04 18:54:26	\N	812
133	43	19	1	SINETSUR	SINETSUR	\N	\N	192.168.70.31	\N	false	4	4	2018-04-04 18:54:47	2018-04-04 18:54:47	\N	813
134	43	19	1	SINETSUR	SINETSUR	\N	\N	192.168.70.32	\N	false	4	4	2018-04-04 18:55:02	2018-04-04 18:55:08	\N	814
135	43	19	1	SINETSUR	SINETSUR	\N	\N	172.20.33.44	\N	false	4	4	2018-04-04 18:55:22	2018-04-04 18:55:22	\N	815
136	43	19	1	SINETSUR	SINETSUR	\N	\N	172.20.33.45	\N	false	4	4	2018-04-04 18:55:34	2018-04-04 18:55:34	\N	816
137	43	19	1	SINETSUR	SINETSUR	\N	\N	172.20.33.46	\N	false	4	4	2018-04-04 18:55:46	2018-04-04 18:55:46	\N	817
138	43	19	1	SINETSUR	SINETSUR	\N	\N	172.20.33.47	\N	false	4	4	2018-04-04 18:56:20	2018-04-04 18:56:20	\N	818
139	43	15	1	SEG VIH	SEG VIH	\N	\N	172.20.16.30	\N	false	4	4	2018-04-04 18:56:20	2018-04-04 18:56:20	\N	819
140	43	15	1	TRANSPARENCIA	TRANSPARENCIA	\N	\N	192.168.70.15	\N	false	4	4	2018-04-04 18:50:41	2018-04-04 18:50:41	\N	820
141	43	15	1	SEG VIH	SEG VIH	\N	\N	172.20.8.27	\N	false	4	4	2018-04-04 18:50:57	2018-04-04 18:50:57	\N	821
142	43	15	1	COMPIN	COMPIN	\N	\N	192.168.70.26	\N	false	4	4	2018-04-04 18:51:33	2018-04-04 18:51:33	\N	822
143	44	15	1	COMPIN	COMPIN	\N	\N	172.20.64.26	\N	false	4	4	2018-04-04 18:51:53	2018-04-04 18:51:53	\N	823
144	43	15	1	COMPIN	COMPIN	\N	\N	172.20.6.19	\N	false	4	4	2018-04-04 18:52:05	2018-04-04 18:52:05	\N	824
145	43	17	1	SEMANTIKO	SEMANTIKO	\N	\N	172.20.8.100	\N	false	4	4	2018-04-04 18:52:35	2018-04-04 18:52:35	\N	825
146	43	17	1	SEMANTIKO	SEMANTIKO	\N	\N	172.20.8.101	\N	false	4	4	2018-04-04 18:52:55	2018-04-04 18:52:55	\N	826
147	43	15	1	RESPIRATORIOAPS	RESPIRATORIOAPS	\N	\N	192.168.10.40	\N	false	4	4	2018-04-04 18:53:42	2018-04-04 18:53:42	\N	827
148	43	15	1	RESPIRATORIOAPS	RESPIRATORIOAPS	\N	\N	192.168.70.40	\N	false	4	4	2018-04-04 18:54:02	2018-04-04 18:54:02	\N	828
149	43	15	1	SIDOT	SIDOT	\N	\N	192.168.10.30	\N	false	4	4	2018-04-04 18:54:15	2018-04-04 18:54:15	\N	829
150	43	20	1	SURVIH	SURVIH	\N	\N	192.168.10.41	\N	false	4	4	2018-04-04 18:54:26	2018-04-04 18:54:26	\N	830
151	43	15	1	SIMPO	SIMPO	\N	\N	192.168.10.42	\N	false	4	4	2018-04-04 18:54:47	2018-04-04 18:54:47	\N	831
152	43	15	1	SIGTE	SIGTE	\N	\N	172.20.16.40	\N	false	4	4	2018-04-04 18:55:02	2018-04-04 18:55:08	\N	832
153	43	15	1	SIGTE	SIGTE	\N	\N	172.20.16.41	\N	false	4	4	2018-04-04 18:55:22	2018-04-04 18:55:22	\N	833
154	43	15	1	PRAIS	PRAIS	\N	\N	192.168.10.20	\N	false	4	4	2018-04-04 18:55:34	2018-04-04 18:55:34	\N	834
155	43	18	1	DCM4CHEE	DCM4CHEE	\N	\N	192.168.70.38	\N	false	4	4	2018-04-04 18:55:46	2018-04-04 18:55:46	\N	835
156	43	20	1	SURVIH	SURVIH	\N	\N	192.168.70.34	\N	false	4	4	2018-04-04 18:56:20	2018-04-04 18:56:20	\N	836
157	43	18	1	P CRONICOS	P CRONICOS	\N	\N	192.168.10.56	\N	false	4	4	2018-04-04 18:56:20	2018-04-04 18:56:20	\N	837
158	44	15	1	BD MYSQL	BD MYSQL	\N	\N	172.20.8.30	\N	false	4	4	2018-04-04 18:50:41	2018-04-04 18:50:41	\N	838
159	43	15	1	COMETIDO	COMETIDO	\N	\N	192.168.70.33	\N	false	4	4	2018-04-04 18:50:57	2018-04-04 18:50:57	\N	839
160	43	15	1	SAMU	SAMU	\N	\N	192.168.70.36	\N	false	4	4	2018-04-04 18:51:33	2018-04-04 18:51:33	\N	840
161	43	15	1	SAMU	SAMU	\N	\N	192.168.70.35	\N	false	4	4	2018-04-04 18:51:53	2018-04-04 18:51:53	\N	841
162	43	21	1	SIRH	SIRH	\N	\N	192.168.60.15	\N	false	4	4	2018-04-04 18:52:05	2018-04-04 18:52:05	\N	842
163	43	21	1	SIRH	SIRH	\N	\N	172.20.16.42	\N	false	4	4	2018-04-04 18:52:35	2018-04-04 18:52:35	\N	843
164	43	15	1	SIGTE	SIGTE	\N	\N	172.20.6.20	\N	false	4	4	2018-04-04 18:52:55	2018-04-04 18:52:55	\N	844
165	43	15	1	SIGTE	SIGTE	\N	\N	172.20.6.40	\N	false	4	4	2018-04-04 18:53:42	2018-04-04 18:53:42	\N	845
166	43	15	1	SIGTE	SIGTE	\N	\N	172.20.6.41	\N	false	4	4	2018-04-04 18:54:02	2018-04-04 18:54:02	\N	846
167	43	15	1	SIGTE	SIGTE	\N	\N	192.168.70.37	\N	false	4	4	2018-04-04 18:54:15	2018-04-04 18:54:15	\N	847
168	43	15	1	SIGTE	SIGTE	\N	\N	192.168.70.56	\N	false	4	4	2018-04-04 18:54:26	2018-04-04 18:54:26	\N	848
169	43	18	1	Gestin de Bodegas	Gestin de Bodegas	\N	\N	192.168.70.41	\N	false	4	4	2018-04-04 18:54:47	2018-04-04 18:54:47	\N	849
170	43	18	1	Gestin de Bodegas	Gestin de Bodegas	\N	\N	192.168.60.16	\N	false	4	4	2018-04-04 18:55:02	2018-04-04 18:55:08	\N	850
171	43	18	1	Gestin de Bodegas	Gestin de Bodegas	\N	\N	192.168.10.57	\N	false	4	4	2018-04-04 18:55:22	2018-04-04 18:55:22	\N	851
172	43	15	1	SIGTE	SIGTE	\N	\N	172.20.8.32	\N	false	4	4	2018-04-04 18:55:34	2018-04-04 18:55:34	\N	852
173	43	15	1	SIGTE	SIGTE	\N	\N	192.168.10.58	\N	false	4	4	2018-04-04 18:55:46	2018-04-04 18:55:46	\N	853
174	43	22	1	SIAC	SIAC	\N	\N	192.168.70.42	\N	false	4	4	2018-04-04 18:56:20	2018-04-04 18:56:20	\N	854
175	43	22	1	SIAC	SIAC	\N	\N	192.168.70.43	\N	false	4	4	2018-04-04 18:56:20	2018-04-04 18:56:20	\N	855
176	43	22	1	SIAC	SIAC	\N	\N	192.168.70.44	\N	false	4	4	2018-04-04 18:50:41	2018-04-04 18:50:41	\N	856
177	44	22	1	SIAC	SIAC	\N	\N		\N	false	4	4	2018-04-04 18:50:57	2018-04-04 18:50:57	\N	857
178	43	22	1	SIAC	SIAC	\N	\N	192.168.10.60	\N	false	4	4	2018-04-04 18:51:33	2018-04-04 18:51:33	\N	858
179	43	22	1	SIAC	SIAC	\N	\N	192.168.10.61 	\N	false	4	4	2018-04-04 18:51:53	2018-04-04 18:51:53	\N	859
180	43	22	1	SIAC	SIAC	\N	\N	192.168.10.62 	\N	false	4	4	2018-04-04 18:52:05	2018-04-04 18:52:05	\N	860
181	45	22	1	SIAC	SIAC	\N	\N	172.20.8.28	\N	false	4	4	2018-04-04 18:52:35	2018-04-04 18:52:35	\N	861
182	43	15	1	CANASTAS	CANASTAS	\N	\N	192.168.70.45	\N	false	4	4	2018-04-04 18:52:55	2018-04-04 18:52:55	\N	862
183	43	15	1	CANASTAS	CANASTAS	\N	\N	192.168.10.63	\N	false	4	4	2018-04-04 18:53:42	2018-04-04 18:53:42	\N	863
184	43	18	1	JMETER	JMETER	\N	\N	172.20.8.33	\N	false	4	4	2018-04-04 18:54:02	2018-04-04 18:54:02	\N	864
185	43	18	1	JMETER	JMETER	\N	\N	172.20.8.34	\N	false	4	4	2018-04-04 18:54:15	2018-04-04 18:54:15	\N	865
186	44	15	1	Cluster BD MySQL	Cluster BD MySQL	\N	\N	172.20.8.35	\N	false	4	4	2018-04-04 18:54:26	2018-04-04 18:54:26	\N	866
187	44	15	1	Cluster BD MySQL	Cluster BD MySQL	\N	\N	172.20.8.36	\N	false	4	4	2018-04-04 18:54:47	2018-04-04 18:54:47	\N	867
188	44	15	1	Cluster BD MySQL	Cluster BD MySQL	\N	\N	172.20.8.37	\N	false	4	4	2018-04-04 18:55:02	2018-04-04 18:55:08	\N	868
189	44	15	1	Cluster BD MySQL	Cluster BD MySQL	\N	\N	172.20.8.38	\N	false	4	4	2018-04-04 18:55:22	2018-04-04 18:55:22	\N	869
190	44	15	1	Cluster BD MySQL	Cluster BD MySQL	\N	\N	172.20.8.39	\N	false	4	4	2018-04-04 18:55:34	2018-04-04 18:55:34	\N	870
191	43	15	1	APP WORDPRESS QA	APP WORDPRESS QA	\N	\N	192.168.10.64	\N	false	4	4	2018-04-04 18:55:46	2018-04-04 18:55:46	\N	871
192	43	14	1	Active	Active	\N	\N	172.20.8.41	\N	false	4	4	2018-04-04 18:56:20	2018-04-04 18:56:20	\N	872
193	43	14	1	Active	Active	\N	\N	172.20.6.22	\N	false	4	4	2018-04-04 18:56:20	2018-04-04 18:56:20	\N	873
194	43	14	1	Active	Active	\N	\N	172.20.6.23	\N	false	4	4	2018-04-04 18:50:41	2018-04-04 18:50:41	\N	874
195	43	29	1	BI	BI	\N	\N	192.168.70.46	\N	false	4	4	2018-04-04 18:50:57	2018-04-04 18:50:57	\N	875
196	43	21	1	SIRH	SIRH	\N	\N	192.168.60.17	\N	false	4	4	2018-04-04 18:51:33	2018-04-04 18:51:33	\N	876
197	43	15	1	COMPIN	COMPIN	\N	\N	192.168.70.51	\N	false	4	4	2018-04-04 18:51:53	2018-04-04 18:51:53	\N	877
198	43	15	1	RME	RME	\N	\N	172.20.8.90	\N	false	4	4	2018-04-04 18:52:05	2018-04-04 18:52:05	\N	878
199	43	18	1	OTROS	OTROS	\N	\N	192.168.70.52	\N	false	4	4	2018-04-04 18:52:35	2018-04-04 18:52:35	\N	879
200	43	18	1	OTROS	OTROS	\N	\N	192.168.70.53	\N	false	4	4	2018-04-04 18:52:55	2018-04-04 18:52:55	\N	880
201	43	18	1	OTROS	OTROS	\N	\N	192.168.70.54	\N	false	4	4	2018-04-04 18:53:42	2018-04-04 18:53:42	\N	881
202	43	18	1	OTROS	OTROS	\N	\N	192.168.70.55	\N	false	4	4	2018-04-04 18:54:02	2018-04-04 18:54:02	\N	882
203	43	18	1	OTROS	OTROS	\N	\N	192.168.10.17	\N	false	4	4	2018-04-04 18:54:15	2018-04-04 18:54:15	\N	883
204	44	15	1	Cluster BD MySQL PROD	Cluster BD MySQL PROD	\N	\N	172.20.6.23	\N	false	4	4	2018-04-04 18:54:26	2018-04-04 18:54:26	\N	884
205	44	15	1	Cluster BD MySQL PROD	Cluster BD MySQL PROD	\N	\N	172.20.6.24	\N	false	4	4	2018-04-04 18:54:47	2018-04-04 18:54:47	\N	885
206	44	15	1	Cluster BD MySQL PROD	Cluster BD MySQL PROD	\N	\N	172.20.6.25	\N	false	4	4	2018-04-04 18:55:02	2018-04-04 18:55:08	\N	886
207	44	15	1	Cluster Postgres QA	Cluster Postgres QA	\N	\N	172.20.8.42	\N	false	4	4	2018-04-04 18:55:22	2018-04-04 18:55:22	\N	887
208	44	15	1	Cluster Postgres QA	Cluster Postgres QA	\N	\N	172.20.8.43	\N	false	4	4	2018-04-04 18:55:34	2018-04-04 18:55:34	\N	888
209	44	15	1	Cluster Postgres QA	Cluster Postgres QA	\N	\N	172.20.8.44	\N	false	4	4	2018-04-04 18:55:46	2018-04-04 18:55:46	\N	889
210	44	15	1	Cluster Postgres QA	Cluster Postgres QA	\N	\N	172.20.8.45	\N	false	4	4	2018-04-04 18:56:20	2018-04-04 18:56:20	\N	890
211	44	15	1	Cluster Postgres QA	Cluster Postgres QA	\N	\N	172.20.8.46	\N	false	4	4	2018-04-04 18:56:20	2018-04-04 18:56:20	\N	891
212	44	15	1	Cluster Postgres PROD	Cluster Postgres PROD	\N	\N	172.20.6.26	\N	false	4	4	2018-04-04 18:50:41	2018-04-04 18:50:41	\N	892
213	44	15	1	Cluster Postgres PROD	Cluster Postgres PROD	\N	\N	172.20.6.27	\N	false	4	4	2018-04-04 18:50:57	2018-04-04 18:50:57	\N	893
214	43	18	1	HL7	HL7	\N	\N	172.20.8.47	\N	false	4	4	2018-04-04 18:51:33	2018-04-04 18:51:33	\N	894
215	43	18	1	HL7	HL7	\N	\N	172.20.6.28	\N	false	4	4	2018-04-04 18:51:53	2018-04-04 18:51:53	\N	895
216	44	19	1	SINETSUR	SINETSUR	\N	\N	172.20.64.33	\N	false	4	4	2018-04-04 18:52:05	2018-04-04 18:52:05	\N	896
217	43	18	1	SNIP	SNIP	\N	\N	192.168.70.60	\N	false	4	4	2018-04-04 18:52:35	2018-04-04 18:52:35	\N	897
218	43	23	1	SISQ-SICARS	SISQ-SICARS	\N	\N	192.168.10.66	\N	false	4	4	2018-04-04 18:52:55	2018-04-04 18:52:55	\N	898
219	44	23	1	SISQ-SICARS	SISQ-SICARS	\N	\N	172.20.8.49	\N	false	4	4	2018-04-04 18:53:42	2018-04-04 18:53:42	\N	899
220	43	17	1	SEMANTIKO	SEMANTIKO	\N	\N	172.20.6.34	\N	false	4	4	2018-04-04 18:54:02	2018-04-04 18:54:02	\N	900
221	43	17	1	SEMANTIKO	SEMANTIKO	\N	\N	172.20.6.35	\N	false	4	4	2018-04-04 18:54:15	2018-04-04 18:54:15	\N	901
222	43	17	1	SEMANTIKO	SEMANTIKO	\N	\N	192.168.70.62	\N	false	4	4	2018-04-04 18:54:26	2018-04-04 18:54:26	\N	902
223	43	17	1	SEMANTIKO	SEMANTIKO	\N	\N	192.168.70.63	\N	false	4	4	2018-04-04 18:54:47	2018-04-04 18:54:47	\N	903
224	43	18	1	DCM4CHEE	DCM4CHEE	\N	\N	192.168.60.18	\N	false	4	4	2018-04-04 18:55:02	2018-04-04 18:55:08	\N	904
225	43	15	1	SIDOT	SIDOT	\N	\N	192.168.70.64	\N	false	4	4	2018-04-04 18:55:22	2018-04-04 18:55:22	\N	905
226	43	23	1	SISQ-SICARS	SISQ-SICARS	\N	\N	192.168.70.65	\N	false	4	4	2018-04-04 18:55:34	2018-04-04 18:55:34	\N	906
227	43	16	1	Suscripciones RHEL	Suscripciones RHEL	\N	\N	192.168.70.66	\N	false	4	4	2018-04-04 18:55:46	2018-04-04 18:55:46	\N	907
228	43	18	1	FRENTE LABORATORIO	FRENTE LABORATORIO	\N	\N	192.168.10.67	\N	false	4	4	2018-04-04 18:56:20	2018-04-04 18:56:20	\N	908
229	44	18	1	FRENTE LABORATORIO	FRENTE LABORATORIO	\N	\N	172.20.8.51	\N	false	4	4	2018-04-04 18:56:20	2018-04-04 18:56:20	\N	909
230	43	18	1	FRENTE LABORATORIO	FRENTE LABORATORIO	\N	\N	192.168.60.19	\N	false	4	4	2018-04-04 18:50:41	2018-04-04 18:50:41	\N	910
231	44	18	1	FRENTE LABORATORIO	FRENTE LABORATORIO	\N	\N	172.20.16.20	\N	false	4	4	2018-04-04 18:50:57	2018-04-04 18:50:57	\N	911
232	43	23	1	SISQ-SICARS	SISQ-SICARS	\N	\N	192.168.70.17	\N	false	4	4	2018-04-04 18:51:33	2018-04-04 18:51:33	\N	912
233	43	23	1	SISQ-SICARS	SISQ-SICARS	\N	\N	192.168.10.22	\N	false	4	4	2018-04-04 18:51:53	2018-04-04 18:51:53	\N	913
234	43	24	1	RIS	RIS	\N	\N	192.168.10.23	\N	false	4	4	2018-04-04 18:52:05	2018-04-04 18:52:05	\N	914
235	44	24	1	RIS	RIS	\N	\N	172.20.8.52	\N	false	4	4	2018-04-04 18:52:35	2018-04-04 18:52:35	\N	915
236	43	25	1	CHCC	CHCC	\N	\N	192.168.10.25	\N	false	4	4	2018-04-04 18:52:55	2018-04-04 18:52:55	\N	916
237	43	18	1	VIH DIGERA	VIH DIGERA	\N	\N	192.168.10.26	\N	false	4	4	2018-04-04 18:53:42	2018-04-04 18:53:42	\N	917
238	43	26	1	PAID	PAID	\N	\N	192.168.10.31	\N	false	4	4	2018-04-04 18:54:02	2018-04-04 18:54:02	\N	918
239	43	27	1	Catalogos de Images	Catalogos de Images	\N	\N	192.168.60.20	\N	false	4	4	2018-04-04 18:54:15	2018-04-04 18:54:15	\N	919
240	43	15	1	COMPIN	COMPIN	\N	\N	192.168.10.27	\N	false	4	4	2018-04-04 18:54:26	2018-04-04 18:54:26	\N	920
241	43	15	1	PRAIS	PRAIS	\N	\N	192.168.70.72	\N	false	4	4	2018-04-04 18:54:47	2018-04-04 18:54:47	\N	921
242	43	15	1	SIGTE	SIGTE	\N	\N	172.20.8.53	\N	false	4	4	2018-04-04 18:55:02	2018-04-04 18:55:08	\N	922
243	43	15	1	SIGTE	SIGTE	\N	\N	172.20.8.54	\N	false	4	4	2018-04-04 18:55:22	2018-04-04 18:55:22	\N	923
244	43	15	1	MINSAL	MINSAL	\N	\N	192.168.10.32	\N	false	4	4	2018-04-04 18:55:34	2018-04-04 18:55:34	\N	924
245	43	15	1	LOG	LOG	\N	\N	172.20.6.32	\N	false	4	4	2018-04-04 18:55:46	2018-04-04 18:55:46	\N	925
246	43	15	1	SIGED	SIGED	\N	\N	192.168.10.68	\N	false	4	4	2018-04-04 18:56:20	2018-04-04 18:56:20	\N	926
247	43	21	1	SIRH	SIRH	\N	\N	192.168.10.70	\N	false	4	4	2018-04-04 18:56:20	2018-04-04 18:56:20	\N	927
248	43	21	1	SIRH	SIRH	\N	\N	192.168.10.71	\N	false	4	4	2018-04-04 18:50:41	2018-04-04 18:50:41	\N	928
249	43	21	1	SIRH	SIRH	\N	\N	172.20.8.40	\N	false	4	4	2018-04-04 18:50:57	2018-04-04 18:50:57	\N	929
250	43	21	1	SIRH	SIRH	\N	\N	172.20.8.41	\N	false	4	4	2018-04-04 18:51:33	2018-04-04 18:51:33	\N	930
251	43	28	1	IVE	IVE	\N	\N	192.168.10.69	\N	false	4	4	2018-04-04 18:51:53	2018-04-04 18:51:53	\N	931
252	43	28	1	IVE	IVE	\N	\N	192.168.70.67	\N	false	4	4	2018-04-04 18:52:05	2018-04-04 18:52:05	\N	932
\.


--
-- TOC entry 3412 (class 0 OID 587922)
-- Dependencies: 242
-- Data for Name: aplicaciones_accesos; Type: TABLE DATA; Schema: public; Owner: postgres
--

COPY public.aplicaciones_accesos (id_aplicacion_acceso, id_aplicacion, id_servidor, usuario, clave, email, id_usuario_registra, id_usuario_modifica, created_at, updated_at, deleted_at, tipo_acceso) FROM stdin;
2	6	1	testerw	test	test@testt.es	4	4	2018-03-21 20:46:06	2018-03-21 20:46:18	2018-03-21 20:46:18	testwer
1	12	19	webminsal	Minsal2018	desarrollo@minsal.cl	4	4	2018-03-15 13:55:05	2018-04-04 05:03:47	\N	login
\.


--
-- TOC entry 3410 (class 0 OID 587911)
-- Dependencies: 240
-- Data for Name: aplicaciones_estados; Type: TABLE DATA; Schema: public; Owner: postgres
--

COPY public.aplicaciones_estados (id_aplicacion_estado, id_aplicacion, id_estado, id_usuario_registra, id_usuario_modifica, created_at, updated_at, deleted_at) FROM stdin;
\.


--
-- TOC entry 3423 (class 0 OID 587996)
-- Dependencies: 253
-- Data for Name: aplicaciones_tags; Type: TABLE DATA; Schema: public; Owner: postgres
--

COPY public.aplicaciones_tags (id_aplicacion_tag, id_aplicacion, id_tag, id_usuario_registra, id_usuario_modifica, created_at, updated_at, deleted_at) FROM stdin;
\.


--
-- TOC entry 3421 (class 0 OID 587985)
-- Dependencies: 251
-- Data for Name: aplicaciones_tecnologias; Type: TABLE DATA; Schema: public; Owner: postgres
--

COPY public.aplicaciones_tecnologias (id_aplicacion_tecnologia, id_aplicacion, id_tecnologia, id_usuario_registra, id_usuario_modifica, created_at, updated_at, deleted_at) FROM stdin;
\.


--
-- TOC entry 3433 (class 0 OID 588048)
-- Dependencies: 263
-- Data for Name: cargos; Type: TABLE DATA; Schema: public; Owner: postgres
--

COPY public.cargos (id_cargo, nom_cargo, det_cargo, id_usuario_registra, id_usuario_modifica, created_at, updated_at, deleted_at, cod_cargo) FROM stdin;
2	fd	sdfsd	4	4	2018-02-28 13:06:40	2018-02-28 13:06:42	2018-02-28 13:06:42	\N
1	Desarrollador	Desarrollador	4	4	2018-02-28 12:36:44	2018-03-06 06:26:24	\N	sdsadeds7ctgibk2
3	Lider de equipo	Lider de equipo	4	4	2018-03-06 06:26:40	2018-03-06 06:26:40	\N	df7y83iomdfs
4	Jefe de Area	Jefe de Area	4	4	2018-03-06 06:26:56	2018-03-06 06:26:56	\N	8ui4jtrkn2
5	fsdffd	fsdf	4	4	2018-03-06 06:27:08	2018-03-06 06:27:10	2018-03-06 06:27:10	sdf
6	cargo test	test detalle	4	4	2018-03-21 19:38:40	2018-03-21 19:38:45	2018-03-21 19:38:45	0
\.


--
-- TOC entry 3431 (class 0 OID 588037)
-- Dependencies: 261
-- Data for Name: catalogos_servicios; Type: TABLE DATA; Schema: public; Owner: postgres
--

COPY public.catalogos_servicios (id_catalogo_servicio, id_servicio, asunto, det_catalogo, avatar, id_usuario_registra, id_usuario_modifica, created_at, updated_at, deleted_at) FROM stdin;
\.


--
-- TOC entry 3435 (class 0 OID 588166)
-- Dependencies: 265
-- Data for Name: catalogos_servicios_tags; Type: TABLE DATA; Schema: public; Owner: postgres
--

COPY public.catalogos_servicios_tags (id_catalogo_servicio_tag, id_catalogo_servicio, id_tag, id_usuario_registra, id_usuario_modifica, created_at, updated_at, deleted_at) FROM stdin;
\.


--
-- TOC entry 3455 (class 0 OID 596541)
-- Dependencies: 285
-- Data for Name: clusters; Type: TABLE DATA; Schema: public; Owner: postgres
--

COPY public.clusters (id_cluster, nom_cluster, det_cluster, id_usuario_registra, id_usuario_modifica, created_at, updated_at, deleted_at, cod_cluster, id_tipo_cluster) FROM stdin;
1	STGO-CLUSDATA-FLASH01	STGO-CLUSDATA-FLASH01	4	4	2018-03-26 13:11:40	2018-03-26 14:24:58	\N	scdf01	2
2	DATA NO FLASH	DATA NO FLASH	4	4	2018-03-26 13:11:40	2018-03-26 14:25:35	\N	dnf01	1
\.


--
-- TOC entry 3368 (class 0 OID 579605)
-- Dependencies: 198
-- Data for Name: comuna; Type: TABLE DATA; Schema: public; Owner: postgres
--

COPY public.comuna (id_comuna, id_region, nombre_comuna, created_at, updated_at, deleted_at) FROM stdin;
1101	1	Iquique	2017-10-31 11:06:00	2017-10-31 11:06:00	\N
1107	1	Alto Hospicio	2017-10-31 11:06:00	2017-10-31 11:06:00	\N
1401	1	Pozo Almonte	2017-10-31 11:06:00	2017-10-31 11:06:00	\N
1402	1	Camia	2017-10-31 11:06:00	2017-10-31 11:06:00	\N
1403	1	Colchane	2017-10-31 11:06:00	2017-10-31 11:06:00	\N
1404	1	Huara	2017-10-31 11:06:00	2017-10-31 11:06:00	\N
1405	1	Pica	2017-10-31 11:06:00	2017-10-31 11:06:00	\N
2101	2	Antofagasta	2017-10-31 11:06:00	2017-10-31 11:06:00	\N
2102	2	Mejillones	2017-10-31 11:06:00	2017-10-31 11:06:00	\N
2103	2	Sierra Gorda	2017-10-31 11:06:00	2017-10-31 11:06:00	\N
2104	2	Taltal	2017-10-31 11:06:00	2017-10-31 11:06:00	\N
2201	2	Calama	2017-10-31 11:06:00	2017-10-31 11:06:00	\N
2202	2	Ollage	2017-10-31 11:06:00	2017-10-31 11:06:00	\N
2203	2	San Pedro de Atacama	2017-10-31 11:06:00	2017-10-31 11:06:00	\N
2301	2	Tocopilla	2017-10-31 11:06:00	2017-10-31 11:06:00	\N
2302	2	Maria Elena	2017-10-31 11:06:00	2017-10-31 11:06:00	\N
3101	3	Copiapo	2017-10-31 11:06:00	2017-10-31 11:06:00	\N
3102	3	Caldera	2017-10-31 11:06:00	2017-10-31 11:06:00	\N
3103	3	Tierra Amarilla	2017-10-31 11:06:00	2017-10-31 11:06:00	\N
3201	3	Chaaral	2017-10-31 11:06:00	2017-10-31 11:06:00	\N
3202	3	Diego de Almagro	2017-10-31 11:06:00	2017-10-31 11:06:00	\N
3301	3	Vallenar	2017-10-31 11:06:00	2017-10-31 11:06:00	\N
3302	3	Alto del Carmen	2017-10-31 11:06:00	2017-10-31 11:06:00	\N
3303	3	Freirina	2017-10-31 11:06:00	2017-10-31 11:06:00	\N
3304	3	Huasco	2017-10-31 11:06:00	2017-10-31 11:06:00	\N
4101	4	La Serena	2017-10-31 11:06:00	2017-10-31 11:06:00	\N
4102	4	Coquimbo	2017-10-31 11:06:00	2017-10-31 11:06:00	\N
4103	4	Andacollo	2017-10-31 11:06:00	2017-10-31 11:06:00	\N
4104	4	La Higuera	2017-10-31 11:06:00	2017-10-31 11:06:00	\N
4105	4	Paiguano	2017-10-31 11:06:00	2017-10-31 11:06:00	\N
4106	4	Vicua	2017-10-31 11:06:00	2017-10-31 11:06:00	\N
4201	4	Illapel	2017-10-31 11:06:00	2017-10-31 11:06:00	\N
4202	4	Canela	2017-10-31 11:06:00	2017-10-31 11:06:00	\N
4203	4	Los Vilos	2017-10-31 11:06:00	2017-10-31 11:06:00	\N
4204	4	Salamanca	2017-10-31 11:06:00	2017-10-31 11:06:00	\N
4301	4	Ovalle	2017-10-31 11:06:00	2017-10-31 11:06:00	\N
4302	4	Combarbal	2017-10-31 11:06:00	2017-10-31 11:06:00	\N
4303	4	Monte Patria	2017-10-31 11:06:00	2017-10-31 11:06:00	\N
4304	4	Punitaqui	2017-10-31 11:06:00	2017-10-31 11:06:00	\N
4305	4	Ro Hurtado	2017-10-31 11:06:00	2017-10-31 11:06:00	\N
5101	5	Valparaiso	2017-10-31 11:06:00	2017-10-31 11:06:00	\N
5102	5	Casablanca	2017-10-31 11:06:00	2017-10-31 11:06:00	\N
5103	5	Con Con	2017-10-31 11:06:00	2017-10-31 11:06:00	\N
5104	5	Juan Fernndez	2017-10-31 11:06:00	2017-10-31 11:06:00	\N
5105	5	Puchuncav	2017-10-31 11:06:00	2017-10-31 11:06:00	\N
5107	5	Quintero	2017-10-31 11:06:00	2017-10-31 11:06:00	\N
5109	5	Via del Mar	2017-10-31 11:06:00	2017-10-31 11:06:00	\N
5201	5	Isla de Pascua	2017-10-31 11:06:00	2017-10-31 11:06:00	\N
5301	5	Los Andes	2017-10-31 11:06:00	2017-10-31 11:06:00	\N
5302	5	Calle Larga	2017-10-31 11:06:00	2017-10-31 11:06:00	\N
5303	5	Rinconada	2017-10-31 11:06:00	2017-10-31 11:06:00	\N
5304	5	San Esteban	2017-10-31 11:06:00	2017-10-31 11:06:00	\N
5401	5	La Ligua	2017-10-31 11:06:00	2017-10-31 11:06:00	\N
5402	5	Cabildo	2017-10-31 11:06:00	2017-10-31 11:06:00	\N
5403	5	Papudo	2017-10-31 11:06:00	2017-10-31 11:06:00	\N
5404	5	Petorca	2017-10-31 11:06:00	2017-10-31 11:06:00	\N
5405	5	Zapallar	2017-10-31 11:06:00	2017-10-31 11:06:00	\N
5501	5	Quillota	2017-10-31 11:06:00	2017-10-31 11:06:00	\N
5502	5	Calera	2017-10-31 11:06:00	2017-10-31 11:06:00	\N
5503	5	Hijuelas	2017-10-31 11:06:00	2017-10-31 11:06:00	\N
5504	5	La Cruz	2017-10-31 11:06:00	2017-10-31 11:06:00	\N
5506	5	Nogales	2017-10-31 11:06:00	2017-10-31 11:06:00	\N
5601	5	San Antonio	2017-10-31 11:06:00	2017-10-31 11:06:00	\N
5602	5	Algarrobo	2017-10-31 11:06:00	2017-10-31 11:06:00	\N
5603	5	Cartagena	2017-10-31 11:06:00	2017-10-31 11:06:00	\N
5604	5	El Quisco	2017-10-31 11:06:00	2017-10-31 11:06:00	\N
5605	5	El Tabo	2017-10-31 11:06:00	2017-10-31 11:06:00	\N
5606	5	Santo Domingo	2017-10-31 11:06:00	2017-10-31 11:06:00	\N
5701	5	San Felipe	2017-10-31 11:06:00	2017-10-31 11:06:00	\N
5702	5	Catemu	2017-10-31 11:06:00	2017-10-31 11:06:00	\N
5703	5	Llaillay	2017-10-31 11:06:00	2017-10-31 11:06:00	\N
5704	5	Panquehue	2017-10-31 11:06:00	2017-10-31 11:06:00	\N
5705	5	Putaendo	2017-10-31 11:06:00	2017-10-31 11:06:00	\N
5706	5	Santa Maria	2017-10-31 11:06:00	2017-10-31 11:06:00	\N
5801	5	Quilpue	2017-10-31 11:06:00	2017-10-31 11:06:00	\N
5802	5	Limache	2017-10-31 11:06:00	2017-10-31 11:06:00	\N
5803	5	Olmu	2017-10-31 11:06:00	2017-10-31 11:06:00	\N
5804	5	Villa Alemana	2017-10-31 11:06:00	2017-10-31 11:06:00	\N
6101	6	Rancagua	2017-10-31 11:06:00	2017-10-31 11:06:00	\N
6102	6	Codegua	2017-10-31 11:06:00	2017-10-31 11:06:00	\N
6103	6	Coinco	2017-10-31 11:06:00	2017-10-31 11:06:00	\N
6104	6	Coltauco	2017-10-31 11:06:00	2017-10-31 11:06:00	\N
6105	6	Doihue	2017-10-31 11:06:00	2017-10-31 11:06:00	\N
6106	6	Graneros	2017-10-31 11:06:00	2017-10-31 11:06:00	\N
6107	6	Las Cabras	2017-10-31 11:06:00	2017-10-31 11:06:00	\N
6108	6	Machal	2017-10-31 11:06:00	2017-10-31 11:06:00	\N
6109	6	Malloa	2017-10-31 11:06:00	2017-10-31 11:06:00	\N
6110	6	Mostazal	2017-10-31 11:06:00	2017-10-31 11:06:00	\N
6111	6	Olivar	2017-10-31 11:06:00	2017-10-31 11:06:00	\N
6112	6	Peumo	2017-10-31 11:06:00	2017-10-31 11:06:00	\N
6113	6	Pichidegua	2017-10-31 11:06:00	2017-10-31 11:06:00	\N
6114	6	Quinta de Tilcoco	2017-10-31 11:06:00	2017-10-31 11:06:00	\N
6115	6	Rengo	2017-10-31 11:06:00	2017-10-31 11:06:00	\N
6116	6	Requnoa	2017-10-31 11:06:00	2017-10-31 11:06:00	\N
6117	6	San Vicente	2017-10-31 11:06:00	2017-10-31 11:06:00	\N
6201	6	Pichilemu	2017-10-31 11:06:00	2017-10-31 11:06:00	\N
6202	6	La Estrella	2017-10-31 11:06:00	2017-10-31 11:06:00	\N
6203	6	Litueche	2017-10-31 11:06:00	2017-10-31 11:06:00	\N
6204	6	Marchihue	2017-10-31 11:06:00	2017-10-31 11:06:00	\N
6205	6	Navidad	2017-10-31 11:06:00	2017-10-31 11:06:00	\N
6206	6	Paredones	2017-10-31 11:06:00	2017-10-31 11:06:00	\N
6301	6	San Fernando	2017-10-31 11:06:00	2017-10-31 11:06:00	\N
6302	6	Chepica	2017-10-31 11:06:00	2017-10-31 11:06:00	\N
6303	6	Chimbarongo	2017-10-31 11:06:00	2017-10-31 11:06:00	\N
6304	6	Lolol	2017-10-31 11:06:00	2017-10-31 11:06:00	\N
6305	6	Nancagua	2017-10-31 11:06:00	2017-10-31 11:06:00	\N
6306	6	Palmilla	2017-10-31 11:06:00	2017-10-31 11:06:00	\N
6307	6	Peralillo	2017-10-31 11:06:00	2017-10-31 11:06:00	\N
6308	6	Placilla	2017-10-31 11:06:00	2017-10-31 11:06:00	\N
6309	6	Pumanque	2017-10-31 11:06:00	2017-10-31 11:06:00	\N
6310	6	Santa Cruz	2017-10-31 11:06:00	2017-10-31 11:06:00	\N
7101	7	Talca	2017-10-31 11:06:00	2017-10-31 11:06:00	\N
7102	7	Constitucin	2017-10-31 11:06:00	2017-10-31 11:06:00	\N
7103	7	Curepto	2017-10-31 11:06:00	2017-10-31 11:06:00	\N
7104	7	Empedrado	2017-10-31 11:06:00	2017-10-31 11:06:00	\N
7105	7	Maule	2017-10-31 11:06:00	2017-10-31 11:06:00	\N
7106	7	Pelarco	2017-10-31 11:06:00	2017-10-31 11:06:00	\N
7107	7	Pencahue	2017-10-31 11:06:00	2017-10-31 11:06:00	\N
7108	7	Ro Claro	2017-10-31 11:06:00	2017-10-31 11:06:00	\N
7109	7	San Clemente	2017-10-31 11:06:00	2017-10-31 11:06:00	\N
7110	7	San Rafael	2017-10-31 11:06:00	2017-10-31 11:06:00	\N
7201	7	Cauquenes	2017-10-31 11:06:00	2017-10-31 11:06:00	\N
7202	7	Chanco	2017-10-31 11:06:00	2017-10-31 11:06:00	\N
7203	7	Pelluhue	2017-10-31 11:06:00	2017-10-31 11:06:00	\N
7301	7	Curic	2017-10-31 11:06:00	2017-10-31 11:06:00	\N
7302	7	Huala	2017-10-31 11:06:00	2017-10-31 11:06:00	\N
7303	7	Licantn	2017-10-31 11:06:00	2017-10-31 11:06:00	\N
7304	7	Molina	2017-10-31 11:06:00	2017-10-31 11:06:00	\N
7305	7	Rauco	2017-10-31 11:06:00	2017-10-31 11:06:00	\N
7306	7	Romeral	2017-10-31 11:06:00	2017-10-31 11:06:00	\N
7307	7	Sagrada Familia	2017-10-31 11:06:00	2017-10-31 11:06:00	\N
7308	7	Teno	2017-10-31 11:06:00	2017-10-31 11:06:00	\N
7309	7	Vichuqun	2017-10-31 11:06:00	2017-10-31 11:06:00	\N
7401	7	Linares	2017-10-31 11:06:00	2017-10-31 11:06:00	\N
7402	7	Colbn	2017-10-31 11:06:00	2017-10-31 11:06:00	\N
7403	7	Longav	2017-10-31 11:06:00	2017-10-31 11:06:00	\N
7404	7	Parral	2017-10-31 11:06:00	2017-10-31 11:06:00	\N
7405	7	Retiro	2017-10-31 11:06:00	2017-10-31 11:06:00	\N
7406	7	San Javier	2017-10-31 11:06:00	2017-10-31 11:06:00	\N
7407	7	Villa Alegre	2017-10-31 11:06:00	2017-10-31 11:06:00	\N
7408	7	Yerbas Buenas	2017-10-31 11:06:00	2017-10-31 11:06:00	\N
8101	8	Concepcin	2017-10-31 11:06:00	2017-10-31 11:06:00	\N
8102	8	Coronel	2017-10-31 11:06:00	2017-10-31 11:06:00	\N
8103	8	Chiguayante	2017-10-31 11:06:00	2017-10-31 11:06:00	\N
8104	8	Florida	2017-10-31 11:06:00	2017-10-31 11:06:00	\N
8105	8	Hualqui	2017-10-31 11:06:00	2017-10-31 11:06:00	\N
8106	8	Lota	2017-10-31 11:06:00	2017-10-31 11:06:00	\N
8107	8	Penco	2017-10-31 11:06:00	2017-10-31 11:06:00	\N
8108	8	San Pedro de la Paz	2017-10-31 11:06:00	2017-10-31 11:06:00	\N
8109	8	Santa Juana	2017-10-31 11:06:00	2017-10-31 11:06:00	\N
8110	8	Talcahuano	2017-10-31 11:06:00	2017-10-31 11:06:00	\N
8111	8	Tome	2017-10-31 11:06:00	2017-10-31 11:06:00	\N
8112	8	Hualpn	2017-10-31 11:06:00	2017-10-31 11:06:00	\N
8201	8	Lebu	2017-10-31 11:06:00	2017-10-31 11:06:00	\N
8202	8	Arauco	2017-10-31 11:06:00	2017-10-31 11:06:00	\N
8203	8	Caete	2017-10-31 11:06:00	2017-10-31 11:06:00	\N
8204	8	Contulmo	2017-10-31 11:06:00	2017-10-31 11:06:00	\N
8205	8	Curanilahue	2017-10-31 11:06:00	2017-10-31 11:06:00	\N
8206	8	Los lamos	2017-10-31 11:06:00	2017-10-31 11:06:00	\N
8207	8	Tira	2017-10-31 11:06:00	2017-10-31 11:06:00	\N
8301	8	Los ngeles	2017-10-31 11:06:00	2017-10-31 11:06:00	\N
8302	8	Antuco	2017-10-31 11:06:00	2017-10-31 11:06:00	\N
8303	8	Cabrero	2017-10-31 11:06:00	2017-10-31 11:06:00	\N
8304	8	Laja	2017-10-31 11:06:00	2017-10-31 11:06:00	\N
8305	8	Mulchn	2017-10-31 11:06:00	2017-10-31 11:06:00	\N
8306	8	Nacimiento	2017-10-31 11:06:00	2017-10-31 11:06:00	\N
8307	8	Negrete	2017-10-31 11:06:00	2017-10-31 11:06:00	\N
8308	8	Quilaco	2017-10-31 11:06:00	2017-10-31 11:06:00	\N
8309	8	Quilleco	2017-10-31 11:06:00	2017-10-31 11:06:00	\N
8310	8	San Rosendo	2017-10-31 11:06:00	2017-10-31 11:06:00	\N
8311	8	Santa Brbara	2017-10-31 11:06:00	2017-10-31 11:06:00	\N
8312	8	Tucapel	2017-10-31 11:06:00	2017-10-31 11:06:00	\N
8313	8	Yumbel	2017-10-31 11:06:00	2017-10-31 11:06:00	\N
8314	8	Alto Biobo	2017-10-31 11:06:00	2017-10-31 11:06:00	\N
8401	8	Chilln 	2017-10-31 11:06:00	2017-10-31 11:06:00	\N
8402	8	Bulnes	2017-10-31 11:06:00	2017-10-31 11:06:00	\N
8403	8	Cobquecura	2017-10-31 11:06:00	2017-10-31 11:06:00	\N
8404	8	Coelemu	2017-10-31 11:06:00	2017-10-31 11:06:00	\N
8405	8	Coihueco	2017-10-31 11:06:00	2017-10-31 11:06:00	\N
8406	8	Chilln Viejo	2017-10-31 11:06:00	2017-10-31 11:06:00	\N
8407	8	El Carmen	2017-10-31 11:06:00	2017-10-31 11:06:00	\N
8408	8	Ninhue	2017-10-31 11:06:00	2017-10-31 11:06:00	\N
8409	8	iqun	2017-10-31 11:06:00	2017-10-31 11:06:00	\N
8410	8	Pemuco	2017-10-31 11:06:00	2017-10-31 11:06:00	\N
8411	8	Pinto	2017-10-31 11:06:00	2017-10-31 11:06:00	\N
8412	8	Portezuelo	2017-10-31 11:06:00	2017-10-31 11:06:00	\N
8413	8	Quilln	2017-10-31 11:06:00	2017-10-31 11:06:00	\N
8414	8	Quirihue	2017-10-31 11:06:00	2017-10-31 11:06:00	\N
8415	8	Rnquil	2017-10-31 11:06:00	2017-10-31 11:06:00	\N
8416	8	San Carlos	2017-10-31 11:06:00	2017-10-31 11:06:00	\N
8417	8	San Fabin	2017-10-31 11:06:00	2017-10-31 11:06:00	\N
8418	8	San Ignacio	2017-10-31 11:06:00	2017-10-31 11:06:00	\N
8419	8	San Nicols	2017-10-31 11:06:00	2017-10-31 11:06:00	\N
8420	8	Treguaco	2017-10-31 11:06:00	2017-10-31 11:06:00	\N
8421	8	Yungay	2017-10-31 11:06:00	2017-10-31 11:06:00	\N
9101	9	Temuco	2017-10-31 11:06:00	2017-10-31 11:06:00	\N
9102	9	Carahue	2017-10-31 11:06:00	2017-10-31 11:06:00	\N
9103	9	Cunco	2017-10-31 11:06:00	2017-10-31 11:06:00	\N
9104	9	Curarrehue	2017-10-31 11:06:00	2017-10-31 11:06:00	\N
9105	9	Freire	2017-10-31 11:06:00	2017-10-31 11:06:00	\N
9106	9	Galvarino	2017-10-31 11:06:00	2017-10-31 11:06:00	\N
9107	9	Gorbea	2017-10-31 11:06:00	2017-10-31 11:06:00	\N
9108	9	Lautaro	2017-10-31 11:06:00	2017-10-31 11:06:00	\N
9109	9	Loncoche	2017-10-31 11:06:00	2017-10-31 11:06:00	\N
9110	9	Melipeuco	2017-10-31 11:06:00	2017-10-31 11:06:00	\N
9111	9	Nueva Imperial	2017-10-31 11:06:00	2017-10-31 11:06:00	\N
9112	9	Padre Las Casas	2017-10-31 11:06:00	2017-10-31 11:06:00	\N
9113	9	Perquenco	2017-10-31 11:06:00	2017-10-31 11:06:00	\N
9114	9	Pitrufqun	2017-10-31 11:06:00	2017-10-31 11:06:00	\N
9115	9	Pucn	2017-10-31 11:06:00	2017-10-31 11:06:00	\N
9116	9	Saavedra	2017-10-31 11:06:00	2017-10-31 11:06:00	\N
9117	9	Teodoro Schmidt	2017-10-31 11:06:00	2017-10-31 11:06:00	\N
9118	9	Toltn	2017-10-31 11:06:00	2017-10-31 11:06:00	\N
9119	9	Vilcn	2017-10-31 11:06:00	2017-10-31 11:06:00	\N
9120	9	Villarrica	2017-10-31 11:06:00	2017-10-31 11:06:00	\N
9121	9	Cholchol	2017-10-31 11:06:00	2017-10-31 11:06:00	\N
9201	9	Angol	2017-10-31 11:06:00	2017-10-31 11:06:00	\N
9202	9	Collipulli	2017-10-31 11:06:00	2017-10-31 11:06:00	\N
9203	9	Curacautn	2017-10-31 11:06:00	2017-10-31 11:06:00	\N
9204	9	Ercilla	2017-10-31 11:06:00	2017-10-31 11:06:00	\N
9205	9	Lonquimay	2017-10-31 11:06:00	2017-10-31 11:06:00	\N
9206	9	Los Sauces	2017-10-31 11:06:00	2017-10-31 11:06:00	\N
9207	9	Lumaco	2017-10-31 11:06:00	2017-10-31 11:06:00	\N
9208	9	Purn	2017-10-31 11:06:00	2017-10-31 11:06:00	\N
9209	9	Renaico	2017-10-31 11:06:00	2017-10-31 11:06:00	\N
9210	9	Traigun	2017-10-31 11:06:00	2017-10-31 11:06:00	\N
9211	9	Victoria	2017-10-31 11:06:00	2017-10-31 11:06:00	\N
10101	10	Puerto Montt	2017-10-31 11:06:00	2017-10-31 11:06:00	\N
10102	10	Calbuco	2017-10-31 11:06:00	2017-10-31 11:06:00	\N
10103	10	Cocham	2017-10-31 11:06:00	2017-10-31 11:06:00	\N
10104	10	Fresia	2017-10-31 11:06:00	2017-10-31 11:06:00	\N
10105	10	Frutillar	2017-10-31 11:06:00	2017-10-31 11:06:00	\N
10106	10	Los Muermos	2017-10-31 11:06:00	2017-10-31 11:06:00	\N
10107	10	Llanquihue	2017-10-31 11:06:00	2017-10-31 11:06:00	\N
10108	10	Maulln	2017-10-31 11:06:00	2017-10-31 11:06:00	\N
10109	10	Puerto Varas	2017-10-31 11:06:00	2017-10-31 11:06:00	\N
10201	10	Castro	2017-10-31 11:06:00	2017-10-31 11:06:00	\N
10202	10	Ancud	2017-10-31 11:06:00	2017-10-31 11:06:00	\N
10203	10	Chonchi	2017-10-31 11:06:00	2017-10-31 11:06:00	\N
10204	10	Curaco de Vlez	2017-10-31 11:06:00	2017-10-31 11:06:00	\N
10205	10	Dalcahue	2017-10-31 11:06:00	2017-10-31 11:06:00	\N
10206	10	Puqueldn	2017-10-31 11:06:00	2017-10-31 11:06:00	\N
10207	10	Queiln	2017-10-31 11:06:00	2017-10-31 11:06:00	\N
10208	10	Quelln	2017-10-31 11:06:00	2017-10-31 11:06:00	\N
10209	10	Quemchi	2017-10-31 11:06:00	2017-10-31 11:06:00	\N
10210	10	Quinchao	2017-10-31 11:06:00	2017-10-31 11:06:00	\N
10301	10	Osorno	2017-10-31 11:06:00	2017-10-31 11:06:00	\N
10302	10	Puerto Octay	2017-10-31 11:06:00	2017-10-31 11:06:00	\N
10303	10	Purranque	2017-10-31 11:06:00	2017-10-31 11:06:00	\N
10304	10	Puyehue	2017-10-31 11:06:00	2017-10-31 11:06:00	\N
10305	10	Ro Negro	2017-10-31 11:06:00	2017-10-31 11:06:00	\N
10306	10	San Juan de la Costa	2017-10-31 11:06:00	2017-10-31 11:06:00	\N
10307	10	San Pablo	2017-10-31 11:06:00	2017-10-31 11:06:00	\N
10401	10	Chaitn	2017-10-31 11:06:00	2017-10-31 11:06:00	\N
10402	10	Futaleuf	2017-10-31 11:06:00	2017-10-31 11:06:00	\N
10403	10	Hualaihu	2017-10-31 11:06:00	2017-10-31 11:06:00	\N
10404	10	Palena	2017-10-31 11:06:00	2017-10-31 11:06:00	\N
11101	11	Coihaique	2017-10-31 11:06:00	2017-10-31 11:06:00	\N
11102	11	Lago Verde	2017-10-31 11:06:00	2017-10-31 11:06:00	\N
11201	11	Aisn	2017-10-31 11:06:00	2017-10-31 11:06:00	\N
11202	11	Cisnes	2017-10-31 11:06:00	2017-10-31 11:06:00	\N
11203	11	Guaitecas	2017-10-31 11:06:00	2017-10-31 11:06:00	\N
11301	11	Cochrane	2017-10-31 11:06:00	2017-10-31 11:06:00	\N
11302	11	O Higgins	2017-10-31 11:06:00	2017-10-31 11:06:00	\N
11303	11	Tortel	2017-10-31 11:06:00	2017-10-31 11:06:00	\N
11401	11	Chile Chico	2017-10-31 11:06:00	2017-10-31 11:06:00	\N
11402	11	Ro Ibez	2017-10-31 11:06:00	2017-10-31 11:06:00	\N
12101	12	Punta Arenas	2017-10-31 11:06:00	2017-10-31 11:06:00	\N
12102	12	Laguna Blanca	2017-10-31 11:06:00	2017-10-31 11:06:00	\N
12103	12	Ro Verde	2017-10-31 11:06:00	2017-10-31 11:06:00	\N
12104	12	San Gregorio	2017-10-31 11:06:00	2017-10-31 11:06:00	\N
12201	12	Cabo de Hornos	2017-10-31 11:06:00	2017-10-31 11:06:00	\N
12202	12	Antrtica	2017-10-31 11:06:00	2017-10-31 11:06:00	\N
12301	12	Porvenir	2017-10-31 11:06:00	2017-10-31 11:06:00	\N
12302	12	Primavera	2017-10-31 11:06:00	2017-10-31 11:06:00	\N
12303	12	Timaukel	2017-10-31 11:06:00	2017-10-31 11:06:00	\N
12401	12	Natales	2017-10-31 11:06:00	2017-10-31 11:06:00	\N
12402	12	Torres del Paine	2017-10-31 11:06:00	2017-10-31 11:06:00	\N
13101	13	Santiago	2017-10-31 11:06:00	2017-10-31 11:06:00	\N
13102	13	Cerrillos	2017-10-31 11:06:00	2017-10-31 11:06:00	\N
13103	13	Cerro Navia	2017-10-31 11:06:00	2017-10-31 11:06:00	\N
13104	13	Conchal	2017-10-31 11:06:00	2017-10-31 11:06:00	\N
13105	13	El Bosque	2017-10-31 11:06:00	2017-10-31 11:06:00	\N
13106	13	Estacin Central	2017-10-31 11:06:00	2017-10-31 11:06:00	\N
13107	13	Huechuraba	2017-10-31 11:06:00	2017-10-31 11:06:00	\N
13108	13	Independencia	2017-10-31 11:06:00	2017-10-31 11:06:00	\N
13109	13	La Cisterna	2017-10-31 11:06:00	2017-10-31 11:06:00	\N
13110	13	La Florida	2017-10-31 11:06:00	2017-10-31 11:06:00	\N
13111	13	La Granja	2017-10-31 11:06:00	2017-10-31 11:06:00	\N
13112	13	La Pintana	2017-10-31 11:06:00	2017-10-31 11:06:00	\N
13113	13	La Reina	2017-10-31 11:06:00	2017-10-31 11:06:00	\N
13114	13	Las Condes	2017-10-31 11:06:00	2017-10-31 11:06:00	\N
13115	13	Lo Barnechea	2017-10-31 11:06:00	2017-10-31 11:06:00	\N
13116	13	Lo Espejo	2017-10-31 11:06:00	2017-10-31 11:06:00	\N
13117	13	Lo Prado	2017-10-31 11:06:00	2017-10-31 11:06:00	\N
13118	13	Macul	2017-10-31 11:06:00	2017-10-31 11:06:00	\N
13119	13	Maipu	2017-10-31 11:06:00	2017-10-31 11:06:00	\N
13120	13	uoa	2017-10-31 11:06:00	2017-10-31 11:06:00	\N
13121	13	Pedro Aguirre Cerda	2017-10-31 11:06:00	2017-10-31 11:06:00	\N
13122	13	Pealoln	2017-10-31 11:06:00	2017-10-31 11:06:00	\N
13123	13	Providencia	2017-10-31 11:06:00	2017-10-31 11:06:00	\N
13124	13	Pudahuel	2017-10-31 11:06:00	2017-10-31 11:06:00	\N
13125	13	Quilicura	2017-10-31 11:06:00	2017-10-31 11:06:00	\N
13126	13	Quinta Normal	2017-10-31 11:06:00	2017-10-31 11:06:00	\N
13127	13	Recoleta	2017-10-31 11:06:00	2017-10-31 11:06:00	\N
13128	13	Renca	2017-10-31 11:06:00	2017-10-31 11:06:00	\N
13129	13	San Joaqun	2017-10-31 11:06:00	2017-10-31 11:06:00	\N
13130	13	San Miguel	2017-10-31 11:06:00	2017-10-31 11:06:00	\N
13131	13	San Ramn	2017-10-31 11:06:00	2017-10-31 11:06:00	\N
13132	13	Vitacura	2017-10-31 11:06:00	2017-10-31 11:06:00	\N
13201	13	Puente Alto	2017-10-31 11:06:00	2017-10-31 11:06:00	\N
13202	13	Pirque	2017-10-31 11:06:00	2017-10-31 11:06:00	\N
13203	13	San Jos de Maipo	2017-10-31 11:06:00	2017-10-31 11:06:00	\N
13301	13	Colina	2017-10-31 11:06:00	2017-10-31 11:06:00	\N
13302	13	Lampa	2017-10-31 11:06:00	2017-10-31 11:06:00	\N
13303	13	Tiltil	2017-10-31 11:06:00	2017-10-31 11:06:00	\N
13401	13	San Bernardo	2017-10-31 11:06:00	2017-10-31 11:06:00	\N
13402	13	Buin	2017-10-31 11:06:00	2017-10-31 11:06:00	\N
13403	13	Calera de Tango	2017-10-31 11:06:00	2017-10-31 11:06:00	\N
13404	13	Paine	2017-10-31 11:06:00	2017-10-31 11:06:00	\N
13501	13	Melipilla	2017-10-31 11:06:00	2017-10-31 11:06:00	\N
13502	13	Alhu	2017-10-31 11:06:00	2017-10-31 11:06:00	\N
13503	13	Curacav	2017-10-31 11:06:00	2017-10-31 11:06:00	\N
13504	13	Maria Pinto	2017-10-31 11:06:00	2017-10-31 11:06:00	\N
13505	13	San Pedro	2017-10-31 11:06:00	2017-10-31 11:06:00	\N
13601	13	Talagante	2017-10-31 11:06:00	2017-10-31 11:06:00	\N
13602	13	El Monte	2017-10-31 11:06:00	2017-10-31 11:06:00	\N
13603	13	Isla de Maipo	2017-10-31 11:06:00	2017-10-31 11:06:00	\N
13604	13	Padre Hurtado	2017-10-31 11:06:00	2017-10-31 11:06:00	\N
13605	13	Peaflor	2017-10-31 11:06:00	2017-10-31 11:06:00	\N
14101	14	Valdivia	2017-10-31 11:06:00	2017-10-31 11:06:00	\N
14102	14	Corral	2017-10-31 11:06:00	2017-10-31 11:06:00	\N
14103	14	Lanco	2017-10-31 11:06:00	2017-10-31 11:06:00	\N
14104	14	Los Lagos	2017-10-31 11:06:00	2017-10-31 11:06:00	\N
14105	14	Mfil	2017-10-31 11:06:00	2017-10-31 11:06:00	\N
14106	14	Mariquina	2017-10-31 11:06:00	2017-10-31 11:06:00	\N
14107	14	Paillaco	2017-10-31 11:06:00	2017-10-31 11:06:00	\N
14108	14	Panguipulli	2017-10-31 11:06:00	2017-10-31 11:06:00	\N
14201	14	La Unin	2017-10-31 11:06:00	2017-10-31 11:06:00	\N
14202	14	Futrono	2017-10-31 11:06:00	2017-10-31 11:06:00	\N
14203	14	Lago Ranco	2017-10-31 11:06:00	2017-10-31 11:06:00	\N
14204	14	Ro Bueno	2017-10-31 11:06:00	2017-10-31 11:06:00	\N
15101	15	Arica	2017-10-31 11:06:00	2017-10-31 11:06:00	\N
15102	15	Camarones	2017-10-31 11:06:00	2017-10-31 11:06:00	\N
15201	15	Putre	2017-10-31 11:06:00	2017-10-31 11:06:00	\N
15202	15	General Lagos	2017-10-31 11:06:00	2017-10-31 11:06:00	\N
\.


--
-- TOC entry 3417 (class 0 OID 587957)
-- Dependencies: 247
-- Data for Name: datacentros; Type: TABLE DATA; Schema: public; Owner: postgres
--

COPY public.datacentros (id_datacentro, nom_datacentro, id_usuario_registra, id_usuario_modifica, created_at, updated_at, deleted_at, det_datacentro, cod_datacentro) FROM stdin;
1	CPD	4	4	2018-03-06 01:31:31	2018-03-06 01:31:31	\N	Datacentro local en minsal	CPD001
2	Convergente	4	4	2018-03-06 01:32:08	2018-03-06 01:32:08	\N	Datacentro convergente ubicado en puerto montt.	CVGT001
3	asdfsdf	4	4	2018-03-06 06:46:05	2018-03-06 06:46:07	2018-03-06 06:46:07	afd	af
5	null	4	4	2018-03-21 19:06:13	2018-03-21 19:06:32	2018-03-21 19:06:32	null	null
4	null	4	4	2018-03-21 19:06:07	2018-03-21 19:06:37	2018-03-21 19:06:37	null	null
6	sdfdfasf	4	4	2018-03-21 19:32:31	2018-03-21 19:32:39	2018-03-21 19:32:39	adsfsa	0
\.


--
-- TOC entry 3415 (class 0 OID 587943)
-- Dependencies: 245
-- Data for Name: dominios; Type: TABLE DATA; Schema: public; Owner: postgres
--

COPY public.dominios (id_dominio, nom_dominio, det_dominio, ip_publica, ip_balanceador, dns_asoc_dominio, id_usuario_registra, id_usuario_modifica, created_at, updated_at, deleted_at) FROM stdin;
1	Minsal	minsal.cl	5.5.5.5	5.5.5.5	2.2.2.2	4	4	2018-03-02 21:12:55	2018-03-03 17:21:51	\N
2	Red Salud	redsalud.gob.cl	0.0.0.0	0.0.0.0	0.0.0.0	4	4	2018-03-03 17:22:21	2018-03-03 17:22:21	\N
3	Gob	gob.cl	0.0.0.0	0.0.0.0	0.0.0.0	4	4	2018-03-03 17:22:46	2018-03-03 17:22:46	\N
4	ewqeq	qweqwe	1.1.1.1	1.1.1.1	1.1.1.1	4	4	2018-03-06 06:43:10	2018-03-06 06:43:15	2018-03-06 06:43:15
5	test	test	1.1.1.1	0	0	4	4	2018-03-21 19:28:39	2018-03-21 19:29:36	2018-03-21 19:29:36
\.


--
-- TOC entry 3437 (class 0 OID 588174)
-- Dependencies: 267
-- Data for Name: entregas_credenciales_usuarios; Type: TABLE DATA; Schema: public; Owner: postgres
--

COPY public.entregas_credenciales_usuarios (id_entrega_credencial_usuario, username, password, tiempo_expiracion, estado, id_usuario_registra, id_usuario_modifica, created_at, updated_at, deleted_at) FROM stdin;
\.


--
-- TOC entry 3438 (class 0 OID 588183)
-- Dependencies: 268
-- Data for Name: establecimientos; Type: TABLE DATA; Schema: public; Owner: postgres
--

COPY public.establecimientos (id_establecimiento, id_establecimiento_antiguo, id_servicio_salud, id_region, id_comuna, nombre_establecimiento, tipo_establecimiento, vigencia_desde, fecha_cierre, created_at, updated_at, deleted_at) FROM stdin;
\.


--
-- TOC entry 3407 (class 0 OID 587893)
-- Dependencies: 237
-- Data for Name: estados; Type: TABLE DATA; Schema: public; Owner: postgres
--

COPY public.estados (id_estado, nom_estado, cod_estado, id_usuario_registra, id_usuario_modifica, created_at, updated_at, deleted_at, det_estado) FROM stdin;
1	qwe	\N	1	1	2018-02-27 20:00:36	2018-02-27 20:00:54	2018-02-27 20:00:54	qwe
10	test	test	4	4	2018-03-19 20:31:37	2018-03-19 20:31:51	2018-03-19 20:31:51	test
9	test	test	4	4	2018-03-19 20:30:23	2018-03-19 20:31:58	2018-03-19 20:31:58	test
11	test	0	4	4	2018-03-21 19:26:04	2018-03-21 19:26:09	2018-03-21 19:26:09	test
3	Inactivo	inactivo001	4	4	2018-03-06 06:30:37	2018-04-04 20:34:15	\N	Inactivo
2	Activo	activo001	1	4	2018-02-27 20:18:02	2018-04-04 20:34:27	\N	Estado activo
8	Dado de baja	dadobaja001	4	4	2018-03-19 20:30:12	2018-04-04 20:34:41	\N	Estado para maquinas, usuarios, etc.
7	Contingencia en PM	contingencia001	4	4	2018-03-19 20:25:38	2018-04-04 20:34:51	\N	Estado para maquinas.
5	Vacaciones	vacaciones001	4	4	2018-03-06 06:30:55	2018-04-04 20:35:19	\N	Vacaciones
4	Ausente	ausente001	4	4	2018-03-06 06:30:45	2018-04-04 20:35:40	\N	Ausente
6	Apagada	apagada001	4	4	2018-03-19 20:25:12	2018-04-04 20:38:24	\N	Estado para maquinas, servidores, etc
\.


--
-- TOC entry 3416 (class 0 OID 587950)
-- Dependencies: 246
-- Data for Name: fuentes_aplicaciones; Type: TABLE DATA; Schema: public; Owner: postgres
--

COPY public.fuentes_aplicaciones (id_fuente_aplicacion, id_aplicacion, id_servicio, url_descarga, nom_fuente, det_fuente, id_usuario_registra, id_usuario_modifica, created_at, updated_at, deleted_at) FROM stdin;
\.


--
-- TOC entry 3453 (class 0 OID 596530)
-- Dependencies: 283
-- Data for Name: idiomas; Type: TABLE DATA; Schema: public; Owner: postgres
--

COPY public.idiomas (id_idioma, nom_idioma, det_idioma, id_usuario_registra, id_usuario_modifica, created_at, updated_at, deleted_at) FROM stdin;
1	Aleman	Aleman	\N	\N	\N	\N	\N
2	Espanol	Espanol	\N	\N	\N	\N	\N
3	Ingles	Ingles	\N	\N	\N	\N	\N
4	Portugues	Portugues	\N	\N	\N	\N	\N
5	Ruso	Ruso	\N	\N	\N	\N	\N
\.


--
-- TOC entry 3440 (class 0 OID 588194)
-- Dependencies: 270
-- Data for Name: log_navegacion; Type: TABLE DATA; Schema: public; Owner: postgres
--

COPY public.log_navegacion (id_log_navegacion, id_usuario, cod_establecimiento, nom_usuario, email_usuario, path_url, ip, latitude, longitude, created_at, updated_at, deleted_at) FROM stdin;
\.


--
-- TOC entry 3465 (class 0 OID 604763)
-- Dependencies: 295
-- Data for Name: mantenedores; Type: TABLE DATA; Schema: public; Owner: postgres
--

COPY public.mantenedores (id_mantenedor, url_mantenedor, nom_mantenedor, det_mantenedor, cod_mantenedor, id_usuario_registra, id_usuario_modifica, created_at, updated_at, deleted_at, imagen_mantenedor, font_icon_mantenedor) FROM stdin;
1	servicios	Servicio	servicio	servicio	4	4	2018-03-28 18:56:19	2018-03-28 18:56:26	2018-03-28 18:56:26	\N	\N
11	aplicaciones_accesos	Accesos aplicaciones	Mantenedor para administrar accesos de usuario al aplicativo.	aplicaciones_accesos01	4	4	2018-03-28 20:13:29	2018-03-28 20:13:29	\N	\N	\N
9	actividades	Actividades	Mantenedor para administrar actividades	actividades01	4	4	2018-03-28 20:11:42	2018-03-28 20:20:29	\N	\N	\N
8	servicios	Servicios	Mantenedor para administrar servicios	servicios01	4	4	2018-03-28 19:24:44	2018-03-28 20:21:19	\N	\N	\N
6	permisos	Permisos	Mantenedor para administrar permisos asociado a roles	permisos01	4	4	2018-03-28 19:17:35	2018-03-28 20:21:33	\N	\N	\N
4	usuarios	Usuarios	Mantenedor para administrar usuarios	usuarios01	4	4	2018-03-28 19:11:47	2018-03-28 20:21:46	\N	\N	\N
2	menus	Menus	Mantenedor para administrar menus	menus01	4	4	2018-03-28 19:09:01	2018-03-28 20:21:52	\N	\N	\N
3	mantenedores	Mantenedores	Mantenedor para administrar mantenedores	mantenedores01	4	4	2018-03-28 19:09:13	2018-03-28 20:22:00	\N	\N	\N
12	cargos	Cargos	Mantenedor para administrar cargos	cargos01	4	4	2018-03-28 20:22:40	2018-03-28 20:22:40	\N	\N	\N
13	clusters	Clusters	Mantenedor para administrar clusters	clusters01	4	4	2018-03-28 20:23:12	2018-03-28 20:23:12	\N	\N	\N
14	datacentros	Datacentros	Mantenedor para administrar datacentros	datacentro01	4	4	2018-03-28 20:23:48	2018-03-28 20:23:48	\N	\N	\N
15	dominios	Dominios	Mantenedor para administrar dominios asociados a aplicativos locales	dominios01	4	4	2018-03-28 20:24:12	2018-03-28 20:24:12	\N	\N	\N
16	estados	Estados	Mantenedor para administrar estados de las entidades que los utilizan.	estados01	4	4	2018-03-28 20:25:54	2018-03-28 20:25:54	\N	\N	\N
17	servidores_accesos	Accesos Servidores	Mantenedor para administrar accesos a los servidores	servidores_accessos01	4	4	2018-03-28 20:27:11	2018-03-28 20:27:11	\N	\N	\N
18	sistemas_operativos	Sistemas Operativos	Mantenedor para administrar sistemas operativos	sistemas_operativos01	4	4	2018-03-28 20:27:44	2018-03-28 20:27:44	\N	\N	\N
20	tipos_aplicaciones	Tipos de Aplicaciones	Mantenedor para administrar los tipos de aplicaciones que se desarrollan	tipos_aplicaciones01	4	4	2018-03-28 20:28:53	2018-03-28 20:28:53	\N	\N	\N
19	tags	Tags	Mantenedor para administrar tags	tag01	4	4	2018-03-28 20:28:12	2018-03-29 05:20:28	2018-03-29 05:20:28	\N	\N
22	vlans	Vlan	Vlan, es un metodo para crear redes logicas independientes dentro de una misma red fisica	vlan001	4	4	2018-04-09 13:24:19	2018-04-09 13:24:19	\N	0	0
10	aplicaciones	Aplicaciones	Mantenedor para administrar aplicaciones, ver, crear, editar y eliminar, asociar a un servidor en especifico o realizar una bitacora especifica sobre una aplicacion en un servicio	aplicaciones01	4	4	2018-03-28 20:12:23	2018-04-09 13:27:42	\N	\N	\N
21	usuarios_bitacora_servicios	Bitacora Servicios	Bitacoras de servicios que detallan la actividad realizada sobre una aplicacion o servicio especifico	bitacora001	4	4	2018-03-30 19:38:44	2018-04-09 13:28:32	\N	0	0
5	roles	Roles	Mantenedor para administrar roles del sistema, se basan en perfiles con permisos para las acciones en el sistema	roles01	4	4	2018-03-28 19:17:17	2018-04-09 13:29:02	\N	\N	\N
7	servidores	Servidores	Mantenedor para administrar servidores, incorporacion o asociacion de aplicaciones, mantencion, revision y busqueda de informacion importante como claves de acceso a servidores o aplicativos	servidores01	4	4	2018-03-28 19:24:26	2018-04-09 13:29:49	\N	\N	\N
23	tipos_servidores	Tipos de Servidores	Mantenedor para administrar los tipos de servidores que se disponibilizan	tipos_servidores001	4	4	2018-04-09 20:02:42	2018-04-09 20:03:12	\N	0	0
24	tipos_respaldos_discos	Tipo Respaldo Discos	Mantenedor de tipos de respaldos que pueda tener un servidor	tipos_respaldos_discos001	4	4	2018-04-09 20:46:39	2018-04-09 20:46:39	\N	0	0
\.


--
-- TOC entry 3464 (class 0 OID 604754)
-- Dependencies: 294
-- Data for Name: menus; Type: TABLE DATA; Schema: public; Owner: postgres
--

COPY public.menus (id_menu, url_menu, nom_menu, det_menu, cod_menu, id_usuario_registra, id_usuario_modifica, created_at, updated_at, deleted_at, imagen_menu, font_icon_menu) FROM stdin;
2	sdfdf	sdf	dsfds	fsdfds	4	4	2018-03-28 18:54:18	2018-03-28 18:54:35	2018-03-28 18:54:35	\N	\N
1	fdsa	dsf	sdf	sadf	4	4	2018-03-28 18:52:28	2018-03-28 18:54:40	2018-03-28 18:54:40	\N	\N
9	usuarios_bitacora_servicios	Bitacoras	bitacoras	bitacoras01	4	4	2018-03-28 19:08:33	2018-03-29 05:27:11	2018-03-29 05:27:11	\N	\N
7	actividades	Actividades	actividades	actividades01	4	4	2018-03-28 19:08:03	2018-04-04 05:00:17	2018-04-04 05:00:17	\N	\N
5	servidores	Servidores	servidores	servidores01	4	4	2018-03-28 19:07:03	2018-04-05 23:10:34	2018-04-05 23:10:34	\N	\N
6	aplicaciones	Aplicaciones	aplicacion	aplicacion01	4	4	2018-03-28 19:07:22	2018-04-05 23:10:40	2018-04-05 23:10:40	\N	\N
8	catalogos	Catalogo	El catalogo agrupa los servicios segun la usabilidad de sistema o aplicacion, esta funcion  estara disponible a medida que se use el sistema	catalogos01	4	4	2018-03-28 19:08:21	2018-04-09 06:56:48	\N	/img/catalogo.png	\N
3	dashboard	Dashboard	Dashboard es el menu central	dashboard01	4	4	2018-03-28 19:04:04	2018-04-09 13:11:16	\N	/img/mosaico.jpg	\N
4	servicios	Servicios	Los servicios contienen informacion de servidores, aplicaciones y credenciales, aplicable para casos como herramienta de base informativa ante contingencias, buscando credenciales, puertos de acceso, ubicacion de un servidor, ips, bitacoras, ultima version de algun proyecto en especifico, asignacion y busqueda de informacion mantenida por el area de TI	servicios01	4	4	2018-03-28 19:05:04	2018-04-09 13:21:14	\N	/img/servicio.jpg	\N
\.


--
-- TOC entry 3444 (class 0 OID 588263)
-- Dependencies: 274
-- Data for Name: migrations; Type: TABLE DATA; Schema: public; Owner: postgres
--

COPY public.migrations (id, migration, batch) FROM stdin;
1	2014_10_12_000000_create_users_table	1
2	2014_10_12_100000_create_password_resets_table	1
\.


--
-- TOC entry 3367 (class 0 OID 579599)
-- Dependencies: 197
-- Data for Name: pais; Type: TABLE DATA; Schema: public; Owner: postgres
--

COPY public.pais (id_pais, nombre_pais, created_at, updated_at, deleted_at) FROM stdin;
4	AFGANISTN	2017-10-31 11:06:00	2017-10-31 11:06:00	\N
8	ALBANIA	2017-10-31 11:06:00	2017-10-31 11:06:00	\N
10	ANTRTIDA	2017-10-31 11:06:00	2017-10-31 11:06:00	\N
12	ARGEL	2017-10-31 11:06:00	2017-10-31 11:06:00	\N
16	SAMOA AMERICANA	2017-10-31 11:06:00	2017-10-31 11:06:00	\N
20	ANDORRA	2017-10-31 11:06:00	2017-10-31 11:06:00	\N
24	ANGOLA	2017-10-31 11:06:00	2017-10-31 11:06:00	\N
28	ANTIGUA Y BARBUDA	2017-10-31 11:06:00	2017-10-31 11:06:00	\N
31	AZERBAIYN	2017-10-31 11:06:00	2017-10-31 11:06:00	\N
32	ARGENTINA	2017-10-31 11:06:00	2017-10-31 11:06:00	\N
36	AUSTRALIA	2017-10-31 11:06:00	2017-10-31 11:06:00	\N
40	AUSTRIA	2017-10-31 11:06:00	2017-10-31 11:06:00	\N
44	BAHAMAS	2017-10-31 11:06:00	2017-10-31 11:06:00	\N
48	BAHRIN	2017-10-31 11:06:00	2017-10-31 11:06:00	\N
50	BANGLADESH	2017-10-31 11:06:00	2017-10-31 11:06:00	\N
51	ARMENIA	2017-10-31 11:06:00	2017-10-31 11:06:00	\N
52	BARBADOS	2017-10-31 11:06:00	2017-10-31 11:06:00	\N
56	BLGICA	2017-10-31 11:06:00	2017-10-31 11:06:00	\N
60	BERMUDAS	2017-10-31 11:06:00	2017-10-31 11:06:00	\N
64	BHUTN	2017-10-31 11:06:00	2017-10-31 11:06:00	\N
68	BOLIVIA	2017-10-31 11:06:00	2017-10-31 11:06:00	\N
70	BOSNIA Y HERZEGOVINA	2017-10-31 11:06:00	2017-10-31 11:06:00	\N
72	BOTSUANA	2017-10-31 11:06:00	2017-10-31 11:06:00	\N
74	ISLA BOUVET	2017-10-31 11:06:00	2017-10-31 11:06:00	\N
76	BRASIL	2017-10-31 11:06:00	2017-10-31 11:06:00	\N
84	BELICE	2017-10-31 11:06:00	2017-10-31 11:06:00	\N
86	TERRITORIO BRITNICO DEL OCANO NDICO	2017-10-31 11:06:00	2017-10-31 11:06:00	\N
90	ISLAS SOLOMN	2017-10-31 11:06:00	2017-10-31 11:06:00	\N
92	ISLAS VRGENES BRITNICAS	2017-10-31 11:06:00	2017-10-31 11:06:00	\N
96	BRUNI	2017-10-31 11:06:00	2017-10-31 11:06:00	\N
100	BULGARIA	2017-10-31 11:06:00	2017-10-31 11:06:00	\N
104	MYANMAR	2017-10-31 11:06:00	2017-10-31 11:06:00	\N
108	BURUNDI	2017-10-31 11:06:00	2017-10-31 11:06:00	\N
112	BELARS	2017-10-31 11:06:00	2017-10-31 11:06:00	\N
116	CAMBOYA	2017-10-31 11:06:00	2017-10-31 11:06:00	\N
120	CAMERN	2017-10-31 11:06:00	2017-10-31 11:06:00	\N
124	CANAD	2017-10-31 11:06:00	2017-10-31 11:06:00	\N
132	CABO VERDE	2017-10-31 11:06:00	2017-10-31 11:06:00	\N
136	ISLAS CAIMN	2017-10-31 11:06:00	2017-10-31 11:06:00	\N
140	REPBLICA CENTRO-AFRICANA	2017-10-31 11:06:00	2017-10-31 11:06:00	\N
144	SRI LANKA	2017-10-31 11:06:00	2017-10-31 11:06:00	\N
148	CHAD	2017-10-31 11:06:00	2017-10-31 11:06:00	\N
152	CHILE	2017-10-31 11:06:00	2017-10-31 11:06:00	\N
156	CHINA	2017-10-31 11:06:00	2017-10-31 11:06:00	\N
158	TAIWN	2017-10-31 11:06:00	2017-10-31 11:06:00	\N
162	ISLAS CHRISTMAS	2017-10-31 11:06:00	2017-10-31 11:06:00	\N
166	ISLAS COCOS	2017-10-31 11:06:00	2017-10-31 11:06:00	\N
170	COLOMBIA	2017-10-31 11:06:00	2017-10-31 11:06:00	\N
174	COMOROS	2017-10-31 11:06:00	2017-10-31 11:06:00	\N
175	MAYOTTE	2017-10-31 11:06:00	2017-10-31 11:06:00	\N
178	CONGO	2017-10-31 11:06:00	2017-10-31 11:06:00	\N
184	ISLAS COOK	2017-10-31 11:06:00	2017-10-31 11:06:00	\N
188	COSTA RICA	2017-10-31 11:06:00	2017-10-31 11:06:00	\N
191	CROACIA	2017-10-31 11:06:00	2017-10-31 11:06:00	\N
192	CUBA	2017-10-31 11:06:00	2017-10-31 11:06:00	\N
196	CHIPRE	2017-10-31 11:06:00	2017-10-31 11:06:00	\N
203	REPBLICA CHECA	2017-10-31 11:06:00	2017-10-31 11:06:00	\N
204	BENIN	2017-10-31 11:06:00	2017-10-31 11:06:00	\N
208	DINAMARCA	2017-10-31 11:06:00	2017-10-31 11:06:00	\N
212	DOMNICA	2017-10-31 11:06:00	2017-10-31 11:06:00	\N
214	REPBLICA DOMINICANA	2017-10-31 11:06:00	2017-10-31 11:06:00	\N
218	ECUADOR	2017-10-31 11:06:00	2017-10-31 11:06:00	\N
222	EL SALVADOR	2017-10-31 11:06:00	2017-10-31 11:06:00	\N
226	GUINEA ECUATORIAL	2017-10-31 11:06:00	2017-10-31 11:06:00	\N
231	ETIOPA	2017-10-31 11:06:00	2017-10-31 11:06:00	\N
232	ERITREA	2017-10-31 11:06:00	2017-10-31 11:06:00	\N
233	ESTONIA	2017-10-31 11:06:00	2017-10-31 11:06:00	\N
234	ISLAS FAROE	2017-10-31 11:06:00	2017-10-31 11:06:00	\N
238	ISLAS MALVINAS	2017-10-31 11:06:00	2017-10-31 11:06:00	\N
239	GEORGIA DEL SUR E ISLAS SANDWICH DEL SUR	2017-10-31 11:06:00	2017-10-31 11:06:00	\N
242	FIJI	2017-10-31 11:06:00	2017-10-31 11:06:00	\N
246	FINLANDIA	2017-10-31 11:06:00	2017-10-31 11:06:00	\N
248	ISLAS LAND	2017-10-31 11:06:00	2017-10-31 11:06:00	\N
250	FRANCIA	2017-10-31 11:06:00	2017-10-31 11:06:00	\N
254	GUAYANA FRANCESA	2017-10-31 11:06:00	2017-10-31 11:06:00	\N
258	POLINESIA FRANCESA	2017-10-31 11:06:00	2017-10-31 11:06:00	\N
260	TERRITORIOS AUSTRALES FRANCESES	2017-10-31 11:06:00	2017-10-31 11:06:00	\N
262	YIBUTI	2017-10-31 11:06:00	2017-10-31 11:06:00	\N
266	GABN	2017-10-31 11:06:00	2017-10-31 11:06:00	\N
268	GEORGIA	2017-10-31 11:06:00	2017-10-31 11:06:00	\N
270	GAMBIA	2017-10-31 11:06:00	2017-10-31 11:06:00	\N
275	PALESTINA	2017-10-31 11:06:00	2017-10-31 11:06:00	\N
276	ALEMANIA	2017-10-31 11:06:00	2017-10-31 11:06:00	\N
288	GHANA	2017-10-31 11:06:00	2017-10-31 11:06:00	\N
292	GIBRALTAR	2017-10-31 11:06:00	2017-10-31 11:06:00	\N
296	KIRIBATI	2017-10-31 11:06:00	2017-10-31 11:06:00	\N
300	GRECIA	2017-10-31 11:06:00	2017-10-31 11:06:00	\N
304	GROENLANDIA	2017-10-31 11:06:00	2017-10-31 11:06:00	\N
308	GRANADA	2017-10-31 11:06:00	2017-10-31 11:06:00	\N
312	GUADALUPE	2017-10-31 11:06:00	2017-10-31 11:06:00	\N
316	GUAM	2017-10-31 11:06:00	2017-10-31 11:06:00	\N
320	GUATEMALA	2017-10-31 11:06:00	2017-10-31 11:06:00	\N
324	GUINEA	2017-10-31 11:06:00	2017-10-31 11:06:00	\N
328	GUAYANA	2017-10-31 11:06:00	2017-10-31 11:06:00	\N
332	HAIT	2017-10-31 11:06:00	2017-10-31 11:06:00	\N
334	ISLAS HEARD Y MCDONALD	2017-10-31 11:06:00	2017-10-31 11:06:00	\N
336	CIUDAD DEL VATICANO	2017-10-31 11:06:00	2017-10-31 11:06:00	\N
340	HONDURAS	2017-10-31 11:06:00	2017-10-31 11:06:00	\N
344	HONG KONG	2017-10-31 11:06:00	2017-10-31 11:06:00	\N
348	HUNGRA	2017-10-31 11:06:00	2017-10-31 11:06:00	\N
352	ISLANDIA	2017-10-31 11:06:00	2017-10-31 11:06:00	\N
356	INDIA	2017-10-31 11:06:00	2017-10-31 11:06:00	\N
360	INDONESIA	2017-10-31 11:06:00	2017-10-31 11:06:00	\N
364	IRN	2017-10-31 11:06:00	2017-10-31 11:06:00	\N
368	IRAK	2017-10-31 11:06:00	2017-10-31 11:06:00	\N
372	IRLANDA	2017-10-31 11:06:00	2017-10-31 11:06:00	\N
376	ISRAEL	2017-10-31 11:06:00	2017-10-31 11:06:00	\N
380	ITALIA	2017-10-31 11:06:00	2017-10-31 11:06:00	\N
384	COSTA DE MARFIL	2017-10-31 11:06:00	2017-10-31 11:06:00	\N
388	JAMAICA	2017-10-31 11:06:00	2017-10-31 11:06:00	\N
392	JAPN	2017-10-31 11:06:00	2017-10-31 11:06:00	\N
398	KAZAJSTN	2017-10-31 11:06:00	2017-10-31 11:06:00	\N
400	JORDANIA	2017-10-31 11:06:00	2017-10-31 11:06:00	\N
404	KENIA	2017-10-31 11:06:00	2017-10-31 11:06:00	\N
408	COREA DEL NORTE	2017-10-31 11:06:00	2017-10-31 11:06:00	\N
410	COREA DEL SUR	2017-10-31 11:06:00	2017-10-31 11:06:00	\N
414	KUWAIT	2017-10-31 11:06:00	2017-10-31 11:06:00	\N
417	KIRGUISTN	2017-10-31 11:06:00	2017-10-31 11:06:00	\N
418	LAOS	2017-10-31 11:06:00	2017-10-31 11:06:00	\N
422	LBANO	2017-10-31 11:06:00	2017-10-31 11:06:00	\N
426	LESOTHO	2017-10-31 11:06:00	2017-10-31 11:06:00	\N
428	LETONIA	2017-10-31 11:06:00	2017-10-31 11:06:00	\N
430	LIBERIA	2017-10-31 11:06:00	2017-10-31 11:06:00	\N
434	LIBIA	2017-10-31 11:06:00	2017-10-31 11:06:00	\N
438	LIECHTENSTEIN	2017-10-31 11:06:00	2017-10-31 11:06:00	\N
440	LITUANIA	2017-10-31 11:06:00	2017-10-31 11:06:00	\N
442	LUXEMBURGO	2017-10-31 11:06:00	2017-10-31 11:06:00	\N
446	MACAO	2017-10-31 11:06:00	2017-10-31 11:06:00	\N
450	MADAGASCAR	2017-10-31 11:06:00	2017-10-31 11:06:00	\N
454	MALAWI	2017-10-31 11:06:00	2017-10-31 11:06:00	\N
458	MALASIA	2017-10-31 11:06:00	2017-10-31 11:06:00	\N
462	MALDIVAS	2017-10-31 11:06:00	2017-10-31 11:06:00	\N
466	MALI	2017-10-31 11:06:00	2017-10-31 11:06:00	\N
470	MALTA	2017-10-31 11:06:00	2017-10-31 11:06:00	\N
474	MARTINICA	2017-10-31 11:06:00	2017-10-31 11:06:00	\N
478	MAURITANIA	2017-10-31 11:06:00	2017-10-31 11:06:00	\N
480	MAURICIO	2017-10-31 11:06:00	2017-10-31 11:06:00	\N
484	MXICO	2017-10-31 11:06:00	2017-10-31 11:06:00	\N
492	MNACO	2017-10-31 11:06:00	2017-10-31 11:06:00	\N
496	MONGOLIA	2017-10-31 11:06:00	2017-10-31 11:06:00	\N
498	MOLDOVA	2017-10-31 11:06:00	2017-10-31 11:06:00	\N
499	MONTENEGRO	2017-10-31 11:06:00	2017-10-31 11:06:00	\N
500	MONTSERRAT	2017-10-31 11:06:00	2017-10-31 11:06:00	\N
504	MARRUECOS	2017-10-31 11:06:00	2017-10-31 11:06:00	\N
508	MOZAMBIQUE	2017-10-31 11:06:00	2017-10-31 11:06:00	\N
512	OMN	2017-10-31 11:06:00	2017-10-31 11:06:00	\N
516	NAMIBIA	2017-10-31 11:06:00	2017-10-31 11:06:00	\N
520	NAURU	2017-10-31 11:06:00	2017-10-31 11:06:00	\N
524	NEPAL	2017-10-31 11:06:00	2017-10-31 11:06:00	\N
528	PASES BAJOS	2017-10-31 11:06:00	2017-10-31 11:06:00	\N
530	ANTILLAS NEERLANDESAS	2017-10-31 11:06:00	2017-10-31 11:06:00	\N
533	ARUBA	2017-10-31 11:06:00	2017-10-31 11:06:00	\N
540	NUEVA CALEDONIA	2017-10-31 11:06:00	2017-10-31 11:06:00	\N
548	VANUATU	2017-10-31 11:06:00	2017-10-31 11:06:00	\N
554	NUEVA ZELANDA	2017-10-31 11:06:00	2017-10-31 11:06:00	\N
558	NICARAGUA	2017-10-31 11:06:00	2017-10-31 11:06:00	\N
562	NGER	2017-10-31 11:06:00	2017-10-31 11:06:00	\N
566	NIGERIA	2017-10-31 11:06:00	2017-10-31 11:06:00	\N
570	NIUE	2017-10-31 11:06:00	2017-10-31 11:06:00	\N
574	ISLAS NORKFOLK	2017-10-31 11:06:00	2017-10-31 11:06:00	\N
578	NORUEGA	2017-10-31 11:06:00	2017-10-31 11:06:00	\N
583	MICRONESIA	2017-10-31 11:06:00	2017-10-31 11:06:00	\N
584	ISLAS MARSHALL	2017-10-31 11:06:00	2017-10-31 11:06:00	\N
585	ISLAS PALAOS	2017-10-31 11:06:00	2017-10-31 11:06:00	\N
586	PAKISTN	2017-10-31 11:06:00	2017-10-31 11:06:00	\N
591	PANAM	2017-10-31 11:06:00	2017-10-31 11:06:00	\N
598	PAPA NUEVA GUINEA	2017-10-31 11:06:00	2017-10-31 11:06:00	\N
600	PARAGUAY	2017-10-31 11:06:00	2017-10-31 11:06:00	\N
604	PER	2017-10-31 11:06:00	2017-10-31 11:06:00	\N
608	FILIPINAS	2017-10-31 11:06:00	2017-10-31 11:06:00	\N
612	ISLAS PITCAIRN	2017-10-31 11:06:00	2017-10-31 11:06:00	\N
616	POLONIA	2017-10-31 11:06:00	2017-10-31 11:06:00	\N
620	PORTUGAL	2017-10-31 11:06:00	2017-10-31 11:06:00	\N
624	GUINEA-BISSAU	2017-10-31 11:06:00	2017-10-31 11:06:00	\N
626	TIMOR-LESTE	2017-10-31 11:06:00	2017-10-31 11:06:00	\N
630	PUERTO RICO	2017-10-31 11:06:00	2017-10-31 11:06:00	\N
634	QATAR	2017-10-31 11:06:00	2017-10-31 11:06:00	\N
638	REUNIN	2017-10-31 11:06:00	2017-10-31 11:06:00	\N
642	RUMANA	2017-10-31 11:06:00	2017-10-31 11:06:00	\N
643	RUSIA	2017-10-31 11:06:00	2017-10-31 11:06:00	\N
646	RUANDA	2017-10-31 11:06:00	2017-10-31 11:06:00	\N
652	SAN BARTOLOM	2017-10-31 11:06:00	2017-10-31 11:06:00	\N
654	SANTA ELENA	2017-10-31 11:06:00	2017-10-31 11:06:00	\N
659	SAN CRISTBAL Y NIEVES	2017-10-31 11:06:00	2017-10-31 11:06:00	\N
660	ANGUILA	2017-10-31 11:06:00	2017-10-31 11:06:00	\N
662	SANTA LUCA	2017-10-31 11:06:00	2017-10-31 11:06:00	\N
666	SAN PEDRO Y MIQUELN	2017-10-31 11:06:00	2017-10-31 11:06:00	\N
670	SAN VICENTE Y LAS GRANADINAS	2017-10-31 11:06:00	2017-10-31 11:06:00	\N
674	SAN MARINO	2017-10-31 11:06:00	2017-10-31 11:06:00	\N
678	SANTO TOM Y PRNCIPE	2017-10-31 11:06:00	2017-10-31 11:06:00	\N
682	ARABIA SAUDITA	2017-10-31 11:06:00	2017-10-31 11:06:00	\N
686	SENEGAL	2017-10-31 11:06:00	2017-10-31 11:06:00	\N
688	SERBIA Y MONTENEGRO	2017-10-31 11:06:00	2017-10-31 11:06:00	\N
690	SEYCHELLES	2017-10-31 11:06:00	2017-10-31 11:06:00	\N
694	SIERRA LEONA	2017-10-31 11:06:00	2017-10-31 11:06:00	\N
702	SINGAPUR	2017-10-31 11:06:00	2017-10-31 11:06:00	\N
703	ESLOVAQUIA	2017-10-31 11:06:00	2017-10-31 11:06:00	\N
704	VIETNAM	2017-10-31 11:06:00	2017-10-31 11:06:00	\N
705	ESLOVENIA	2017-10-31 11:06:00	2017-10-31 11:06:00	\N
706	SOMALIA	2017-10-31 11:06:00	2017-10-31 11:06:00	\N
710	SUDFRICA	2017-10-31 11:06:00	2017-10-31 11:06:00	\N
724	ESPAA	2017-10-31 11:06:00	2017-10-31 11:06:00	\N
732	SAHARA OCCIDENTAL	2017-10-31 11:06:00	2017-10-31 11:06:00	\N
736	SUDN	2017-10-31 11:06:00	2017-10-31 11:06:00	\N
740	SURINAM	2017-10-31 11:06:00	2017-10-31 11:06:00	\N
744	ISLAS SVALBARD Y JAN MAYEN	2017-10-31 11:06:00	2017-10-31 11:06:00	\N
748	SUAZILANDIA	2017-10-31 11:06:00	2017-10-31 11:06:00	\N
752	SUECIA	2017-10-31 11:06:00	2017-10-31 11:06:00	\N
756	SUIZA	2017-10-31 11:06:00	2017-10-31 11:06:00	\N
760	SIRIA	2017-10-31 11:06:00	2017-10-31 11:06:00	\N
762	TAYIKISTN	2017-10-31 11:06:00	2017-10-31 11:06:00	\N
764	TAILANDIA	2017-10-31 11:06:00	2017-10-31 11:06:00	\N
768	TOGO	2017-10-31 11:06:00	2017-10-31 11:06:00	\N
772	TOKELAU	2017-10-31 11:06:00	2017-10-31 11:06:00	\N
776	TONGA	2017-10-31 11:06:00	2017-10-31 11:06:00	\N
780	TRINIDAD Y TOBAGO	2017-10-31 11:06:00	2017-10-31 11:06:00	\N
784	EMIRATOS RABES UNIDOS	2017-10-31 11:06:00	2017-10-31 11:06:00	\N
788	TNEZ	2017-10-31 11:06:00	2017-10-31 11:06:00	\N
792	TURQUA	2017-10-31 11:06:00	2017-10-31 11:06:00	\N
795	TURKMENISTN	2017-10-31 11:06:00	2017-10-31 11:06:00	\N
796	ISLAS TURCAS Y CAICOS	2017-10-31 11:06:00	2017-10-31 11:06:00	\N
798	TUVALU	2017-10-31 11:06:00	2017-10-31 11:06:00	\N
800	UGANDA	2017-10-31 11:06:00	2017-10-31 11:06:00	\N
804	UCRANIA	2017-10-31 11:06:00	2017-10-31 11:06:00	\N
807	MACEDONIA	2017-10-31 11:06:00	2017-10-31 11:06:00	\N
818	EGIPTO	2017-10-31 11:06:00	2017-10-31 11:06:00	\N
826	REINO UNIDO	2017-10-31 11:06:00	2017-10-31 11:06:00	\N
831	GUERNSEY	2017-10-31 11:06:00	2017-10-31 11:06:00	\N
832	JERSEY	2017-10-31 11:06:00	2017-10-31 11:06:00	\N
833	ISLA DE MAN	2017-10-31 11:06:00	2017-10-31 11:06:00	\N
834	TANZANIA	2017-10-31 11:06:00	2017-10-31 11:06:00	\N
840	ESTADOS UNIDOS DE AMRICA	2017-10-31 11:06:00	2017-10-31 11:06:00	\N
850	ISLAS VRGENES DE LOS ESTADOS UNIDOS DE AMRICA	2017-10-31 11:06:00	2017-10-31 11:06:00	\N
854	BURKINA FASO	2017-10-31 11:06:00	2017-10-31 11:06:00	\N
858	URUGUAY	2017-10-31 11:06:00	2017-10-31 11:06:00	\N
860	UZBEKISTN	2017-10-31 11:06:00	2017-10-31 11:06:00	\N
862	VENEZUELA	2017-10-31 11:06:00	2017-10-31 11:06:00	\N
876	WALLIS Y FUTUNA	2017-10-31 11:06:00	2017-10-31 11:06:00	\N
882	SAMOA	2017-10-31 11:06:00	2017-10-31 11:06:00	\N
887	YEMEN	2017-10-31 11:06:00	2017-10-31 11:06:00	\N
\.


--
-- TOC entry 3445 (class 0 OID 588269)
-- Dependencies: 275
-- Data for Name: password_resets; Type: TABLE DATA; Schema: public; Owner: postgres
--

COPY public.password_resets (email, token, created_at) FROM stdin;
\.


--
-- TOC entry 3404 (class 0 OID 587878)
-- Dependencies: 234
-- Data for Name: permisos; Type: TABLE DATA; Schema: public; Owner: postgres
--

COPY public.permisos (id_permiso, nom_permiso, det_permiso, cod_permiso, id_usuario_registra, id_usuario_modifica, created_at, updated_at, deleted_at) FROM stdin;
18	sda	asdsada	\N	\N	\N	2018-02-26 21:18:26	2018-02-26 21:18:32	2018-02-26 21:18:32
19	wqeqwe	qweq	\N	1	1	2018-02-27 19:29:29	2018-02-27 19:29:36	2018-02-27 19:29:36
15	R	R representa read, tiene permisos nivel 1 y puede solo visualizar.	1	\N	4	2018-02-20 21:41:31	2018-02-28 23:06:43	\N
17	D	D representa delete, tiene permisos nivel 4 y puede visualizar, crear, editar y hasta eliminar.	4	\N	4	2018-02-20 21:42:31	2018-02-28 23:06:53	\N
14	C	C representa create, tiene permisos nivel 2 y puede crear y visualizar.	2	\N	4	2018-02-20 21:41:09	2018-02-28 23:09:03	\N
16	U	U representa update, tiene permisos nivel 3 y puede visualizar, crear y editar.	3	\N	4	2018-02-20 21:42:05	2018-03-01 00:14:25	\N
20	H	Triple combo kill	\N	4	4	2018-03-06 05:58:57	2018-03-07 13:50:48	2018-03-07 13:50:48
21	null	null	\N	4	4	2018-03-19 21:35:49	2018-03-21 19:06:57	2018-03-21 19:06:57
22	asfd	sadf	\N	4	4	2018-03-21 19:12:45	2018-03-21 19:13:37	2018-03-21 19:13:37
\.


--
-- TOC entry 3369 (class 0 OID 579611)
-- Dependencies: 199
-- Data for Name: region; Type: TABLE DATA; Schema: public; Owner: postgres
--

COPY public.region (id_region, nombre_region, alias, orden, created_at, updated_at, deleted_at) FROM stdin;
1	De Tarapac	I	2	2017-10-31 11:06:00	2017-10-31 11:06:00	\N
2	De Antofagasta	II	3	2017-10-31 11:06:00	2017-10-31 11:06:00	\N
3	De Atacama	III	4	2017-10-31 11:06:00	2017-10-31 11:06:00	\N
4	De Coquimbo	IV	5	2017-10-31 11:06:00	2017-10-31 11:06:00	\N
5	De Valparaso	V	6	2017-10-31 11:06:00	2017-10-31 11:06:00	\N
6	Del Libertador B. OHiggins	VI	8	2017-10-31 11:06:00	2017-10-31 11:06:00	\N
7	Del Maule	VII	9	2017-10-31 11:06:00	2017-10-31 11:06:00	\N
8	Del Biobo	VIII	10	2017-10-31 11:06:00	2017-10-31 11:06:00	\N
9	De La Araucana	IX	11	2017-10-31 11:06:00	2017-10-31 11:06:00	\N
10	De Los Lagos	X	13	2017-10-31 11:06:00	2017-10-31 11:06:00	\N
11	De Aisn del Gral.C.Ibaez del Campo	XI	14	2017-10-31 11:06:00	2017-10-31 11:06:00	\N
12	De Magallanes  y de La Antrtica chilena	XII	15	2017-10-31 11:06:00	2017-10-31 11:06:00	\N
13	Metropolitana De Santiago	RM	7	2017-10-31 11:06:00	2017-10-31 11:06:00	\N
14	De Los Rios	XIV	12	2017-10-31 11:06:00	2017-10-31 11:06:00	\N
15	De Arica y Parinacota	XV	1	2017-10-31 11:06:00	2017-10-31 11:06:00	\N
\.


--
-- TOC entry 3402 (class 0 OID 587867)
-- Dependencies: 232
-- Data for Name: roles; Type: TABLE DATA; Schema: public; Owner: postgres
--

COPY public.roles (id_role, nom_role, det_role, id_usuario_registra, id_usuario_modifica, created_at, updated_at, deleted_at) FROM stdin;
55	Nivel 3	Nivel 3	\N	\N	2018-02-23 23:00:17	2018-02-26 15:27:01	2018-02-26 15:27:01
56	Role Enrolable	Role remain	\N	\N	2018-02-24 01:00:09	2018-02-26 15:30:07	2018-02-26 15:30:07
57	57 sdfsdf	dsfsdfsd\nfsad\n sdfda d\n ff sd f\ndsf \nads f\nsdf\n asd\nfsd \nfsda	\N	\N	2018-02-25 02:17:05	2018-02-26 15:49:13	2018-02-26 15:49:13
59	fsfsd	fsd	\N	\N	2018-02-26 16:18:34	2018-02-26 16:18:38	2018-02-26 16:18:38
58	role	role	\N	\N	2018-02-26 15:49:22	2018-02-26 16:19:04	2018-02-26 16:19:04
61	no editable	pq no se peue	\N	\N	2018-02-26 19:30:21	2018-02-26 20:22:37	2018-02-26 20:22:37
60	role	role	\N	\N	2018-02-26 16:19:11	2018-02-26 20:22:39	2018-02-26 20:22:39
65	role new	role a.s,da	\N	\N	2018-02-27 19:29:06	2018-02-27 19:29:19	2018-02-27 19:29:19
67	dfasfd	fasdf	\N	\N	2018-03-06 05:51:18	2018-03-06 05:51:22	2018-03-06 05:51:22
68	sfdafsdf	sdfsdf	4	4	2018-03-06 07:05:15	2018-03-07 13:51:02	2018-03-07 13:51:02
63	Jefe de Area	El Role Jefe de Area es igual al role administrador, tiene todos los permisos.	\N	4	2018-02-26 20:22:57	2018-03-19 15:05:22	\N
62	Administrador	El Role administrador del sistema tiene permisos completos.	\N	4	2018-02-26 20:22:50	2018-03-19 15:05:30	\N
64	Lider Equipo	El Role Lider Equipo es igual al role administrador, tiene todos los permisos,	\N	4	2018-02-26 20:23:13	2018-03-19 15:06:06	\N
66	App Manager	El Role App Manager, tiene permisos de lectura, escritura y modificacion de datos.	\N	4	2018-02-28 23:44:07	2018-03-19 15:07:38	\N
69	Jefe Proyecto	El Role Jefe Proyecto, tiene permisos de lectura y escritura.	4	4	2018-03-19 15:08:12	2018-03-19 15:08:12	\N
70	Desarrollador Proyecto	El Role Desarrollador Proyecto, tiene permisos de lectura.	4	4	2018-03-19 15:10:26	2018-03-19 15:10:26	\N
71	Visitante	El Role Visitante, tiene permisos de lectura.	4	4	2018-03-19 15:11:21	2018-03-19 15:11:21	\N
72	role test	role test	4	4	2018-03-21 19:01:30	2018-03-21 19:01:37	2018-03-21 19:01:37
\.


--
-- TOC entry 3403 (class 0 OID 587874)
-- Dependencies: 233
-- Data for Name: roles_permisos; Type: TABLE DATA; Schema: public; Owner: postgres
--

COPY public.roles_permisos (id_role_permiso, id_role, id_permiso, id_usuario_registra, id_usuario_modifica, created_at, updated_at, deleted_at) FROM stdin;
10	11	14	\N	\N	2018-02-22 14:08:23	2018-02-22 14:08:23	\N
11	12	14	\N	\N	2018-02-22 14:08:28	2018-02-22 14:08:28	\N
12	13	14	\N	\N	2018-02-22 14:08:33	2018-02-22 14:08:33	\N
13	10	15	\N	\N	2018-02-22 14:08:40	2018-02-22 14:08:40	\N
14	10	16	\N	\N	2018-02-22 14:08:44	2018-02-22 14:08:44	\N
15	10	17	\N	\N	2018-02-22 14:08:48	2018-02-22 14:08:48	\N
16	10	14	\N	\N	2018-02-22 14:19:50	2018-02-22 14:19:50	\N
9	10	10	\N	\N	2018-02-22 14:06:15	2018-02-22 18:22:22	\N
17	19	17	\N	\N	2018-02-22 21:09:18	2018-02-22 21:09:18	\N
18	20	15	\N	\N	2018-02-22 21:17:22	2018-02-22 21:17:22	\N
19	21	16	\N	\N	2018-02-22 21:18:26	2018-02-22 21:18:26	\N
20	22	17	\N	\N	2018-02-22 21:23:26	2018-02-22 21:23:26	\N
21	23	15	\N	\N	2018-02-22 21:23:49	2018-02-22 21:23:49	\N
22	24	17	\N	\N	2018-02-22 21:25:02	2018-02-22 21:25:02	\N
23	25	17	\N	\N	2018-02-23 04:12:59	2018-02-23 04:12:59	\N
24	26	17	\N	\N	2018-02-23 04:13:18	2018-02-23 04:13:18	\N
25	27	15	\N	\N	2018-02-23 12:47:06	2018-02-23 12:47:06	\N
26	28	15	\N	\N	2018-02-23 14:07:27	2018-02-23 14:07:27	\N
27	29	15	\N	\N	2018-02-23 14:40:08	2018-02-23 14:40:08	\N
28	30	15	\N	\N	2018-02-23 14:58:07	2018-02-23 14:58:07	\N
29	31	15	\N	\N	2018-02-23 14:59:58	2018-02-23 14:59:58	\N
30	32	15	\N	\N	2018-02-23 15:01:16	2018-02-23 15:01:16	\N
31	33	15	\N	\N	2018-02-23 15:02:09	2018-02-23 15:02:09	\N
32	34	15	\N	\N	2018-02-23 15:03:23	2018-02-23 15:03:23	\N
33	35	16	\N	\N	2018-02-23 15:05:13	2018-02-23 15:05:13	\N
34	36	17	\N	\N	2018-02-23 15:05:28	2018-02-23 15:05:28	\N
35	37	15	\N	\N	2018-02-23 15:07:06	2018-02-23 15:07:06	\N
37	39	14	\N	\N	2018-02-23 15:13:35	2018-02-23 19:28:48	\N
38	40	15	\N	\N	2018-02-23 15:14:26	2018-02-23 19:29:14	\N
36	38	14	\N	\N	2018-02-23 15:08:30	2018-02-23 19:29:34	\N
39	41	17	\N	\N	2018-02-23 20:21:08	2018-02-23 20:21:08	\N
40	42	15	\N	\N	2018-02-23 20:21:21	2018-02-23 20:21:21	\N
41	43	17	\N	\N	2018-02-23 21:11:42	2018-02-23 21:11:42	\N
42	44	17	\N	\N	2018-02-23 21:25:52	2018-02-23 21:25:52	\N
43	45	17	\N	\N	2018-02-23 21:26:29	2018-02-23 21:26:29	\N
44	46	16	\N	\N	2018-02-23 21:29:32	2018-02-23 21:29:32	\N
45	47	15	\N	\N	2018-02-23 21:32:38	2018-02-23 21:32:38	\N
46	48	15	\N	\N	2018-02-23 21:33:53	2018-02-23 21:33:53	\N
47	49	15	\N	\N	2018-02-23 21:35:51	2018-02-23 21:35:51	\N
48	50	16	\N	\N	2018-02-23 21:36:12	2018-02-23 21:36:12	\N
49	51	15	\N	\N	2018-02-23 21:37:10	2018-02-23 21:37:10	\N
50	52	15	\N	\N	2018-02-23 21:38:13	2018-02-23 21:38:13	\N
51	53	15	\N	\N	2018-02-23 21:44:27	2018-02-23 21:44:27	\N
52	54	15	\N	\N	2018-02-23 21:48:38	2018-02-23 21:48:38	\N
53	55	16	\N	\N	2018-02-23 23:00:17	2018-02-26 15:27:01	2018-02-26 15:27:01
54	56	16	\N	\N	2018-02-24 01:00:09	2018-02-26 15:30:07	2018-02-26 15:30:07
55	57	16	\N	\N	2018-02-25 02:17:05	2018-02-26 15:49:13	2018-02-26 15:49:13
57	59	14	\N	\N	2018-02-26 16:18:34	2018-02-26 16:18:38	2018-02-26 16:18:38
56	58	15	\N	\N	2018-02-26 15:49:22	2018-02-26 16:19:04	2018-02-26 16:19:04
59	61	16	\N	\N	2018-02-26 19:30:21	2018-02-26 20:22:37	2018-02-26 20:22:37
58	60	15	\N	\N	2018-02-26 16:19:11	2018-02-26 20:22:39	2018-02-26 20:22:39
63	65	17	\N	\N	2018-02-27 19:29:06	2018-02-27 19:29:19	2018-02-27 19:29:19
65	67	17	\N	\N	2018-03-06 05:51:18	2018-03-06 05:51:22	2018-03-06 05:51:22
66	68	14	\N	\N	2018-03-06 07:05:15	2018-03-07 13:51:02	2018-03-07 13:51:02
60	62	17	\N	4	2018-02-26 20:22:50	2018-03-19 14:57:16	\N
61	63	17	\N	4	2018-02-26 20:22:57	2018-03-19 15:04:31	\N
62	64	17	\N	4	2018-02-26 20:23:13	2018-03-19 15:06:06	\N
64	66	16	\N	4	2018-02-28 23:44:07	2018-03-19 15:07:38	\N
67	69	14	4	4	2018-03-19 15:08:12	2018-03-19 15:08:12	\N
68	70	15	4	4	2018-03-19 15:10:26	2018-03-19 15:10:26	\N
69	71	15	4	4	2018-03-19 15:11:21	2018-03-19 15:11:21	\N
70	72	15	4	4	2018-03-21 19:01:30	2018-03-21 19:01:37	2018-03-21 19:01:37
\.


--
-- TOC entry 3366 (class 0 OID 579586)
-- Dependencies: 196
-- Data for Name: servicio_salud; Type: TABLE DATA; Schema: public; Owner: postgres
--

COPY public.servicio_salud (id_servicio_salud, id_region, nombre_servicio_salud, orden, created_at, updated_at, deleted_at) FROM stdin;
1	15	Arica	1	2017-10-31 11:06:00	2017-10-31 11:06:00	\N
2	1	Iquique	2	2017-10-31 11:06:00	2017-10-31 11:06:00	\N
3	2	Antofagasta	3	2017-10-31 11:06:00	2017-10-31 11:06:00	\N
4	3	Atacama	4	2017-10-31 11:06:00	2017-10-31 11:06:00	\N
5	4	Coquimbo	5	2017-10-31 11:06:00	2017-10-31 11:06:00	\N
6	5	Valparaso San Antonio	6	2017-10-31 11:06:00	2017-10-31 11:06:00	\N
7	5	Via del Mar Quillota	7	2017-10-31 11:06:00	2017-10-31 11:06:00	\N
8	5	Aconcagua	8	2017-10-31 11:06:00	2017-10-31 11:06:00	\N
9	13	Metropolitano Norte	9	2017-10-31 11:06:00	2017-10-31 11:06:00	\N
10	13	Metropolitano Occidente	10	2017-10-31 11:06:00	2017-10-31 11:06:00	\N
11	13	Metropolitano Central	11	2017-10-31 11:06:00	2017-10-31 11:06:00	\N
12	13	Metropolitano Oriente	12	2017-10-31 11:06:00	2017-10-31 11:06:00	\N
13	13	Metropolitano Sur	13	2017-10-31 11:06:00	2017-10-31 11:06:00	\N
14	13	Metropolitano Sur Oriente	14	2017-10-31 11:06:00	2017-10-31 11:06:00	\N
15	6	Del Libertador B. OHiggins	15	2017-10-31 11:06:00	2017-10-31 11:06:00	\N
16	7	Del Maule	16	2017-10-31 11:06:00	2017-10-31 11:06:00	\N
17	8	uble	17	2017-10-31 11:06:00	2017-10-31 11:06:00	\N
18	8	Concepcin	18	2017-10-31 11:06:00	2017-10-31 11:06:00	\N
19	8	Talcahuano	20	2017-10-31 11:06:00	2017-10-31 11:06:00	\N
20	8	Biobo	21	2017-10-31 11:06:00	2017-10-31 11:06:00	\N
21	9	Araucana Sur	23	2017-10-31 11:06:00	2017-10-31 11:06:00	\N
22	14	Valdivia	24	2017-10-31 11:06:00	2017-10-31 11:06:00	\N
23	10	Osorno	25	2017-10-31 11:06:00	2017-10-31 11:06:00	\N
24	10	Del Reloncav	26	2017-10-31 11:06:00	2017-10-31 11:06:00	\N
25	11	Aisn	28	2017-10-31 11:06:00	2017-10-31 11:06:00	\N
26	12	Magallanes	29	2017-10-31 11:06:00	2017-10-31 11:06:00	\N
28	8	Arauco	19	2017-10-31 11:06:00	2017-10-31 11:06:00	\N
29	9	Araucana Norte	22	2017-10-31 11:06:00	2017-10-31 11:06:00	\N
33	10	Chilo	27	2017-10-31 11:06:00	2017-10-31 11:06:00	\N
\.


--
-- TOC entry 3424 (class 0 OID 588000)
-- Dependencies: 254
-- Data for Name: servicios; Type: TABLE DATA; Schema: public; Owner: postgres
--

COPY public.servicios (id_servicio, id_actividad, nom_servicio, det_servicio, id_usuario_registra, id_usuario_modifica, created_at, updated_at, deleted_at) FROM stdin;
5	7	eqweqwe	wqe	4	4	2018-03-06 06:39:50	2018-03-06 06:39:53	2018-03-06 06:39:53
6	10	sdaf	fsadf	4	4	2018-03-06 06:41:42	2018-03-06 06:41:45	2018-03-06 06:41:45
8	7	SDFS	DFSD	4	4	2018-03-28 12:38:02	2018-03-28 12:38:07	2018-03-28 12:38:07
9	9	sadf	sadf	1	1	2018-03-28 12:50:17	2018-03-28 12:50:28	2018-03-28 12:50:28
10	11	sadf	sadf	4	4	2018-03-28 13:04:56	2018-03-28 15:21:41	2018-03-28 15:21:41
11	7	asdf	sdf	4	4	2018-03-28 15:23:21	2018-03-28 16:10:47	2018-03-28 16:10:47
4	4	Web Minsal	Desarrollos relacionados al servicio web minsal	1	4	2018-02-27 19:35:43	2018-04-04 18:49:11	2018-04-04 18:49:11
7	1	Sigte	Sistema de gestion de tiempos de espera	4	4	2018-03-07 13:52:04	2018-04-04 18:49:20	2018-04-04 18:49:20
3	4	Sitios en Yii	Desarrollos que se han realizado en Yii Framework.	1	4	2018-02-27 19:04:06	2018-04-04 18:49:45	2018-04-04 18:49:45
2	4	Wordpress	Servicio que se encarga de mantener y administrar los sitios hechos en wordpress	1	4	2018-02-27 19:04:06	2018-04-04 18:50:01	2018-04-04 18:50:01
1	4	Sitios Web	Servicio que realiza el equipo de soporte	1	4	2018-02-27 18:58:58	2018-04-04 18:50:09	2018-04-04 18:50:09
12	4	GATEWAY HEALTHCARE	GATEWAY HEALTHCARE	4	4	2018-04-04 18:50:41	2018-04-04 18:50:41	\N
13	4	AFIS	AFIS	4	4	2018-04-04 18:50:57	2018-04-04 18:50:57	\N
14	7	BI	BI	4	4	2018-04-04 18:51:33	2018-04-04 18:51:33	\N
15	4	INTERNOS	INTERNOS	4	4	2018-04-04 18:51:53	2018-04-04 18:51:53	\N
16	1	OPERACIONES	OPERACIONES	4	4	2018-04-04 18:52:05	2018-04-04 18:52:05	\N
17	7	SERVIDOR TERMINOLOGICO	SERVIDOR TERMINOLOGICO	4	4	2018-04-04 18:52:35	2018-04-04 18:52:35	\N
18	2	OTROS	OTROS	4	4	2018-04-04 18:52:55	2018-04-04 18:52:55	\N
19	4	SOLUCION HIS HOSTIPAL MAIPU	SOLUCION HIS HOSTIPAL MAIPU	4	4	2018-04-04 18:53:42	2018-04-04 18:53:42	\N
20	4	SURVIH	SURVIH	4	4	2018-04-04 18:54:02	2018-04-04 18:54:02	\N
21	4	SIRH	SIRH	4	4	2018-04-04 18:54:15	2018-04-04 18:54:15	\N
22	4	SIAC	SIAC	4	4	2018-04-04 18:54:26	2018-04-04 18:54:26	\N
23	4	SITE INTESIS	SITE INTESIS	4	4	2018-04-04 18:54:47	2018-04-04 18:54:47	\N
24	4	RIS	RIS	4	4	2018-04-04 18:55:02	2018-04-04 18:55:08	\N
25	4	CHCC	CHCC	4	4	2018-04-04 18:55:22	2018-04-04 18:55:22	\N
26	4	PAID	PAID	4	4	2018-04-04 18:55:34	2018-04-04 18:55:34	\N
27	4	CATALOGO DE IMAGENES	CATALOGO DE IMAGENES	4	4	2018-04-04 18:55:46	2018-04-04 18:55:46	\N
28	4	INTERRUPCION VOLUNTARIA DEL EMBARAZO	INTERRUPCION VOLUNTARIA DEL EMBARAZO	4	4	2018-04-04 18:56:20	2018-04-04 18:56:20	\N
29	7	TABLEAU SERVER	TABLEAU SERVER	4	4	2018-04-04 19:26:43	2018-04-04 19:26:43	\N
\.


--
-- TOC entry 3409 (class 0 OID 587907)
-- Dependencies: 239
-- Data for Name: servicios_estados; Type: TABLE DATA; Schema: public; Owner: postgres
--

COPY public.servicios_estados (id_servicio_estado, id_servicio, id_estado, id_usuario_registra, id_usuario_modifica, created_at, updated_at, deleted_at) FROM stdin;
\.


--
-- TOC entry 3429 (class 0 OID 588029)
-- Dependencies: 259
-- Data for Name: servicios_permisos; Type: TABLE DATA; Schema: public; Owner: postgres
--

COPY public.servicios_permisos (id_servicio_permiso, id_servicio, id_permiso, id_usuario_registra, id_usuario_modifica, created_at, updated_at, deleted_at) FROM stdin;
\.


--
-- TOC entry 3427 (class 0 OID 588018)
-- Dependencies: 257
-- Data for Name: servicios_tags; Type: TABLE DATA; Schema: public; Owner: postgres
--

COPY public.servicios_tags (id_servicio_tag, id_servicio, id_tag, id_usuario_registra, id_usuario_modifica, created_at, updated_at, deleted_at) FROM stdin;
\.


--
-- TOC entry 3473 (class 0 OID 604817)
-- Dependencies: 303
-- Data for Name: servicios_usuarios; Type: TABLE DATA; Schema: public; Owner: postgres
--

COPY public.servicios_usuarios (id_servicio_usuario, id_servicio, id_usuario, id_usuario_registra, id_usuario_modifica, created_at, updated_at, deleted_at) FROM stdin;
14	12	4	4	4	2018-04-11 15:21:59	2018-04-11 17:27:51	2018-04-11 17:27:51
15	12	4	4	4	2018-04-11 15:29:56	2018-04-11 17:35:06	2018-04-11 17:35:06
18	12	9	4	4	2018-04-11 15:50:04	2018-04-11 17:35:10	2018-04-11 17:35:10
16	12	11	4	4	2018-04-11 15:29:59	2018-04-11 17:35:12	2018-04-11 17:35:12
19	12	9	4	4	2018-04-11 17:35:37	2018-04-11 17:35:39	2018-04-11 17:35:39
17	12	11	4	4	2018-04-11 15:30:00	2018-04-11 17:35:51	2018-04-11 17:35:51
22	12	9	4	4	2018-04-11 17:35:49	2018-04-11 17:36:07	2018-04-11 17:36:07
21	12	12	4	4	2018-04-11 17:35:47	2018-04-11 17:36:08	2018-04-11 17:36:08
20	12	4	4	4	2018-04-11 17:35:45	2018-04-11 17:36:09	2018-04-11 17:36:09
24	12	12	4	4	2018-04-11 17:36:14	2018-04-11 17:36:30	2018-04-11 17:36:30
29	12	10	4	4	2018-04-11 17:36:27	2018-04-11 17:36:31	2018-04-11 17:36:31
28	12	9	4	4	2018-04-11 17:36:23	2018-04-11 17:36:32	2018-04-11 17:36:32
26	12	4	4	4	2018-04-11 17:36:19	2018-04-11 17:36:35	2018-04-11 17:36:35
23	12	8	4	4	2018-04-11 17:36:13	2018-04-11 17:36:35	2018-04-11 17:36:35
27	12	9	4	4	2018-04-11 17:36:22	2018-04-11 17:36:36	2018-04-11 17:36:36
25	12	24	4	4	2018-04-11 17:36:17	2018-04-11 17:36:38	2018-04-11 17:36:38
30	12	10	4	4	2018-04-11 17:36:40	2018-04-11 17:36:41	2018-04-11 17:36:41
33	12	4	4	4	2018-04-11 17:37:45	2018-04-11 17:37:47	2018-04-11 17:37:47
32	12	10	4	4	2018-04-11 17:37:42	2018-04-11 17:37:55	2018-04-11 17:37:55
31	12	12	4	4	2018-04-11 17:37:40	2018-04-11 17:37:57	2018-04-11 17:37:57
34	12	4	4	4	2018-04-11 17:37:59	2018-04-11 17:38:01	2018-04-11 17:38:01
35	12	4	4	4	2018-04-11 17:38:01	2018-04-11 17:38:02	2018-04-11 17:38:02
36	12	24	4	4	2018-04-11 20:33:43	2018-04-11 20:33:45	2018-04-11 20:33:45
40	12	9	4	4	2018-04-11 20:58:12	2018-04-11 20:58:13	2018-04-11 20:58:13
38	12	11	4	4	2018-04-11 20:58:07	2018-04-11 20:58:13	2018-04-11 20:58:13
37	12	8	4	4	2018-04-11 20:58:05	2018-04-11 20:58:14	2018-04-11 20:58:14
39	12	1	4	4	2018-04-11 20:58:08	2018-04-11 20:58:16	2018-04-11 20:58:16
\.


--
-- TOC entry 3414 (class 0 OID 587936)
-- Dependencies: 244
-- Data for Name: servidores; Type: TABLE DATA; Schema: public; Owner: postgres
--

COPY public.servidores (id_servidor, id_datacentro, id_sistema_operativo, nom_servidor, ip_servidor, id_usuario_registra, id_usuario_modifica, created_at, updated_at, deleted_at, det_servidor, ram, memoria_dd, swap, procesador, frec_procesador, nucleos, usuarios_pactados, mac, nodo, interface, id_ambiente, modelo_procesador, id_cluster, agente_instana_instalado, id_servicio, id_vlan, id_tipo_servidor, id_tipo_respaldo_disco) FROM stdin;
695	1	33	MNCASPROD_API02	172.20.34.11	4	4	2018-04-04 18:26:10	2018-04-04 18:26:10	\N	MNCASPROD_API02	16384	307200	0	intel	2400	8	0	0	\N	\N	1	E5-2699v3	1	false	12	\N	\N	\N
696	1	33	MNCASPROD_API03	172.20.34.12	4	4	2018-04-04 18:26:10	2018-04-04 18:26:10	\N	MNCASPROD_API03	16384	307200	0	intel	2400	8	0	0	\N	\N	1	E5-2699v3	1	false	12	\N	\N	\N
697	1	33	MNMPPROD_API01	172.20.34.13	4	4	2018-04-04 18:26:10	2018-04-04 18:26:10	\N	MNMPPROD_API01	8192	307200	0	intel	2400	8	0	0	\N	\N	1	E5-2699v3	1	false	12	\N	\N	\N
698	1	33	MNMPPROD_API02	172.20.34.14	4	4	2018-04-04 18:26:10	2018-04-04 18:26:10	\N	MNMPPROD_API02	8192	204800	0	intel	2400	8	0	0	\N	\N	1	E5-2699v3	1	false	12	\N	\N	\N
699	1	33	MNAPPROD_API01	172.20.34.15	4	4	2018-04-04 18:26:10	2018-04-04 18:26:10	\N	MNAPPROD_API01	16384	1048576	0	intel	2400	8	0	0	\N	\N	1	E5-2699v3	1	false	12	\N	\N	\N
700	1	33	MNAPPROD_API02	172.20.34.16	4	4	2018-04-04 18:26:10	2018-04-04 18:26:10	\N	MNAPPROD_API02	16384	1048576	0	intel	2400	8	0	0	\N	\N	1	E5-2699v3	1	false	12	\N	\N	\N
701	1	33	MNQSPROD_API01	172.20.34.17	4	4	2018-04-04 18:26:10	2018-04-04 18:26:10	\N	MNQSPROD_API01	16384	512000	0	intel	2400	8	0	0	\N	\N	1	E5-2699v3	1	false	12	\N	\N	\N
702	1	33	MNQSPROD_API02	172.20.34.18	4	4	2018-04-04 18:26:10	2018-04-04 18:26:10	\N	MNQSPROD_API02	16384	512000	0	intel	2400	8	0	0	\N	\N	1	E5-2699v3	1	false	12	\N	\N	\N
703	1	33	MNOLDAPPROD_API01	172.20.34.19	4	4	2018-04-04 18:26:10	2018-04-04 18:26:10	\N	MNOLDAPPROD_API01	8192	102400	0	intel	2400	4	0	0	\N	\N	1	E5-2699v3	1	false	12	\N	\N	\N
704	1	33	MNOLDAPPROD_API02	172.20.34.20	4	4	2018-04-04 18:26:10	2018-04-04 18:26:10	\N	MNOLDAPPROD_API02	8192	102400	0	intel	2400	4	0	0	\N	\N	1	E5-2699v3	1	false	12	\N	\N	\N
705	1	33	MNMSUPROD_API01	172.20.34.21	4	4	2018-04-04 18:26:10	2018-04-04 18:26:10	\N	MNMSUPROD_API01	8192	102400	0	intel	2400	4	0	0	\N	\N	1	E5-2699v3	1	false	12	\N	\N	\N
706	1	33	MNMSUPROD_API02	172.20.34.22	4	4	2018-04-04 18:26:10	2018-04-04 18:26:10	\N	MNMSUPROD_API02	8192	102400	0	intel	2400	4	0	0	\N	\N	1	E5-2699v3	1	false	12	\N	\N	\N
707	1	33	MNDSDEVQA_API01	172.20.34.23	4	4	2018-04-04 18:26:10	2018-04-04 18:26:10	\N	MNDSDEVQA_API01	16384	307200	0	intel	2400	8	0	0	\N	\N	1	E5-2699v3	1	false	12	\N	\N	\N
708	1	33	MNS1DEVQA_API01	172.20.34.24	4	4	2018-04-04 18:26:10	2018-04-04 18:26:10	\N	MNS1DEVQA_API01	16384	204800	0	intel	2400	8	0	0	\N	\N	1	E5-2699v3	1	false	12	\N	\N	\N
709	1	33	MNS2DEVQA_API02	172.20.34.25	4	4	2018-04-04 18:26:10	2018-04-04 18:26:10	\N	MNS2DEVQA_API02	16384	204800	0	intel	2400	8	0	0	\N	\N	1	E5-2699v3	1	false	12	\N	\N	\N
711	1	33	MNAMQPRO_AFIS02	172.20.34.27	4	4	2018-04-04 18:26:10	2018-04-04 18:26:10	\N	MNAMQPRO_AFIS02	32768	256000	0	intel	2400	8	0	0	\N	\N	1	E5-2699v3	1	false	13	\N	\N	\N
712	1	33	MNAMQPRO_AFIS03	172.20.34.28	4	4	2018-04-04 18:26:10	2018-04-04 18:26:10	\N	MNAMQPRO_AFIS03	32768	256000	0	intel	2400	8	0	0	\N	\N	1	E5-2699v3	1	false	13	\N	\N	\N
714	1	33	MNEASYRPROD_ZEKE	172.20.34.30	4	4	2018-04-04 18:26:10	2018-04-04 18:26:10	\N	MNEASYRPROD_ZEKE	8192	121856	0	intel	2400	8	0	0	\N	\N	1	Sin definir	2	false	15	\N	\N	\N
715	1	33	MNSVNPROD_ZEKE	172.20.34.31	4	4	2018-04-04 18:26:10	2018-04-04 18:26:10	\N	MNSVNPROD_ZEKE	4096	70656	0	intel	2400	2	0	0	\N	\N	1	Sin definir	2	false	16	\N	\N	\N
716	1	33	MNCMDBPROD_ZEKE	192.168.20.17 	4	4	2018-04-04 18:26:10	2018-04-04 18:26:10	\N	MNCMDBPROD_ZEKE	16384	173056	0	intel	2400	8	0	0	\N	\N	1	Sin definir	2	false	16	\N	\N	\N
717	1	33	MNNAGIOSPROD_ZEKE	192.168.20.16 	4	4	2018-04-04 18:26:10	2018-04-04 18:26:10	\N	MNNAGIOSPROD_ZEKE	16384	173056	0	intel	2400	4	0	0	\N	\N	1	Sin definir	2	false	16	\N	\N	\N
718	1	33	MNWIKIPROD_ZEKE	172.20.34.34	4	4	2018-04-04 18:26:10	2018-04-04 18:26:10	\N	MNWIKIPROD_ZEKE	8192	70656	0	intel	2400	2	0	0	\N	\N	1	Sin definir	2	false	15	\N	\N	\N
719	1	33	MNLICMETPROD_ZEKE	172.20.34.35	4	4	2018-04-04 18:26:10	2018-04-04 18:26:10	\N	MNLICMETPROD_ZEKE	8192	102400	0	intel	2400	2	0	0	\N	\N	1	Sin definir	2	false	15	\N	\N	\N
720	1	46	MNMONITOREOPROD001_NOUS	172.20.34.36	4	4	2018-04-04 18:26:10	2018-04-04 18:26:10	\N	MNMONITOREOPROD001_NOUS	4096	409600	0	intel	2400	2	0	0	\N	\N	1	Sin definir	2	false	18	\N	\N	\N
721	1	46	MNMONITOREOPROD002_NOUS	172.20.34.37	4	4	2018-04-04 18:26:10	2018-04-04 18:26:10	\N	MNMONITOREOPROD002_NOUS	4096	409600	0	intel	2400	2	0	0	\N	\N	1	Sin definir	2	false	18	\N	\N	\N
722	1	42	MNPROXYBKPVM	172.20.34.38	4	4	2018-04-04 18:26:10	2018-04-04 18:26:10	\N	MNPROXYBKPVM	16384	81920	0	intel	2400	2	0	0	\N	\N	1	Sin definir	2	false	15	\N	\N	\N
723	1	33	MNSEMANTIKOS_AC_APP01	192.168.10.50	4	4	2018-04-04 18:26:10	2018-04-04 18:26:10	\N	MNSEMANTIKOS_AC_APP01	6144	51200	0	intel	2400	4	0	0	\N	\N	1	Sin definir	2	false	17	\N	\N	\N
724	1	33	MNSEMANTIKOS_AC_APP02	192.168.10.51	4	4	2018-04-04 18:26:10	2018-04-04 18:26:10	\N	MNSEMANTIKOS_AC_APP02	6144	51200	0	intel	2400	4	0	0	\N	\N	1	Sin definir	2	false	17	\N	\N	\N
725	1	33	MNSEMANTIKOS_PS_APP03	192.168.10.52	4	4	2018-04-04 18:26:10	2018-04-04 18:26:10	\N	MNSEMANTIKOS_PS_APP03	6144	51200	0	intel	2400	4	0	0	\N	\N	1	Sin definir	2	false	17	\N	\N	\N
726	1	33	MNSEMANTIKOS_AC_BD01	172.20.65.10	4	4	2018-04-04 18:26:10	2018-04-04 18:26:10	\N	MNSEMANTIKOS_AC_BD01	16384	102400	0	intel	2400	4	0	0	\N	\N	1	Sin definir	2	false	17	\N	\N	\N
727	1	33	MNSEMANTIKOS_AC_BD02	172.20.65.11	4	4	2018-04-04 18:26:10	2018-04-04 18:26:10	\N	MNSEMANTIKOS_AC_BD02	16384	102400	0	intel	2400	4	0	0	\N	\N	1	Sin definir	2	false	17	\N	\N	\N
728	1	33	MNSEMANTIKOS_PS_BD03	172.20.65.12	4	4	2018-04-04 18:26:10	2018-04-04 18:26:10	\N	MNSEMANTIKOS_PS_BD03	16384	102400	0	intel	2400	4	0	0	\N	\N	1	Sin definir	2	false	17	\N	\N	\N
729	1	50	MNIBMIBASEPROD_ZEKE	172.20.34.39	4	4	2018-04-04 18:26:10	2018-04-04 18:26:10	\N	MNIBMIBASEPROD_ZEKE	16384	122880	0	intel	2400	4	0	0	\N	\N	1	Sin definir	2	false	14	\N	\N	\N
730	1	50	MNIBMI2ANALYTSPROD_ZEKE	172.20.34.40	4	4	2018-04-04 18:26:10	2018-04-04 18:26:10	\N	MNIBMI2ANALYTSPROD_ZEKE	16384	122880	0	intel	2400	4	0	0	\N	\N	1	Sin definir	2	false	14	\N	\N	\N
731	1	48	MNHadoop_MNG_1	172.20.34.41	4	4	2018-04-04 18:26:10	2018-04-04 18:26:10	\N	MNHadoop_MNG_1	32768	1048576	0	intel	2400	4	0	0	\N	\N	1	Sin definir	2	false	14	\N	\N	\N
732	1	48	MNHadoop_MNG_2	172.20.34.42	4	4	2018-04-04 18:26:10	2018-04-04 18:26:10	\N	MNHadoop_MNG_2	32768	1048576	0	intel	2400	4	0	0	\N	\N	1	Sin definir	2	false	14	\N	\N	\N
733	1	48	MNHadoop_DAT_1	172.20.34.43	4	4	2018-04-04 18:26:10	2018-04-04 18:26:10	\N	MNHadoop_DAT_1	32768	1048576	0	intel	2400	4	0	0	\N	\N	1	Sin definir	2	false	14	\N	\N	\N
735	1	48	MNHadoop_DAT_3	172.20.34.45	4	4	2018-04-04 18:26:10	2018-04-04 18:26:10	\N	MNHadoop_DAT_3	32768	1048576	0	intel	2400	4	0	0	\N	\N	1	Sin definir	2	false	14	\N	\N	\N
736	1	33	MNFTP_Traspasos_APP	172.20.34.46	4	4	2018-04-04 18:26:10	2018-04-04 18:26:10	\N	MNFTP_Traspasos_APP	4096	307200	0	intel	2400	2	0	0	\N	\N	1	Sin definir	2	false	15	\N	\N	\N
737	1	17	MNQASEMANTIKOS_APP01	192.168.10.53	4	4	2018-04-04 18:26:10	2018-04-04 18:26:10	\N	MNQASEMANTIKOS_APP01	8192	112640	0	intel	2400	4	0	0	\N	\N	3	Sin definir	2	false	17	\N	\N	\N
713	1	45	MNIBASEDPROD_ZEKE	172.20.34.29	4	4	2018-04-04 18:26:10	2018-04-09 21:20:47	\N	MNIBASEDPROD_ZEKE	32768	143360	0	intel	2400	8	0	0	\N	\N	1	Sin definir	2	0	14	3	3	1
739	1	41	MNOIRS_DEV_QA	172.20.16.20	4	4	2018-04-04 18:26:10	2018-04-04 18:26:10	\N	MNOIRS_DEV_QA	4096	71680	0	intel	2400	4	0	0	\N	\N	3	Sin definir	2	false	18	\N	\N	\N
740	1	32	MNANALITYC_APP	172.20.34.47	4	4	2018-04-04 18:26:10	2018-04-04 18:26:10	\N	MNANALITYC_APP	32768	225280	0	intel	2400	2	0	0	\N	\N	1	Sin definir	2	false	14	\N	\N	\N
741	1	45	MNSPSSStatistics_APP	172.20.34.48	4	4	2018-04-04 18:26:10	2018-04-04 18:26:10	\N	MNSPSSStatistics_APP	32768	61440	0	intel	2400	2	0	0	\N	\N	1	Sin definir	2	false	14	\N	\N	\N
742	1	17	MNSIACINTDEV_APP01	192.168.60.10	4	4	2018-04-04 18:26:10	2018-04-04 18:26:10	\N	MNSIACINTDEV_APP01	2048	30720	0	intel	2400	2	0	0	\N	\N	3	Sin definir	2	false	15	\N	\N	\N
743	1	17	MNSIACWORDPRESSDEV_APP01	192.168.60.11	4	4	2018-04-04 18:26:10	2018-04-04 18:26:10	\N	MNSIACWORDPRESSDEV_APP01	2048	30720	0	intel	2400	2	0	0	\N	\N	3	Sin definir	2	false	15	\N	\N	\N
744	1	33	MNMPPRODDMZ_API01	192.168.70.10	4	4	2018-04-04 18:26:10	2018-04-04 18:26:10	\N	MNMPPRODDMZ_API01	16384	153600	0	intel	2400	8	0	0	\N	\N	1	Sin definir	1	false	12	\N	\N	\N
745	1	33	MNMPPRODDMZ_API02	192.168.70.11	4	4	2018-04-04 18:26:10	2018-04-04 18:26:10	\N	MNMPPRODDMZ_API02	16384	153600	0	intel	2400	8	0	0	\N	\N	1	Sin definir	1	false	12	\N	\N	\N
746	1	33	MNMPPRODBE_API01	172.20.89.10	4	4	2018-04-04 18:26:10	2018-04-04 18:26:10	\N	MNMPPRODBE_API01	16384	153600	0	intel	2400	8	0	0	\N	\N	1	Sin definir	1	false	12	\N	\N	\N
747	1	33	MNMPPRODBE_API02	172.20.89.11	4	4	2018-04-04 18:26:10	2018-04-04 18:26:10	\N	MNMPPRODBE_API02	16384	153600	0	intel	2400	8	0	0	\N	\N	1	Sin definir	1	false	12	\N	\N	\N
748	1	33	MNCASPROD_API01	172.20.90.10	4	4	2018-04-04 18:26:10	2018-04-04 18:26:10	\N	MNCASPROD_API01	16384	307200	0	intel	2400	8	0	0	\N	\N	1	Sin definir	1	false	12	\N	\N	\N
749	1	33	MNCASPROD_API02	172.20.90.11	4	4	2018-04-04 18:26:10	2018-04-04 18:26:10	\N	MNCASPROD_API02	16384	307200	0	intel	2400	8	0	0	\N	\N	1	Sin definir	1	false	12	\N	\N	\N
750	1	33	MNCASPROD_API03	172.20.90.12	4	4	2018-04-04 18:26:10	2018-04-04 18:26:10	\N	MNCASPROD_API03	16384	307200	0	intel	2400	8	0	0	\N	\N	1	Sin definir	1	false	12	\N	\N	\N
751	1	33	MNAPPROD_API01	172.20.90.13	4	4	2018-04-04 18:26:10	2018-04-04 18:26:10	\N	MNAPPROD_API01	16384	1048576	0	intel	2400	8	0	0	\N	\N	1	Sin definir	1	false	12	\N	\N	\N
752	1	33	MNDEVPORPROD_API01	172.20.90.14	4	4	2018-04-04 18:26:10	2018-04-04 18:26:10	\N	MNDEVPORPROD_API01	2048	20480	0	intel	2400	2	0	0	\N	\N	1	Sin definir	1	false	12	\N	\N	\N
753	1	33	MNQSPROD_API01	172.20.90.15	4	4	2018-04-04 18:26:10	2018-04-04 18:26:10	\N	MNQSPROD_API01	8192	25600	0	intel	2400	4	0	0	\N	\N	1	Sin definir	1	false	12	\N	\N	\N
754	1	33	MNQSPROD_API02	172.20.90.16	4	4	2018-04-04 18:26:10	2018-04-04 18:26:10	\N	MNQSPROD_API02	8192	256000	0	intel	2400	4	0	0	\N	\N	1	Sin definir	1	false	12	\N	\N	\N
755	1	33	MNMSUPROD_API01	172.20.90.17	4	4	2018-04-04 18:26:10	2018-04-04 18:26:10	\N	MNMSUPROD_API01	4096	102400	0	intel	2400	2	0	0	\N	\N	1	Sin definir	1	false	12	\N	\N	\N
756	1	33	MNMPDEVDMZ_API01	192.168.60.12	4	4	2018-04-04 18:26:10	2018-04-04 18:26:10	\N	MNMPDEVDMZ_API01	16384	204800	0	intel	2400	8	0	0	\N	\N	4	Sin definir	1	false	12	\N	\N	\N
757	1	33	MNMPDEVDMZ_API02	192.168.60.13	4	4	2018-04-04 18:26:10	2018-04-04 18:26:10	\N	MNMPDEVDMZ_API02	16384	204800	0	intel	2400	8	0	0	\N	\N	4	Sin definir	1	false	12	\N	\N	\N
758	1	33	MNMPDEVBE_API01	172.20.34.20	4	4	2018-04-04 18:26:10	2018-04-04 18:26:10	\N	MNMPDEVBE_API01	16384	204800	0	intel	2400	8	0	0	\N	\N	4	Sin definir	1	false	12	\N	\N	\N
759	1	33	MNMPDEVBE_API02	172.20.34.21	4	4	2018-04-04 18:26:10	2018-04-04 18:26:10	\N	MNMPDEVBE_API02	16384	204800	0	intel	2400	8	0	0	\N	\N	4	Sin definir	1	false	12	\N	\N	\N
760	1	33	MNMSUDEV_API01	172.20.34.22	4	4	2018-04-04 18:26:10	2018-04-04 18:26:10	\N	MNMSUDEV_API01	16384	307200	0	intel	2400	8	0	0	\N	\N	4	Sin definir	1	false	12	\N	\N	\N
761	1	33	MNMSUDEV_API02	172.20.34.23	4	4	2018-04-04 18:26:10	2018-04-04 18:26:10	\N	MNMSUDEV_API02	16384	307200	0	intel	2400	8	0	0	\N	\N	4	Sin definir	1	false	12	\N	\N	\N
763	1	33	MNAPDEV_API02	172.20.34.25	4	4	2018-04-04 18:26:10	2018-04-04 18:26:10	\N	MNAPDEV_API02	4096	204800	0	intel	2400	8	0	0	\N	\N	4	Sin definir	1	false	12	\N	\N	\N
764	1	34	MNREPPIVPROD_API01	172.20.34.49	4	4	2018-04-04 18:26:10	2018-04-04 18:26:10	\N	MNREPPIVPROD_API01	4096	102400	0	intel	2400	1	0	0	\N	\N	1	Sin definir	2	false	12	\N	\N	\N
765	1	45	MNBIDEV_001	172.20.16.25	4	4	2018-04-04 18:26:10	2018-04-04 18:26:10	\N	MNBIDEV_001	8192	102400	0	intel	2400	4	0	0	\N	\N	4	Sin definir	2	false	14	\N	\N	\N
766	1	45	MNDATASTAGEPROD_001	172.20.34.50	4	4	2018-04-04 18:26:10	2018-04-04 18:26:10	\N	MNDATASTAGEPROD_001	16384	51200	0	intel	2400	2	0	0	\N	\N	1	Sin definir	2	false	14	\N	\N	\N
767	1	31	MNINFOSPHERESTREAMS_001	172.20.34.51	4	4	2018-04-04 18:26:10	2018-04-04 18:26:10	\N	MNINFOSPHERESTREAMS_001	16384	143360	0	intel	2400	1	0	0	\N	\N	1	Sin definir	2	false	14	\N	\N	\N
768	1	45	MNCOGNOSBIPROD_001	172.20.34.52	4	4	2018-04-04 18:26:10	2018-04-04 18:26:10	\N	MNCOGNOSBIPROD_001	32768	102400	0	intel	2400	4	0	0	\N	\N	1	Sin definir	2	false	14	\N	\N	\N
769	1	45	MNSPSSSTATICS_CLIENT_001	172.20.34.53	4	4	2018-04-04 18:26:10	2018-04-04 18:26:10	\N	MNSPSSSTATICS_CLIENT_001	32768	51200	0	intel	2400	2	0	0	\N	\N	1	Sin definir	2	false	14	\N	\N	\N
770	1	47	MNCOMGESDEV_001	172.20.8.17	4	4	2018-04-04 18:26:10	2018-04-04 18:26:10	\N	MNCOMGESDEV_001	18432	204800	0	intel	2400	2	0	0	\N	\N	4	Sin definir	2	false	15	\N	\N	\N
771	1	33	MNACTIVEMQDEV_001	172.20.8.18	4	4	2018-04-04 18:26:10	2018-04-04 18:26:10	\N	MNACTIVEMQDEV_001	4096	107520	0	intel	2400	2	0	0	\N	\N	4	Sin definir	2	false	14	\N	\N	\N
772	1	27	MNMINSAL_PROD	192.168.20.13 	4	4	2018-04-04 18:26:10	2018-04-04 18:26:10	\N	MNMINSAL_PROD	8192	133120	0	intel	2400	2	0	0	\N	\N	1	Sin definir	2	false	15	\N	\N	\N
773	1	52	MNOIRS_PROD	192.168.20.14	4	4	2018-04-04 18:26:10	2018-04-04 18:26:10	\N	MNOIRS_PROD	12288	512000	0	intel	2400	8	0	0	\N	\N	1	Sin definir	2	false	15	\N	\N	\N
774	1	33	MNSFTPL_PROD	192.168.20.15	4	4	2018-04-04 18:26:10	2018-04-04 18:26:10	\N	MNSFTPL_PROD	8192	81920	0	intel	2400	4	0	0	\N	\N	4	Sin definir	2	false	15	\N	\N	\N
775	1	46	MNOIRS_DEV	172.20.16.18	4	4	2018-04-04 18:26:10	2018-04-04 18:26:10	\N	MNOIRS_DEV	12288	307200	0	intel	2400	8	0	0	\N	\N	4	Sin definir	2	false	15	\N	\N	\N
776	1	53	MNMINSAL_BD_DEV	172.20.64.21	4	4	2018-04-04 18:26:10	2018-04-04 18:26:10	\N	MNMINSAL_BD_DEV	8192	102400	0	intel	2400	4	0	0	\N	\N	4	Sin definir	2	false	15	\N	\N	\N
777	1	46	MNOIRS_BD_DEV	172.20.64.22	4	4	2018-04-04 18:26:10	2018-04-04 18:26:10	\N	MNOIRS_BD_DEV	8192	358400	0	intel	2400	4	0	0	\N	\N	4	Sin definir	2	false	15	\N	\N	\N
778	1	45	MNWSUSMINSAL_001	172.20.6.10	4	4	2018-04-04 18:26:10	2018-04-04 18:26:10	\N	MNWSUSMINSAL_001	12288	51200	0	intel	2400	4	0	0	\N	\N	1	Sin definir	2	false	16	\N	\N	\N
779	1	41	MNPROXYBKPVM_001	172.20.33.20	4	4	2018-04-04 18:26:10	2018-04-04 18:26:10	\N	MNPROXYBKPVM_001	16384	81920	0	intel	2400	2	0	0	\N	\N	1	Sin definir	2	false	16	\N	\N	\N
780	1	17	MNNESSUSCONV_001	192.168.20.12	4	4	2018-04-04 18:26:10	2018-04-04 18:26:10	\N	MNNESSUSCONV_001	16384	112640	0	intel	2400	4	0	0	\N	\N	1	Sin definir	2	false	16	\N	\N	\N
781	1	33	MNACTIVEMQQA_001	172.20.8.22	4	4	2018-04-04 18:26:10	2018-04-04 18:26:10	\N	MNACTIVEMQQA_001	8192	194560	0	intel	2400	6	0	0	\N	\N	3	Sin definir	2	false	14	\N	\N	\N
783	1	33	MNACTIVEMQPROD_002	172.20.6.12	4	4	2018-04-04 18:26:10	2018-04-04 18:26:10	\N	MNACTIVEMQPROD_002	16384	194560	0	intel	2400	8	0	0	\N	\N	1	Sin definir	2	false	14	\N	\N	\N
784	1	45	MNWSUSMINSAL_002	172.20.6.13	4	4	2018-04-04 18:26:10	2018-04-04 18:26:10	\N	MNWSUSMINSAL_002	12288	51200	0	intel	2400	4	0	0	\N	\N	1	Sin definir	2	false	16	\N	\N	\N
785	1	45	MNWSUSMINSAL_003	172.20.6.14	4	4	2018-04-04 18:26:10	2018-04-04 18:26:10	\N	MNWSUSMINSAL_003	12288	51200	0	intel	2400	4	0	0	\N	\N	1	Sin definir	2	false	16	\N	\N	\N
786	1	33	MNCMDBDEV_ZEKE	172.20.16.19	4	4	2018-04-04 18:26:10	2018-04-04 18:26:10	\N	MNCMDBDEV_ZEKE	16384	173056	0	intel	2400	8	0	0	\N	\N	4	Sin definir	2	false	16	\N	\N	\N
787	1	15	MNTRANSPARENCIA_QA	172.20.8.23	4	4	2018-04-04 18:26:10	2018-04-04 18:26:10	\N	MNTRANSPARENCIA_QA	2048	337920	0	intel	2400	2	0	0	\N	\N	3	Sin definir	2	false	15	\N	\N	\N
788	1	33	MNCOMGESBD_PROD	172.20.6.15	4	4	2018-04-04 18:26:10	2018-04-04 18:26:10	\N	MNCOMGESBD_PROD	8192	197632	0	intel	2400	2	0	0	\N	\N	1	Sin definir	2	false	15	\N	\N	\N
789	1	27	MNSEMANTIKOSAPP_DEV	172.20.16.26	4	4	2018-04-04 18:26:10	2018-04-04 18:26:10	\N	MNSEMANTIKOSAPP_DEV	4096	34816	0	intel	2400	2	0	0	\N	\N	4	Sin definir	2	false	17	\N	\N	\N
790	1	27	MNSEMANTIKOSWEB_DEV	192.168.60.14	4	4	2018-04-04 18:26:10	2018-04-04 18:26:10	\N	MNSEMANTIKOSWEB_DEV	4096	34816	0	intel	2400	2	0	0	\N	\N	4	Sin definir	2	false	17	\N	\N	\N
792	1	27	MNSEMANTIKOSAPP002_QA	172.20.8.26	4	4	2018-04-04 18:26:10	2018-04-04 18:26:10	\N	MNSEMANTIKOSAPP002_QA	8192	55296	0	intel	2400	4	0	0	\N	\N	3	Sin definir	2	false	17	\N	\N	\N
793	1	27	MNSEMANTIKOSWEB001_QA	192.168.10.54	4	4	2018-04-04 18:26:10	2018-04-04 18:26:10	\N	MNSEMANTIKOSWEB001_QA	4096	34816	0	intel	2400	2	0	0	\N	\N	3	Sin definir	2	false	17	\N	\N	\N
794	1	27	MNSEMANTIKPSWEB002_QA	192.168.10.55	4	4	2018-04-04 18:26:10	2018-04-04 18:26:10	\N	MNSEMANTIKPSWEB002_QA	4096	34816	0	intel	2400	2	0	0	\N	\N	3	Sin definir	2	false	17	\N	\N	\N
795	1	43	MSMOTORSQL_PROD	172.20.64.24	4	4	2018-04-04 18:26:10	2018-04-04 18:26:10	\N	MSMOTORSQL_PROD	32768	51200	0	intel	2400	8	0	0	\N	\N	1	Sin definir	2	false	15	\N	\N	\N
796	1	45	MNGALILEO_APP1_PROD	172.20.33.30	4	4	2018-04-04 18:26:10	2018-04-04 18:26:10	\N	MNGALILEO_APP1_PROD	8192	122880	0	intel	2400	4	0	0	\N	\N	1	Sin definir	2	false	19	\N	\N	\N
797	1	33	MNMONGO_PROD	172.20.33.25	4	4	2018-04-04 18:26:10	2018-04-04 18:26:10	\N	MNMONGO_PROD	4096	153600	0	intel	2400	4	0	0	\N	\N	1	Sin definir	2	false	19	\N	\N	\N
798	1	33	MNPROXY2_PROD	192.168.70.21	4	4	2018-04-04 18:26:10	2018-04-04 18:26:10	\N	MNPROXY2_PROD	4096	51200	0	intel	2400	4	0	0	\N	\N	1	Sin definir	2	false	19	\N	\N	\N
799	1	33	MNSESIONSRV_PROD	172.20.33.32	4	4	2018-04-04 18:26:10	2018-04-04 18:26:10	\N	MNSESIONSRV_PROD	4096	51200	0	intel	2400	4	0	0	\N	\N	1	Sin definir	2	false	19	\N	\N	\N
800	1	45	MNGALILEO_APP2_PROD	172.20.33.29	4	4	2018-04-04 18:26:10	2018-04-04 18:26:10	\N	MNGALILEO_APP2_PROD	8192	122880	0	intel	2400	4	0	0	\N	\N	1	Sin definir	2	false	19	\N	\N	\N
801	1	33	MNPROXY1_PROD	192.168.70.22	4	4	2018-04-04 18:26:10	2018-04-04 18:26:10	\N	MNPROXY1_PROD	4096	51200	0	intel	2400	4	0	0	\N	\N	1	Sin definir	2	false	19	\N	\N	\N
802	1	33	MNPROXYGALILEO_PROD	192.168.70.20	4	4	2018-04-04 18:26:10	2018-04-04 18:26:10	\N	MNPROXYGALILEO_PROD	4096	51200	0	intel	2400	4	0	0	\N	\N	1	Sin definir	2	false	19	\N	\N	\N
803	1	45	MNSINETSFTP_PROD	172.20.33.31	4	4	2018-04-04 18:26:10	2018-04-04 18:26:10	\N	MNSINETSFTP_PROD	4096	131072	0	intel	2400	4	0	0	\N	\N	1	Sin definir	2	false	19	\N	\N	\N
804	1	45	MNSINETSUR_APP1_PROD	172.20.33.28	4	4	2018-04-04 18:26:10	2018-04-04 18:26:10	\N	MNSINETSUR_APP1_PROD	8192	128000	0	intel	2400	4	0	0	\N	\N	1	Sin definir	2	false	19	\N	\N	\N
805	1	45	MNSINETSUR_APP2_PROD	172.20.33.27	4	4	2018-04-04 18:26:10	2018-04-04 18:26:10	\N	MNSINETSUR_APP2_PROD	8192	128000	0	intel	2400	4	0	0	\N	\N	1	Sin definir	2	false	19	\N	\N	\N
806	1	45	MNSINETSUR_APP3_PROD	172.20.33.26	4	4	2018-04-04 18:26:10	2018-04-04 18:26:10	\N	MNSINETSUR_APP3_PROD	8192	128000	0	intel	2400	4	0	0	\N	\N	1	Sin definir	2	false	19	\N	\N	\N
807	1	49	MNSEGSIDA_PROD	192.168.70.23	4	4	2018-04-04 18:26:10	2018-04-04 18:26:10	\N	MNSEGSIDA_PROD	32768	51200	0	intel	2400	4	0	0	\N	\N	1	Sin definir	2	false	15	\N	\N	\N
808	1	45	MNGALILEO_APP1_DEV	172.20.33.40	4	4	2018-04-04 18:26:10	2018-04-04 18:26:10	\N	MNGALILEO_APP1_DEV	8192	122880	0	intel	2400	4	0	0	\N	\N	4	Sin definir	2	false	19	\N	\N	\N
809	1	33	MNMONGO_DEV	172.20.33.41	4	4	2018-04-04 18:26:10	2018-04-04 18:26:10	\N	MNMONGO_DEV	4096	153600	0	intel	2400	4	0	0	\N	\N	4	Sin definir	2	false	19	\N	\N	\N
810	1	33	MNPROXY2_DEV	192.168.70.30	4	4	2018-04-04 18:26:10	2018-04-04 18:26:10	\N	MNPROXY2_DEV	4096	51200	0	intel	2400	4	0	0	\N	\N	4	Sin definir	2	false	19	\N	\N	\N
811	1	33	MNSESIONSRV_DEV	172.20.33.42	4	4	2018-04-04 18:26:10	2018-04-04 18:26:10	\N	MNSESIONSRV_DEV	4096	51200	0	intel	2400	4	0	0	\N	\N	4	Sin definir	2	false	19	\N	\N	\N
812	1	45	MNGALILEO_APP2_DEV	172.20.33.43	4	4	2018-04-04 18:26:10	2018-04-04 18:26:10	\N	MNGALILEO_APP2_DEV	8192	122880	0	intel	2400	4	0	0	\N	\N	4	Sin definir	2	false	19	\N	\N	\N
813	1	33	MNPROXY1_DEV	192.168.70.31	4	4	2018-04-04 18:26:10	2018-04-04 18:26:10	\N	MNPROXY1_DEV	4096	51200	0	intel	2400	4	0	0	\N	\N	4	Sin definir	2	false	19	\N	\N	\N
814	1	33	MNPROXYGALILEO_DEV	192.168.70.32	4	4	2018-04-04 18:26:10	2018-04-04 18:26:10	\N	MNPROXYGALILEO_DEV	4096	51200	0	intel	2400	4	0	0	\N	\N	4	Sin definir	2	false	19	\N	\N	\N
815	1	45	MNSINETSFTP_DEV	172.20.33.44	4	4	2018-04-04 18:26:10	2018-04-04 18:26:10	\N	MNSINETSFTP_DEV	4096	131072	0	intel	2400	4	0	0	\N	\N	4	Sin definir	2	false	19	\N	\N	\N
817	1	45	MNSINETSUR_APP2_DEV	172.20.33.46	4	4	2018-04-04 18:26:10	2018-04-04 18:26:10	\N	MNSINETSUR_APP2_DEV	8192	128000	0	intel	2400	4	0	0	\N	\N	4	Sin definir	2	false	19	\N	\N	\N
818	1	45	MNSINETSUR_APP3_DEV	172.20.33.47	4	4	2018-04-04 18:26:10	2018-04-04 18:26:10	\N	MNSINETSUR_APP3_DEV	8192	128000	0	intel	2400	4	0	0	\N	\N	4	Sin definir	2	false	19	\N	\N	\N
819	1	49	MNSEGSIDA_DEV	172.20.16.30	4	4	2018-04-04 18:26:10	2018-04-04 18:26:10	\N	MNSEGSIDA_DEV	32768	51200	0	intel	2400	4	0	0	\N	\N	4	Sin definir	2	false	15	\N	\N	\N
820	1	17	MNTRANSPARENCIA_PROD	192.168.70.15	4	4	2018-04-04 18:26:10	2018-04-04 18:26:10	\N	MNTRANSPARENCIA_PROD	12288	337920	0	intel	2400	4	0	0	\N	\N	1	Sin definir	2	false	15	\N	\N	\N
821	1	49	MNSEGSIDA_QA	172.20.8.27	4	4	2018-04-04 18:26:10	2018-04-04 18:26:10	\N	MNSEGSIDA_QA	32768	51200	0	intel	2400	4	0	0	\N	\N	3	Sin definir	2	false	15	\N	\N	\N
822	1	28	MNCOMPINAPP_PROD	192.168.70.26	4	4	2018-04-04 18:26:10	2018-04-04 18:26:10	\N	MNCOMPINAPP_PROD	16384	112640	0	intel	2400	4	0	0	\N	\N	1	Sin definir	2	false	15	\N	\N	\N
823	1	28	MNCOMPINBD_PROD	172.20.64.26	4	4	2018-04-04 18:26:10	2018-04-04 18:26:10	\N	MNCOMPINBD_PROD	49152	266240	0	intel	2400	6	0	0	\N	\N	1	Sin definir	2	false	15	\N	\N	\N
824	1	28	MNCOMPINIMG_PROD	172.20.6.19	4	4	2018-04-04 18:26:10	2018-04-04 18:26:10	\N	MNCOMPINIMG_PROD	4096	624640	0	intel	2400	2	0	0	\N	\N	1	Sin definir	2	false	15	\N	\N	\N
825	1	27	MNSEMANTIKOSAPP003_QA	172.20.8.100	4	4	2018-04-04 18:26:10	2018-04-04 18:26:10	\N	MNSEMANTIKOSAPP003_QA	8192	55296	0	intel	2400	4	0	0	\N	\N	3	Sin definir	2	false	17	\N	\N	\N
827	1	43	MNRESPIRATIOAPP_QA	192.168.10.40	4	4	2018-04-04 18:26:10	2018-04-04 18:26:10	\N	MNRESPIRATIOAPP_QA	16384	409600	0	intel	2400	8	0	0	\N	\N	3	Sin definir	2	false	15	\N	\N	\N
828	1	43	MNRESPIRATIOAPP_PROD	192.168.70.40	4	4	2018-04-04 18:26:10	2018-04-04 18:26:10	\N	MNRESPIRATIOAPP_PROD	16384	409600	0	intel	2400	8	0	0	\N	\N	1	Sin definir	2	false	15	\N	\N	\N
829	1	17	MNSIDOTAPP_QA	192.168.10.30	4	4	2018-04-04 18:26:10	2018-04-04 18:26:10	\N	MNSIDOTAPP_QA	12288	133120	0	intel	2400	6	0	0	\N	\N	3	Sin definir	2	false	15	\N	\N	\N
830	1	51	MNSURVIHAPP_QA	192.168.10.41	4	4	2018-04-04 18:26:10	2018-04-04 18:26:10	\N	MNSURVIHAPP_QA	4096	61440	0	intel	2400	4	0	0	\N	\N	3	Sin definir	2	false	20	\N	\N	\N
831	1	14	MNSIMPO_QA	192.168.10.42	4	4	2018-04-04 18:26:10	2018-04-04 18:26:10	\N	MNSIMPO_QA	1024	51200	0	intel	2400	1	0	0	\N	\N	3	Sin definir	2	false	15	\N	\N	\N
832	1	49	MNSIGTE_SOAP_DEV	172.20.16.40	4	4	2018-04-04 18:26:10	2018-04-04 18:26:10	\N	MNSIGTE_SOAP_DEV	2048	20480	0	intel	2400	2	0	0	\N	\N	4	Sin definir	2	false	15	\N	\N	\N
833	1	49	MNSIGTE_WEB_DEV	172.20.16.41	4	4	2018-04-04 18:26:10	2018-04-04 18:26:10	\N	MNSIGTE_WEB_DEV	2048	20480	0	intel	2400	2	0	0	\N	\N	4	Sin definir	2	false	15	\N	\N	\N
834	1	41	MNPRAIS_APP_QA	192.168.10.20	4	4	2018-04-04 18:26:10	2018-04-04 18:26:10	\N	MNPRAIS_APP_QA	8192	81920	0	intel	2400	2	0	0	\N	\N	3	Sin definir	2	false	15	\N	\N	\N
835	1	49	MNDCM4CHEEAPP_PROD	192.168.70.38	4	4	2018-04-04 18:26:10	2018-04-04 18:26:10	\N	MNDCM4CHEEAPP_PROD	32768	2097152	0	intel	2400	8	0	0	\N	\N	1	Sin definir	2	false	18	\N	\N	\N
836	1	51	MNSURVIHAPP_PROD	192.168.70.34	4	4	2018-04-04 18:26:10	2018-04-04 18:26:10	\N	MNSURVIHAPP_PROD	4096	102400	0	intel	2400	4	0	0	\N	\N	1	Sin definir	2	false	20	\N	\N	\N
837	1	49	MNPCRONICOS_QA	192.168.10.56	4	4	2018-04-04 18:26:10	2018-04-04 18:26:10	\N	MNPCRONICOS_QA	4096	204800	0	intel	2400	4	0	0	\N	\N	3	Sin definir	2	false	18	\N	\N	\N
838	1	49	MNBDMYSQL_QA	172.20.8.30	4	4	2018-04-04 18:26:10	2018-04-04 18:26:10	\N	MNBDMYSQL_QA	4096	307200	0	intel	2400	4	0	0	\N	\N	3	Sin definir	2	false	15	\N	\N	\N
839	1	16	MNSISCOM_PROD	192.168.70.33	4	4	2018-04-04 18:26:10	2018-04-04 18:26:10	\N	MNSISCOM_PROD	16384	102400	0	intel	2400	4	0	0	\N	\N	1	Sin definir	2	false	15	\N	\N	\N
840	1	51	MSSAMU_APP1_PROD	192.168.70.36	4	4	2018-04-04 18:26:10	2018-04-04 18:26:10	\N	MSSAMU_APP1_PROD	4096	66560	0	intel	2400	2	0	0	\N	\N	1	Sin definir	2	false	15	\N	\N	\N
841	1	51	MSSAMU_APP2_PROD	192.168.70.35	4	4	2018-04-04 18:26:10	2018-04-04 18:26:10	\N	MSSAMU_APP2_PROD	4096	71680	0	intel	2400	2	0	0	\N	\N	1	Sin definir	2	false	15	\N	\N	\N
842	1	43	MNSIRHFE_APP1_DEV	192.168.60.15	4	4	2018-04-04 18:26:10	2018-04-04 18:26:10	\N	MNSIRHFE_APP1_DEV	16384	204800	0	intel	2400	4	0	0	\N	\N	4	Sin definir	2	false	21	\N	\N	\N
843	1	43	MNSIRHBE_APP1_DEV	172.20.16.42	4	4	2018-04-04 18:26:10	2018-04-04 18:26:10	\N	MNSIRHBE_APP1_DEV	16384	204800	0	intel	2400	4	0	0	\N	\N	4	Sin definir	2	false	21	\N	\N	\N
844	1	16	MNTSSOAP_PROD	172.20.6.20	4	4	2018-04-04 18:26:10	2018-04-04 18:26:10	\N	MNTSSOAP_PROD	8192	40960	0	intel	2400	8	0	0	\N	\N	1	Sin definir	2	false	15	\N	\N	\N
845	1	16	MNTSSOAP002_PROD	172.20.6.40	4	4	2018-04-04 18:26:10	2018-04-04 18:26:10	\N	MNTSSOAP002_PROD	8192	40960	0	intel	2400	8	0	0	\N	\N	1	Sin definir	2	false	15	\N	\N	\N
846	1	16	MNTSCRON001_PROD	172.20.6.41	4	4	2018-04-04 18:26:10	2018-04-04 18:26:10	\N	MNTSCRON001_PROD	32768	40960	0	intel	2400	8	0	0	\N	\N	1	Sin definir	2	false	15	\N	\N	\N
847	1	16	MNTSWEB_PROD	192.168.70.37	4	4	2018-04-04 18:26:10	2018-04-04 18:26:10	\N	MNTSWEB_PROD	4096	30720	0	intel	2400	4	0	0	\N	\N	1	Sin definir	2	false	15	\N	\N	\N
848	1	16	MNTSWEB002_PROD	192.168.70.56	4	4	2018-04-04 18:26:10	2018-04-04 18:26:10	\N	MNTSWEB002_PROD	4096	30720	0	intel	2400	4	0	0	\N	\N	1	Sin definir	2	false	15	\N	\N	\N
849	1	17	MNGESBO_PROD	192.168.70.41	4	4	2018-04-04 18:26:10	2018-04-04 18:26:10	\N	MNGESBO_PROD	8192	153600	0	intel	2400	4	0	0	\N	\N	1	Sin definir	2	false	18	\N	\N	\N
850	1	49	MNGESBO_DEV	192.168.60.16	4	4	2018-04-04 18:26:10	2018-04-04 18:26:10	\N	MNGESBO_DEV	8192	153600	0	intel	2400	4	0	0	\N	\N	4	Sin definir	2	false	18	\N	\N	\N
852	1	16	MNTSSOAP_QA	172.20.8.32	4	4	2018-04-04 18:26:10	2018-04-04 18:26:10	\N	MNTSSOAP_QA	4096	40960	0	intel	2400	4	0	0	\N	\N	3	Sin definir	2	false	15	\N	\N	\N
853	1	16	MNTSWEB_QA	192.168.10.58	4	4	2018-04-04 18:26:10	2018-04-04 18:26:10	\N	MNTSWEB_QA	4096	30720	0	intel	2400	4	0	0	\N	\N	3	Sin definir	2	false	15	\N	\N	\N
854	1	49	MNSIACPORTAL_PROD	192.168.70.42	4	4	2018-04-04 18:26:10	2018-04-04 18:26:10	\N	MNSIACPORTAL_PROD	2048	21504	0	intel	2400	2	0	0	\N	\N	1	Sin definir	2	false	22	\N	\N	\N
855	1	49	MNSIACENC_PROD	192.168.70.43	4	4	2018-04-04 18:26:10	2018-04-04 18:26:10	\N	MNSIACENC_PROD	2048	21504	0	intel	2400	2	0	0	\N	\N	1	Sin definir	2	false	22	\N	\N	\N
856	1	49	MNSIACAPPBACK_PROD	192.168.70.44	4	4	2018-04-04 18:26:10	2018-04-04 18:26:10	\N	MNSIACAPPBACK_PROD	16384	81920	0	intel	2400	8	0	0	\N	\N	1	Sin definir	2	false	22	\N	\N	\N
857	1	49	MNSIACAPPBD_PROD	1.1.1.1	4	4	2018-04-04 18:26:10	2018-04-04 18:26:10	\N	MNSIACAPPBD_PROD	16384	81920	0	intel	2400	8	0	0	\N	\N	1	Sin definir	2	false	22	\N	\N	\N
858	1	49	MNSIACPORTAL_QA	192.168.10.60	4	4	2018-04-04 18:26:10	2018-04-04 18:26:10	\N	MNSIACPORTAL_QA	2048	21504	0	intel	2400	2	0	0	\N	\N	3	Sin definir	2	false	22	\N	\N	\N
859	1	49	MNSIACENC_QA	192.168.10.61 	4	4	2018-04-04 18:26:10	2018-04-04 18:26:10	\N	MNSIACENC_QA	2048	21504	0	intel	2400	2	0	0	\N	\N	3	Sin definir	2	false	22	\N	\N	\N
860	1	49	MNSIACAPPBACK_QA	192.168.10.62 	4	4	2018-04-04 18:26:10	2018-04-04 18:26:10	\N	MNSIACAPPBACK_QA	16384	81920	0	intel	2400	8	0	0	\N	\N	3	Sin definir	2	false	22	\N	\N	\N
861	1	49	MNSIACAPPBD_QA	172.20.8.28	4	4	2018-04-04 18:26:10	2018-04-04 18:26:10	\N	MNSIACAPPBD_QA	16384	81920	0	intel	2400	8	0	0	\N	\N	3	Sin definir	2	false	22	\N	\N	\N
862	1	17	MNCANASTAS_PROD	192.168.70.45	4	4	2018-04-04 18:26:10	2018-04-04 18:26:10	\N	MNCANASTAS_PROD	4096	40960	0	intel	2400	2	0	0	\N	\N	3	Sin definir	2	false	15	\N	\N	\N
863	1	17	MNCANASTAS_QA	192.168.10.63	4	4	2018-04-04 18:26:10	2018-04-04 18:26:10	\N	MNCANASTAS_QA	4096	40960	0	intel	2400	2	0	0	\N	\N	3	Sin definir	2	false	15	\N	\N	\N
864	1	17	MNJEMETER001_QA	172.20.8.33	4	4	2018-04-04 18:26:10	2018-04-04 18:26:10	\N	MNJEMETER001_QA	4096	40960	0	intel	2400	4	0	0	\N	\N	3	Sin definir	2	false	18	\N	\N	\N
865	1	17	MNJEMETER002_QA	172.20.8.34	4	4	2018-04-04 18:26:10	2018-04-04 18:26:10	\N	MNJEMETER002_QA	4096	40960	0	intel	2400	4	0	0	\N	\N	3	Sin definir	2	false	18	\N	\N	\N
866	1	17	MNCL1_MANAGEMENT_NODE_QA	172.20.8.35	4	4	2018-04-04 18:26:10	2018-04-04 18:26:10	\N	MNCL1_MANAGEMENT_NODE_QA	4096	15360	0	intel	2400	2	0	0	\N	\N	3	Sin definir	2	false	15	\N	\N	\N
867	1	17	MNCL1_MYSQL_NODE_1_QA	172.20.8.36	4	4	2018-04-04 18:26:10	2018-04-04 18:26:10	\N	MNCL1_MYSQL_NODE_1_QA	8192	15360	0	intel	2400	4	0	0	\N	\N	3	Sin definir	2	false	15	\N	\N	\N
868	1	17	MNCL1_MYSQL_NODE_2_QA	172.20.8.37	4	4	2018-04-04 18:26:10	2018-04-04 18:26:10	\N	MNCL1_MYSQL_NODE_2_QA	8192	15360	0	intel	2400	4	0	0	\N	\N	3	Sin definir	2	false	15	\N	\N	\N
869	1	17	MNCL1_DATA_NODE_1_QA	172.20.8.38	4	4	2018-04-04 18:26:10	2018-04-04 18:26:10	\N	MNCL1_DATA_NODE_1_QA	4096	25600	0	intel	2400	2	0	0	\N	\N	3	Sin definir	2	false	15	\N	\N	\N
871	1	17	MNWRDPRSS_QA	192.168.10.64	4	4	2018-04-04 18:26:10	2018-04-04 18:26:10	\N	MNWRDPRSS_QA	4096	15360	0	intel	2400	2	0	0	\N	\N	3	Sin definir	2	false	15	\N	\N	\N
872	1	33	MNACTIVEMQQA_001_PM	172.20.8.41	4	4	2018-04-04 18:26:10	2018-04-04 18:26:10	\N	MNACTIVEMQQA_001_PM	8192	194560	0	intel	2400	6	0	0	\N	\N	3	Sin definir	2	false	14	\N	\N	\N
873	1	33	MNACTIVEMQPROD_001_PM	172.20.6.22	4	4	2018-04-04 18:26:10	2018-04-04 18:26:10	\N	MNACTIVEMQPROD_001_PM	16384	194560	0	intel	2400	8	0	0	\N	\N	1	Sin definir	2	false	14	\N	\N	\N
874	1	33	MNACTIVEMQPROD_002_PM	172.20.6.23	4	4	2018-04-04 18:26:10	2018-04-04 18:26:10	\N	MNACTIVEMQPROD_002_PM	16384	194560	0	intel	2400	8	0	0	\N	\N	1	Sin definir	2	false	14	\N	\N	\N
875	1	43	MNBITABLEAUPROD_001	192.168.70.46	4	4	2018-04-04 18:26:10	2018-04-04 18:26:10	\N	MNBITABLEAUPROD_001	65536	204800	0	intel	2400	8	0	0	\N	\N	1	Sin definir	2	false	29	\N	\N	\N
876	1	17	MNALFRESCOSIRHDEV_001	192.168.60.17	4	4	2018-04-04 18:26:10	2018-04-04 18:26:10	\N	MNALFRESCOSIRHDEV_001	4096	40960	0	intel	2400	4	0	0	\N	\N	4	Sin definir	2	false	21	\N	\N	\N
877	1	28	MNCOMPINAPP002_PROD	192.168.70.51	4	4	2018-04-04 18:26:10	2018-04-04 18:26:10	\N	MNCOMPINAPP002_PROD	16384	68608	0	intel	2400	4	0	0	\N	\N	1	Sin definir	2	false	15	\N	\N	\N
878	1	33	MNRME001_QA	172.20.8.90	4	4	2018-04-04 18:26:10	2018-04-04 18:26:10	\N	MNRME001_QA	32768	204800	0	intel	2400	8	0	0	\N	\N	3	Sin definir	2	false	15	\N	\N	\N
879	1	49	MNAPPPORPA001_PROD	192.168.70.52	4	4	2018-04-04 18:26:10	2018-04-04 18:26:10	\N	MNAPPPORPA001_PROD	24576	61440	0	intel	2400	8	0	0	\N	\N	1	Sin definir	2	false	18	\N	\N	\N
880	1	49	MNAPPPORPA002_PROD	192.168.70.53	4	4	2018-04-04 18:26:10	2018-04-04 18:26:10	\N	MNAPPPORPA002_PROD	24576	61440	0	intel	2400	8	0	0	\N	\N	1	Sin definir	2	false	18	\N	\N	\N
881	1	49	MNELASTICSEARCH001_PROD	192.168.70.54	4	4	2018-04-04 18:26:10	2018-04-04 18:26:10	\N	MNELASTICSEARCH001_PROD	32768	102400	0	intel	2400	8	0	0	\N	\N	1	Sin definir	2	false	18	\N	\N	\N
882	1	49	MNSTAGING001_PROD	192.168.70.55	4	4	2018-04-04 18:26:10	2018-04-04 18:26:10	\N	MNSTAGING001_PROD	24576	215040	0	intel	2400	8	0	0	\N	\N	1	Sin definir	2	false	18	\N	\N	\N
883	1	49	MNPORPA01_QA	192.168.10.17	4	4	2018-04-04 18:26:10	2018-04-04 18:26:10	\N	MNPORPA01_QA	24576	102400	0	intel	2400	8	0	0	\N	\N	1	Sin definir	2	false	18	\N	\N	\N
884	1	17	MNCL1_MANAGEMENT_NODE_PROD	172.20.6.23	4	4	2018-04-04 18:26:10	2018-04-04 18:26:10	\N	MNCL1_MANAGEMENT_NODE_PROD	4096	15360	0	intel	2400	2	0	0	\N	\N	1	Sin definir	2	false	15	\N	\N	\N
885	1	17	MNCL1_MYSQL_NODE_1_PROD	172.20.6.24	4	4	2018-04-04 18:26:10	2018-04-04 18:26:10	\N	MNCL1_MYSQL_NODE_1_PROD	16384	15360	0	intel	2400	8	0	0	\N	\N	1	Sin definir	2	false	15	\N	\N	\N
886	1	17	MNCL1_DATA_NODE_1_PROD	172.20.6.25	4	4	2018-04-04 18:26:10	2018-04-04 18:26:10	\N	MNCL1_DATA_NODE_1_PROD	16384	409600	0	intel	2400	8	0	0	\N	\N	1	Sin definir	2	false	15	\N	\N	\N
887	1	17	MNCL1_MANAGEMENTPGQL_NODE_QA	172.20.8.42	4	4	2018-04-04 18:26:10	2018-04-04 18:26:10	\N	MNCL1_MANAGEMENTPGQL_NODE_QA	4096	15360	0	intel	2400	2	0	0	\N	\N	3	Sin definir	2	false	15	\N	\N	\N
888	1	17	MNCL1_PGQLPOOL_NODE_1_QA	172.20.8.43	4	4	2018-04-04 18:26:10	2018-04-04 18:26:10	\N	MNCL1_PGQLPOOL_NODE_1_QA	4096	15360	0	intel	2400	2	0	0	\N	\N	3	Sin definir	2	false	15	\N	\N	\N
890	1	17	MNCL1_PGQLDATA_NODE_1_QA	172.20.8.45	4	4	2018-04-04 18:26:10	2018-04-04 18:26:10	\N	MNCL1_PGQLDATA_NODE_1_QA	4096	15360	0	intel	2400	2	0	0	\N	\N	3	Sin definir	2	false	15	\N	\N	\N
891	1	17	MNCL1_PGQLDATA_NODE_2_QA	172.20.8.46	4	4	2018-04-04 18:26:10	2018-04-04 18:26:10	\N	MNCL1_PGQLDATA_NODE_2_QA	4096	15360	0	intel	2400	2	0	0	\N	\N	3	Sin definir	2	false	15	\N	\N	\N
892	1	17	MNCL1_PGQLPOOL_NODE_2_PROD	172.20.6.26	4	4	2018-04-04 18:26:10	2018-04-04 18:26:10	\N	MNCL1_PGQLPOOL_NODE_2_PROD	16384	20480	0	intel	2400	8	0	0	\N	\N	1	Sin definir	2	false	15	\N	\N	\N
893	1	17	MNCL1_PGQLDATA_NODE_2_PROD	172.20.6.27	4	4	2018-04-04 18:26:10	2018-04-04 18:26:10	\N	MNCL1_PGQLDATA_NODE_2_PROD	16384	102400	0	intel	2400	8	0	0	\N	\N	1	Sin definir	2	false	15	\N	\N	\N
894	1	33	MNHL7001_QA	172.20.8.47	4	4	2018-04-04 18:26:10	2018-04-04 18:26:10	\N	MNHL7001_QA	16384	153600	0	intel	2400	6	0	0	\N	\N	3	Sin definir	2	false	18	\N	\N	\N
895	1	33	MNHL7001_PROD	172.20.6.28	4	4	2018-04-04 18:26:10	2018-04-04 18:26:10	\N	MNHL7001_PROD	16384	256000	0	intel	2400	8	0	0	\N	\N	1	Sin definir	2	false	18	\N	\N	\N
896	1	54	MNBDSINETSUR001_PROD	172.20.64.33	4	4	2018-04-04 18:26:10	2018-04-04 18:26:10	\N	MNBDSINETSUR001_PROD	65536	0	0	intel	2400	8	0	0	\N	\N	1	Sin definir	2	false	19	\N	\N	\N
897	1	43	MNSNIP001_PROD	192.168.70.60	4	4	2018-04-04 18:26:10	2018-04-04 18:26:10	\N	MNSNIP001_PROD	8192	51200	0	intel	2400	4	0	0	\N	\N	1	Sin definir	2	false	18	\N	\N	\N
898	1	43	MNSISQSICARS_APP_QA	192.168.10.66	4	4	2018-04-04 18:26:10	2018-04-04 18:26:10	\N	MNSISQSICARS_APP_QA	16384	204800	0	intel	2400	8	0	0	\N	\N	3	Sin definir	2	false	23	\N	\N	\N
899	1	43	MNSISQSICARS_BD_QA	172.20.8.49	4	4	2018-04-04 18:26:10	2018-04-04 18:26:10	\N	MNSISQSICARS_BD_QA	8192	122880	0	intel	2400	4	0	0	\N	\N	3	Sin definir	2	false	23	\N	\N	\N
900	1	27	MNSEMANTIKOSAPP001_PROD	172.20.6.34	4	4	2018-04-04 18:26:10	2018-04-04 18:26:10	\N	MNSEMANTIKOSAPP001_PROD	8192	51200	0	intel	2400	4	0	0	\N	\N	1	Sin definir	2	false	17	\N	\N	\N
901	1	27	MNSEMANTIKOSAPP002_PROD	172.20.6.35	4	4	2018-04-04 18:26:10	2018-04-04 18:26:10	\N	MNSEMANTIKOSAPP002_PROD	8192	51200	0	intel	2400	4	0	0	\N	\N	1	Sin definir	2	false	17	\N	\N	\N
902	1	27	MNSEMANTIKOSWEB001_PROD	192.168.70.62	4	4	2018-04-04 18:26:10	2018-04-04 18:26:10	\N	MNSEMANTIKOSWEB001_PROD	4096	34816	0	intel	2400	2	0	0	\N	\N	1	Sin definir	2	false	17	\N	\N	\N
903	1	27	MNSEMANTIKOSWEB002_PROD	192.168.70.63	4	4	2018-04-04 18:26:10	2018-04-04 18:26:10	\N	MNSEMANTIKOSWEB002_PROD	4096	34816	0	intel	2400	2	0	0	\N	\N	1	Sin definir	2	false	17	\N	\N	\N
904	1	49	MNDCM4CHEEAPP_DEV	192.168.60.18	4	4	2018-04-04 18:26:10	2018-04-04 18:26:10	\N	MNDCM4CHEEAPP_DEV	32768	102400	0	intel	2400	8	0	0	\N	\N	4	Sin definir	2	false	18	\N	\N	\N
905	1	49	MNSIDOTAPP_PROD	192.168.70.64	4	4	2018-04-04 18:26:10	2018-04-04 18:26:10	\N	MNSIDOTAPP_PROD	4096	40960	0	intel	2400	2	0	0	\N	\N	1	Sin definir	2	false	15	\N	\N	\N
906	1	43	MNSISQ_SICARS_PROD	192.168.70.65	4	4	2018-04-04 18:26:10	2018-04-04 18:26:10	\N	MNSISQ_SICARS_PROD	34816	409600	0	intel	2400	16	0	0	\N	\N	1	Sin definir	2	false	23	\N	\N	\N
907	1	32	MNVIRTV-WHORHEL_PROD	192.168.70.66	4	4	2018-04-04 18:26:10	2018-04-04 18:26:10	\N	MNVIRTV-WHORHEL_PROD	8192	40960	0	intel	2400	4	0	0	\N	\N	1	Sin definir	2	false	16	\N	\N	\N
908	1	43	MNFLABORATORIOAPP001_QA	192.168.10.67	4	4	2018-04-04 18:26:10	2018-04-04 18:26:10	\N	MNFLABORATORIOAPP001_QA	8192	102400	0	intel	2400	2	0	0	\N	\N	3	Sin definir	2	false	18	\N	\N	\N
909	1	43	MNFLABORATORIOBD001_QA	172.20.8.51	4	4	2018-04-04 18:26:10	2018-04-04 18:26:10	\N	MNFLABORATORIOBD001_QA	8192	102400	0	intel	2400	2	0	0	\N	\N	3	Sin definir	2	false	18	\N	\N	\N
910	1	43	MNFLABORATORIOAPP001_DEV	192.168.60.19	4	4	2018-04-04 18:26:10	2018-04-04 18:26:10	\N	MNFLABORATORIOAPP001_DEV	8192	102400	0	intel	2400	2	0	0	\N	\N	4	Sin definir	2	false	18	\N	\N	\N
911	1	43	MNFLABORATORIOBD001_DEV	172.20.16.20	4	4	2018-04-04 18:26:10	2018-04-04 18:26:10	\N	MNFLABORATORIOBD001_DEV	8192	102400	0	intel	2400	2	0	0	\N	\N	4	Sin definir	2	false	18	\N	\N	\N
694	1	33	MNCASPROD_API01	172.20.34.10	4	4	2018-04-04 18:26:10	2018-04-04 18:26:10	\N	MNCASPROD_API01	16384	307200	0	intel	2400	8	0	0	\N	\N	1	E5-2699v3	1	false	12	\N	\N	\N
710	1	33	MNAMQPRO_AFIS01	172.20.34.26	4	4	2018-04-04 18:26:10	2018-04-04 18:26:10	\N	MNAMQPRO_AFIS01	32768	256000	0	intel	2400	8	0	0	\N	\N	1	E5-2699v3	1	false	13	\N	\N	\N
734	1	48	MNHadoop_DAT_2	172.20.34.44	4	4	2018-04-04 18:26:10	2018-04-04 18:26:10	\N	MNHadoop_DAT_2	32768	1048576	0	intel	2400	4	0	0	\N	\N	1	Sin definir	2	false	14	\N	\N	\N
738	1	17	MNQASEMANTIKOS_DB01	172.20.8.15	4	4	2018-04-04 18:26:10	2018-04-04 18:26:10	\N	MNQASEMANTIKOS_DB01	8192	112640	0	intel	2400	4	0	0	\N	\N	3	Sin definir	2	false	17	\N	\N	\N
762	1	33	MNAPDEV_API01	172.20.34.24	4	4	2018-04-04 18:26:10	2018-04-04 18:26:10	\N	MNAPDEV_API01	4096	204800	0	intel	2400	8	0	0	\N	\N	4	Sin definir	1	false	12	\N	\N	\N
782	1	33	MNACTIVEMQPROD_001	172.20.6.11	4	4	2018-04-04 18:26:10	2018-04-04 18:26:10	\N	MNACTIVEMQPROD_001	16384	194560	0	intel	2400	8	0	0	\N	\N	1	Sin definir	2	false	14	\N	\N	\N
791	1	27	MNSEMANTIKOSAPP001_QA	172.20.8.24	4	4	2018-04-04 18:26:10	2018-04-04 18:26:10	\N	MNSEMANTIKOSAPP001_QA	8192	55296	0	intel	2400	4	0	0	\N	\N	3	Sin definir	2	false	17	\N	\N	\N
816	1	45	MNSINETSUR_APP1_DEV	172.20.33.45	4	4	2018-04-04 18:26:10	2018-04-04 18:26:10	\N	MNSINETSUR_APP1_DEV	8192	128000	0	intel	2400	4	0	0	\N	\N	4	Sin definir	2	false	19	\N	\N	\N
826	1	27	MNSEMANTIKOSAPP004_QA	172.20.8.101	4	4	2018-04-04 18:26:10	2018-04-04 18:26:10	\N	MNSEMANTIKOSAPP004_QA	8192	55296	0	intel	2400	4	0	0	\N	\N	3	Sin definir	2	false	17	\N	\N	\N
851	1	49	MNGESBO_QA	192.168.10.57	4	4	2018-04-04 18:26:10	2018-04-04 18:26:10	\N	MNGESBO_QA	8192	153600	0	intel	2400	4	0	0	\N	\N	3	Sin definir	2	false	18	\N	\N	\N
870	1	17	MNCL1_DATA_NODE_2_QA	172.20.8.39	4	4	2018-04-04 18:26:10	2018-04-04 18:26:10	\N	MNCL1_DATA_NODE_2_QA	4096	25600	0	intel	2400	2	0	0	\N	\N	3	Sin definir	2	false	15	\N	\N	\N
889	1	17	MNCL1_PGQLPOOL_NODE_2_QA	172.20.8.44	4	4	2018-04-04 18:26:10	2018-04-04 18:26:10	\N	MNCL1_PGQLPOOL_NODE_2_QA	4096	15360	0	intel	2400	2	0	0	\N	\N	3	Sin definir	2	false	15	\N	\N	\N
912	1	17	MNGESDOCP_PROD	192.168.70.17	4	4	2018-04-04 18:26:10	2018-04-04 18:26:10	\N	MNGESDOCP_PROD	8192	512000	0	intel	2400	4	0	0	\N	\N	1	Sin definir	2	false	23	\N	\N	\N
913	1	17	MNGESDOCQA_QA	192.168.10.22	4	4	2018-04-04 18:26:10	2018-04-04 18:26:10	\N	MNGESDOCQA_QA	4096	204800	0	intel	2400	2	0	0	\N	\N	3	Sin definir	2	false	23	\N	\N	\N
914	1	45	MNRISAPP001_QA	192.168.10.23	4	4	2018-04-04 18:26:10	2018-04-04 18:26:10	\N	MNRISAPP001_QA	16384	0	0	intel	2400	8	0	0	\N	\N	3	Sin definir	2	false	24	\N	\N	\N
915	1	45	MNRISBD001_QA	172.20.8.52	4	4	2018-04-04 18:26:10	2018-04-04 18:26:10	\N	MNRISBD001_QA	16384	0	0	intel	2400	8	0	0	\N	\N	3	Sin definir	2	false	24	\N	\N	\N
916	1	20	MNCHCC001_QA	192.168.10.25	4	4	2018-04-04 18:26:10	2018-04-04 18:26:10	\N	MNCHCC001_QA	8192	40960	0	intel	2400	4	0	0	\N	\N	3	Sin definir	2	false	25	\N	\N	\N
917	1	20	MNVIHDIGERA001_QA	192.168.10.26	4	4	2018-04-04 18:26:10	2018-04-04 18:26:10	\N	MNVIHDIGERA001_QA	2048	21504	0	intel	2400	2	0	0	\N	\N	3	Sin definir	2	false	18	\N	\N	\N
918	1	49	MNPAID001_QA	192.168.10.31	4	4	2018-04-04 18:26:10	2018-04-04 18:26:10	\N	MNPAID001_QA	8192	133120	0	intel	2400	2	0	0	\N	\N	3	Sin definir	2	false	26	\N	\N	\N
919	1	23	MNCATIMG001_DEV	192.168.60.20	4	4	2018-04-04 18:26:10	2018-04-04 18:26:10	\N	MNCATIMG001_DEV	16384	102400	0	intel	2400	4	0	0	\N	\N	4	Sin definir	2	false	27	\N	\N	\N
920	1	28	MNCOMPINAPP_QA	192.168.10.27	4	4	2018-04-04 18:26:10	2018-04-04 18:26:10	\N	MNCOMPINAPP_QA	16384	68608	0	intel	2400	4	0	0	\N	\N	3	Sin definir	2	false	15	\N	\N	\N
921	1	41	MNPRAIS_APP_PROD	192.168.70.72	4	4	2018-04-04 18:26:10	2018-04-04 18:26:10	\N	MNPRAIS_APP_PROD	8192	81920	0	intel	2400	2	0	0	\N	\N	1	Sin definir	2	false	15	\N	\N	\N
922	1	17	MNSIGTESOAP001_QA	172.20.8.53	4	4	2018-04-04 18:26:10	2018-04-04 18:26:10	\N	MNSIGTESOAP001_QA	4096	28672	0	intel	2400	4	0	0	\N	\N	3	Sin definir	2	false	15	\N	\N	\N
923	1	17	MNSIGTEWEB001_QA	172.20.8.54	4	4	2018-04-04 18:26:10	2018-04-04 18:26:10	\N	MNSIGTEWEB001_QA	8192	221184	0	intel	2400	4	0	0	\N	\N	3	Sin definir	2	false	15	\N	\N	\N
924	1	33	MNMINSALAPP_QA	192.168.10.32	4	4	2018-04-04 18:26:10	2018-04-04 18:26:10	\N	MNMINSALAPP_QA	8192	51200	0	intel	2400	2	0	0	\N	\N	3	Sin definir	2	false	15	\N	\N	\N
925	1	33	MNLOG_PROD	172.20.6.32	4	4	2018-04-04 18:26:10	2018-04-04 18:26:10	\N	MNLOG_PROD	8192	204800	0	intel	2400	4	0	0	\N	\N	1	Sin definir	2	false	15	\N	\N	\N
926	1	13	MNSIGEDAPP001_QA	192.168.10.68	4	4	2018-04-04 18:26:10	2018-04-04 18:26:10	\N	MNSIGEDAPP001_QA	8192	81920	0	intel	2400	4	0	0	\N	\N	3	Sin definir	2	false	15	\N	\N	\N
927	1	43	MNSIRHFE_APP1_QA	192.168.10.70	4	4	2018-04-04 18:26:10	2018-04-04 18:26:10	\N	MNSIRHFE_APP1_QA	16384	204800	0	intel	2400	4	0	0	\N	\N	3	Sin definir	2	false	21	\N	\N	\N
928	1	43	MNSIRHFE_APP2_QA	192.168.10.71	4	4	2018-04-04 18:26:10	2018-04-04 18:26:10	\N	MNSIRHFE_APP2_QA	16384	204800	0	intel	2400	4	0	0	\N	\N	3	Sin definir	2	false	21	\N	\N	\N
929	1	43	MNSIRHBE_APP1_QA	172.20.8.40	4	4	2018-04-04 18:26:10	2018-04-04 18:26:10	\N	MNSIRHBE_APP1_QA	16384	204800	0	intel	2400	4	0	0	\N	\N	3	Sin definir	2	false	21	\N	\N	\N
930	1	43	MNSIRHBE_APP2_QA	172.20.8.41	4	4	2018-04-04 18:26:10	2018-04-04 18:26:10	\N	MNSIRHBE_APP2_QA	16384	204800	0	intel	2400	4	0	0	\N	\N	3	Sin definir	2	false	21	\N	\N	\N
931	1	43	MNAPPIVE001_QA	192.168.10.69	4	4	2018-04-04 18:26:10	2018-04-04 18:26:10	\N	MNAPPIVE001_QA	8192	40960	0	intel	2400	2	0	0	\N	\N	3	Sin definir	2	false	28	\N	\N	\N
932	1	43	MNAPPIVE001_PROD	192.168.70.67	4	4	2018-04-04 18:26:10	2018-04-04 18:26:10	\N	MNAPPIVE001_PROD	5120	51200	0	intel	2400	4	0	0	\N	\N	1	Sin definir	2	false	28	\N	\N	\N
\.


--
-- TOC entry 3413 (class 0 OID 587929)
-- Dependencies: 243
-- Data for Name: servidores_accesos; Type: TABLE DATA; Schema: public; Owner: postgres
--

COPY public.servidores_accesos (id_servidor_acceso, id_aplicacion, id_servidor, usuario, clave, tipo_acceso, puerto, id_usuario_registra, id_usuario_modifica, created_at, updated_at, deleted_at) FROM stdin;
1	\N	4	uvec	Minsal2018	usuario sistema	null	4	4	2018-03-14 19:20:46	2018-03-14 19:24:33	2018-03-14 19:24:33
2	\N	4	uvec	$2y$10$5YqwhZJiyWmrlJpR2se5ze6aX4ABkkBXx4i/fpELwtWuo.P3HLRq6	sistema	null	4	4	2018-03-14 19:25:20	2018-03-14 20:11:24	2018-03-14 20:11:24
4	\N	2	dfasff	asdfdsafsdf	login	0	4	4	2018-03-20 20:54:53	2018-03-20 20:55:09	2018-03-20 20:55:09
5	\N	4	sadf	sadf	sadf	12	4	4	2018-03-21 18:47:18	2018-03-21 18:47:25	2018-03-21 18:47:25
3	\N	19	uvec	Minsal2018	usuario de sistema	0	4	4	2018-03-14 20:13:03	2018-03-28 20:55:52	\N
6	\N	20	test	test	test	0	4	4	2018-04-02 20:51:54	2018-04-02 20:51:54	\N
\.


--
-- TOC entry 3447 (class 0 OID 596496)
-- Dependencies: 277
-- Data for Name: servidores_estados; Type: TABLE DATA; Schema: public; Owner: postgres
--

COPY public.servidores_estados (id_servidor_estado, id_servidor, id_estado, id_usuario_registra, id_usuario_modifica, created_at, updated_at, deleted_at) FROM stdin;
259	694	8	4	4	2018-04-04 18:50:41	2018-04-04 18:50:41	\N
260	695	8	4	4	2018-04-04 18:50:57	2018-04-04 18:50:57	\N
261	696	8	4	4	2018-04-04 18:51:33	2018-04-04 18:51:33	\N
262	697	8	4	4	2018-04-04 18:51:53	2018-04-04 18:51:53	\N
263	698	8	4	4	2018-04-04 18:52:05	2018-04-04 18:52:05	\N
264	699	8	4	4	2018-04-04 18:52:35	2018-04-04 18:52:35	\N
265	700	8	4	4	2018-04-04 18:52:55	2018-04-04 18:52:55	\N
266	701	8	4	4	2018-04-04 18:53:42	2018-04-04 18:53:42	\N
267	702	8	4	4	2018-04-04 18:54:02	2018-04-04 18:54:02	\N
268	703	8	4	4	2018-04-04 18:54:15	2018-04-04 18:54:15	\N
269	704	8	4	4	2018-04-04 18:54:26	2018-04-04 18:54:26	\N
270	705	8	4	4	2018-04-04 18:54:47	2018-04-04 18:54:47	\N
271	706	8	4	4	2018-04-04 18:55:02	2018-04-04 18:55:08	\N
272	707	8	4	4	2018-04-04 18:55:22	2018-04-04 18:55:22	\N
273	708	8	4	4	2018-04-04 18:55:34	2018-04-04 18:55:34	\N
274	709	8	4	4	2018-04-04 18:55:46	2018-04-04 18:55:46	\N
275	710	2	4	4	2018-04-04 18:56:20	2018-04-04 18:56:20	\N
276	711	2	4	4	2018-04-04 18:56:20	2018-04-04 18:56:20	\N
277	712	2	4	4	2018-04-04 18:50:41	2018-04-04 18:50:41	\N
278	713	2	4	4	2018-04-04 18:50:57	2018-04-04 18:50:57	\N
279	714	2	4	4	2018-04-04 18:51:33	2018-04-04 18:51:33	\N
280	715	2	4	4	2018-04-04 18:51:53	2018-04-04 18:51:53	\N
281	716	2	4	4	2018-04-04 18:52:05	2018-04-04 18:52:05	\N
282	717	2	4	4	2018-04-04 18:52:35	2018-04-04 18:52:35	\N
283	718	2	4	4	2018-04-04 18:52:55	2018-04-04 18:52:55	\N
284	719	2	4	4	2018-04-04 18:53:42	2018-04-04 18:53:42	\N
285	720	8	4	4	2018-04-04 18:54:02	2018-04-04 18:54:02	\N
286	721	8	4	4	2018-04-04 18:54:15	2018-04-04 18:54:15	\N
287	722	2	4	4	2018-04-04 18:54:26	2018-04-04 18:54:26	\N
288	723	8	4	4	2018-04-04 18:54:47	2018-04-04 18:54:47	\N
289	724	8	4	4	2018-04-04 18:55:02	2018-04-04 18:55:08	\N
290	725	8	4	4	2018-04-04 18:55:22	2018-04-04 18:55:22	\N
291	726	8	4	4	2018-04-04 18:55:34	2018-04-04 18:55:34	\N
292	727	8	4	4	2018-04-04 18:55:46	2018-04-04 18:55:46	\N
293	728	8	4	4	2018-04-04 18:56:20	2018-04-04 18:56:20	\N
294	729	2	4	4	2018-04-04 18:56:20	2018-04-04 18:56:20	\N
295	730	2	4	4	2018-04-04 18:50:41	2018-04-04 18:50:41	\N
296	731	8	4	4	2018-04-04 18:50:57	2018-04-04 18:50:57	\N
297	732	8	4	4	2018-04-04 18:51:33	2018-04-04 18:51:33	\N
298	733	8	4	4	2018-04-04 18:51:53	2018-04-04 18:51:53	\N
299	734	8	4	4	2018-04-04 18:52:05	2018-04-04 18:52:05	\N
300	735	8	4	4	2018-04-04 18:52:35	2018-04-04 18:52:35	\N
301	736	2	4	4	2018-04-04 18:52:55	2018-04-04 18:52:55	\N
302	737	2	4	4	2018-04-04 18:53:42	2018-04-04 18:53:42	\N
303	738	2	4	4	2018-04-04 18:54:02	2018-04-04 18:54:02	\N
304	739	8	4	4	2018-04-04 18:54:15	2018-04-04 18:54:15	\N
305	740	2	4	4	2018-04-04 18:54:26	2018-04-04 18:54:26	\N
306	741	2	4	4	2018-04-04 18:54:47	2018-04-04 18:54:47	\N
307	742	2	4	4	2018-04-04 18:55:02	2018-04-04 18:55:08	\N
308	743	2	4	4	2018-04-04 18:55:22	2018-04-04 18:55:22	\N
309	744	2	4	4	2018-04-04 18:55:34	2018-04-04 18:55:34	\N
310	745	2	4	4	2018-04-04 18:55:46	2018-04-04 18:55:46	\N
311	746	2	4	4	2018-04-04 18:56:20	2018-04-04 18:56:20	\N
312	747	2	4	4	2018-04-04 18:56:20	2018-04-04 18:56:20	\N
313	748	2	4	4	2018-04-04 18:50:41	2018-04-04 18:50:41	\N
314	749	2	4	4	2018-04-04 18:50:57	2018-04-04 18:50:57	\N
315	750	2	4	4	2018-04-04 18:51:33	2018-04-04 18:51:33	\N
316	751	2	4	4	2018-04-04 18:51:53	2018-04-04 18:51:53	\N
317	752	2	4	4	2018-04-04 18:52:05	2018-04-04 18:52:05	\N
318	753	2	4	4	2018-04-04 18:52:35	2018-04-04 18:52:35	\N
319	754	2	4	4	2018-04-04 18:52:55	2018-04-04 18:52:55	\N
320	755	2	4	4	2018-04-04 18:53:42	2018-04-04 18:53:42	\N
321	756	2	4	4	2018-04-04 18:54:02	2018-04-04 18:54:02	\N
322	757	2	4	4	2018-04-04 18:54:15	2018-04-04 18:54:15	\N
323	758	2	4	4	2018-04-04 18:54:26	2018-04-04 18:54:26	\N
324	759	2	4	4	2018-04-04 18:54:47	2018-04-04 18:54:47	\N
325	760	2	4	4	2018-04-04 18:55:02	2018-04-04 18:55:08	\N
326	761	2	4	4	2018-04-04 18:55:22	2018-04-04 18:55:22	\N
327	762	2	4	4	2018-04-04 18:55:34	2018-04-04 18:55:34	\N
328	763	2	4	4	2018-04-04 18:55:46	2018-04-04 18:55:46	\N
329	764	2	4	4	2018-04-04 18:56:20	2018-04-04 18:56:20	\N
330	765	2	4	4	2018-04-04 18:56:20	2018-04-04 18:56:20	\N
331	766	2	4	4	2018-04-04 18:50:41	2018-04-04 18:50:41	\N
332	767	2	4	4	2018-04-04 18:50:57	2018-04-04 18:50:57	\N
333	768	2	4	4	2018-04-04 18:51:33	2018-04-04 18:51:33	\N
334	769	2	4	4	2018-04-04 18:51:53	2018-04-04 18:51:53	\N
335	770	2	4	4	2018-04-04 18:52:05	2018-04-04 18:52:05	\N
336	771	2	4	4	2018-04-04 18:52:35	2018-04-04 18:52:35	\N
337	772	2	4	4	2018-04-04 18:52:55	2018-04-04 18:52:55	\N
338	773	7	4	4	2018-04-04 18:53:42	2018-04-04 18:53:42	\N
339	774	2	4	4	2018-04-04 18:54:02	2018-04-04 18:54:02	\N
340	775	8	4	4	2018-04-04 18:54:15	2018-04-04 18:54:15	\N
341	776	8	4	4	2018-04-04 18:54:26	2018-04-04 18:54:26	\N
342	777	8	4	4	2018-04-04 18:54:47	2018-04-04 18:54:47	\N
343	778	2	4	4	2018-04-04 18:55:02	2018-04-04 18:55:08	\N
344	779	2	4	4	2018-04-04 18:55:22	2018-04-04 18:55:22	\N
345	780	8	4	4	2018-04-04 18:55:34	2018-04-04 18:55:34	\N
346	781	2	4	4	2018-04-04 18:55:46	2018-04-04 18:55:46	\N
347	782	2	4	4	2018-04-04 18:56:20	2018-04-04 18:56:20	\N
348	783	2	4	4	2018-04-04 18:56:20	2018-04-04 18:56:20	\N
349	784	2	4	4	2018-04-04 18:50:41	2018-04-04 18:50:41	\N
350	785	2	4	4	2018-04-04 18:50:57	2018-04-04 18:50:57	\N
351	786	2	4	4	2018-04-04 18:51:33	2018-04-04 18:51:33	\N
352	787	8	4	4	2018-04-04 18:51:53	2018-04-04 18:51:53	\N
353	788	8	4	4	2018-04-04 18:52:05	2018-04-04 18:52:05	\N
354	789	2	4	4	2018-04-04 18:52:35	2018-04-04 18:52:35	\N
355	790	2	4	4	2018-04-04 18:52:55	2018-04-04 18:52:55	\N
356	791	2	4	4	2018-04-04 18:53:42	2018-04-04 18:53:42	\N
357	792	2	4	4	2018-04-04 18:54:02	2018-04-04 18:54:02	\N
358	793	2	4	4	2018-04-04 18:54:15	2018-04-04 18:54:15	\N
359	794	2	4	4	2018-04-04 18:54:26	2018-04-04 18:54:26	\N
360	795	2	4	4	2018-04-04 18:54:47	2018-04-04 18:54:47	\N
361	796	2	4	4	2018-04-04 18:55:02	2018-04-04 18:55:08	\N
362	797	2	4	4	2018-04-04 18:55:22	2018-04-04 18:55:22	\N
363	798	2	4	4	2018-04-04 18:55:34	2018-04-04 18:55:34	\N
364	799	2	4	4	2018-04-04 18:55:46	2018-04-04 18:55:46	\N
365	800	2	4	4	2018-04-04 18:56:20	2018-04-04 18:56:20	\N
366	801	2	4	4	2018-04-04 18:56:20	2018-04-04 18:56:20	\N
367	802	2	4	4	2018-04-04 18:50:41	2018-04-04 18:50:41	\N
368	803	2	4	4	2018-04-04 18:50:57	2018-04-04 18:50:57	\N
369	804	2	4	4	2018-04-04 18:51:33	2018-04-04 18:51:33	\N
370	805	2	4	4	2018-04-04 18:51:53	2018-04-04 18:51:53	\N
371	806	2	4	4	2018-04-04 18:52:05	2018-04-04 18:52:05	\N
372	807	2	4	4	2018-04-04 18:52:35	2018-04-04 18:52:35	\N
373	808	2	4	4	2018-04-04 18:52:55	2018-04-04 18:52:55	\N
374	809	2	4	4	2018-04-04 18:53:42	2018-04-04 18:53:42	\N
375	810	2	4	4	2018-04-04 18:54:02	2018-04-04 18:54:02	\N
376	811	2	4	4	2018-04-04 18:54:15	2018-04-04 18:54:15	\N
377	812	2	4	4	2018-04-04 18:54:26	2018-04-04 18:54:26	\N
378	813	2	4	4	2018-04-04 18:54:47	2018-04-04 18:54:47	\N
379	814	2	4	4	2018-04-04 18:55:02	2018-04-04 18:55:08	\N
380	815	2	4	4	2018-04-04 18:55:22	2018-04-04 18:55:22	\N
381	816	2	4	4	2018-04-04 18:55:34	2018-04-04 18:55:34	\N
382	817	2	4	4	2018-04-04 18:55:46	2018-04-04 18:55:46	\N
383	818	2	4	4	2018-04-04 18:56:20	2018-04-04 18:56:20	\N
384	819	2	4	4	2018-04-04 18:56:20	2018-04-04 18:56:20	\N
385	820	2	4	4	2018-04-04 18:50:41	2018-04-04 18:50:41	\N
386	821	2	4	4	2018-04-04 18:50:57	2018-04-04 18:50:57	\N
387	822	2	4	4	2018-04-04 18:51:33	2018-04-04 18:51:33	\N
388	823	2	4	4	2018-04-04 18:51:53	2018-04-04 18:51:53	\N
389	824	2	4	4	2018-04-04 18:52:05	2018-04-04 18:52:05	\N
390	825	2	4	4	2018-04-04 18:52:35	2018-04-04 18:52:35	\N
391	826	2	4	4	2018-04-04 18:52:55	2018-04-04 18:52:55	\N
392	827	2	4	4	2018-04-04 18:53:42	2018-04-04 18:53:42	\N
393	828	2	4	4	2018-04-04 18:54:02	2018-04-04 18:54:02	\N
394	829	2	4	4	2018-04-04 18:54:15	2018-04-04 18:54:15	\N
395	830	2	4	4	2018-04-04 18:54:26	2018-04-04 18:54:26	\N
396	831	2	4	4	2018-04-04 18:54:47	2018-04-04 18:54:47	\N
397	832	2	4	4	2018-04-04 18:55:02	2018-04-04 18:55:08	\N
398	833	2	4	4	2018-04-04 18:55:22	2018-04-04 18:55:22	\N
399	834	2	4	4	2018-04-04 18:55:34	2018-04-04 18:55:34	\N
400	835	2	4	4	2018-04-04 18:55:46	2018-04-04 18:55:46	\N
401	836	2	4	4	2018-04-04 18:56:20	2018-04-04 18:56:20	\N
402	837	2	4	4	2018-04-04 18:56:20	2018-04-04 18:56:20	\N
403	838	2	4	4	2018-04-04 18:50:41	2018-04-04 18:50:41	\N
404	839	2	4	4	2018-04-04 18:50:57	2018-04-04 18:50:57	\N
405	840	2	4	4	2018-04-04 18:51:33	2018-04-04 18:51:33	\N
406	841	2	4	4	2018-04-04 18:51:53	2018-04-04 18:51:53	\N
407	842	2	4	4	2018-04-04 18:52:05	2018-04-04 18:52:05	\N
408	843	2	4	4	2018-04-04 18:52:35	2018-04-04 18:52:35	\N
409	844	2	4	4	2018-04-04 18:52:55	2018-04-04 18:52:55	\N
410	845	2	4	4	2018-04-04 18:53:42	2018-04-04 18:53:42	\N
411	846	2	4	4	2018-04-04 18:54:02	2018-04-04 18:54:02	\N
412	847	2	4	4	2018-04-04 18:54:15	2018-04-04 18:54:15	\N
413	848	2	4	4	2018-04-04 18:54:26	2018-04-04 18:54:26	\N
414	849	2	4	4	2018-04-04 18:54:47	2018-04-04 18:54:47	\N
415	850	6	4	4	2018-04-04 18:55:02	2018-04-04 18:55:08	\N
416	851	6	4	4	2018-04-04 18:55:22	2018-04-04 18:55:22	\N
417	852	2	4	4	2018-04-04 18:55:34	2018-04-04 18:55:34	\N
418	853	2	4	4	2018-04-04 18:55:46	2018-04-04 18:55:46	\N
419	854	2	4	4	2018-04-04 18:56:20	2018-04-04 18:56:20	\N
420	855	2	4	4	2018-04-04 18:56:20	2018-04-04 18:56:20	\N
421	856	2	4	4	2018-04-04 18:50:41	2018-04-04 18:50:41	\N
422	857	2	4	4	2018-04-04 18:50:57	2018-04-04 18:50:57	\N
423	858	2	4	4	2018-04-04 18:51:33	2018-04-04 18:51:33	\N
424	859	2	4	4	2018-04-04 18:51:53	2018-04-04 18:51:53	\N
425	860	2	4	4	2018-04-04 18:52:05	2018-04-04 18:52:05	\N
426	861	2	4	4	2018-04-04 18:52:35	2018-04-04 18:52:35	\N
427	862	2	4	4	2018-04-04 18:52:55	2018-04-04 18:52:55	\N
428	863	2	4	4	2018-04-04 18:53:42	2018-04-04 18:53:42	\N
429	864	2	4	4	2018-04-04 18:54:02	2018-04-04 18:54:02	\N
430	865	2	4	4	2018-04-04 18:54:15	2018-04-04 18:54:15	\N
431	866	2	4	4	2018-04-04 18:54:26	2018-04-04 18:54:26	\N
432	867	2	4	4	2018-04-04 18:54:47	2018-04-04 18:54:47	\N
433	868	2	4	4	2018-04-04 18:55:02	2018-04-04 18:55:08	\N
434	869	2	4	4	2018-04-04 18:55:22	2018-04-04 18:55:22	\N
435	870	2	4	4	2018-04-04 18:55:34	2018-04-04 18:55:34	\N
436	871	2	4	4	2018-04-04 18:55:46	2018-04-04 18:55:46	\N
437	872	8	4	4	2018-04-04 18:56:20	2018-04-04 18:56:20	\N
438	873	8	4	4	2018-04-04 18:56:20	2018-04-04 18:56:20	\N
439	874	8	4	4	2018-04-04 18:50:41	2018-04-04 18:50:41	\N
440	875	2	4	4	2018-04-04 18:50:57	2018-04-04 18:50:57	\N
441	876	2	4	4	2018-04-04 18:51:33	2018-04-04 18:51:33	\N
442	877	2	4	4	2018-04-04 18:51:53	2018-04-04 18:51:53	\N
443	878	2	4	4	2018-04-04 18:52:05	2018-04-04 18:52:05	\N
444	879	2	4	4	2018-04-04 18:52:35	2018-04-04 18:52:35	\N
445	880	2	4	4	2018-04-04 18:52:55	2018-04-04 18:52:55	\N
446	881	2	4	4	2018-04-04 18:53:42	2018-04-04 18:53:42	\N
447	882	2	4	4	2018-04-04 18:54:02	2018-04-04 18:54:02	\N
448	883	2	4	4	2018-04-04 18:54:15	2018-04-04 18:54:15	\N
449	884	2	4	4	2018-04-04 18:54:26	2018-04-04 18:54:26	\N
450	885	2	4	4	2018-04-04 18:54:47	2018-04-04 18:54:47	\N
451	886	2	4	4	2018-04-04 18:55:02	2018-04-04 18:55:08	\N
452	887	2	4	4	2018-04-04 18:55:22	2018-04-04 18:55:22	\N
453	888	2	4	4	2018-04-04 18:55:34	2018-04-04 18:55:34	\N
454	889	2	4	4	2018-04-04 18:55:46	2018-04-04 18:55:46	\N
455	890	2	4	4	2018-04-04 18:56:20	2018-04-04 18:56:20	\N
456	891	2	4	4	2018-04-04 18:56:20	2018-04-04 18:56:20	\N
457	892	2	4	4	2018-04-04 18:50:41	2018-04-04 18:50:41	\N
458	893	2	4	4	2018-04-04 18:50:57	2018-04-04 18:50:57	\N
459	894	2	4	4	2018-04-04 18:51:33	2018-04-04 18:51:33	\N
460	895	2	4	4	2018-04-04 18:51:53	2018-04-04 18:51:53	\N
461	896	2	4	4	2018-04-04 18:52:05	2018-04-04 18:52:05	\N
462	897	2	4	4	2018-04-04 18:52:35	2018-04-04 18:52:35	\N
463	898	2	4	4	2018-04-04 18:52:55	2018-04-04 18:52:55	\N
464	899	2	4	4	2018-04-04 18:53:42	2018-04-04 18:53:42	\N
465	900	2	4	4	2018-04-04 18:54:02	2018-04-04 18:54:02	\N
466	901	2	4	4	2018-04-04 18:54:15	2018-04-04 18:54:15	\N
467	902	2	4	4	2018-04-04 18:54:26	2018-04-04 18:54:26	\N
468	903	2	4	4	2018-04-04 18:54:47	2018-04-04 18:54:47	\N
469	904	2	4	4	2018-04-04 18:55:02	2018-04-04 18:55:08	\N
470	905	2	4	4	2018-04-04 18:55:22	2018-04-04 18:55:22	\N
471	906	2	4	4	2018-04-04 18:55:34	2018-04-04 18:55:34	\N
472	907	2	4	4	2018-04-04 18:55:46	2018-04-04 18:55:46	\N
473	908	2	4	4	2018-04-04 18:56:20	2018-04-04 18:56:20	\N
474	909	2	4	4	2018-04-04 18:56:20	2018-04-04 18:56:20	\N
475	910	2	4	4	2018-04-04 18:50:41	2018-04-04 18:50:41	\N
476	911	2	4	4	2018-04-04 18:50:57	2018-04-04 18:50:57	\N
477	912	2	4	4	2018-04-04 18:51:33	2018-04-04 18:51:33	\N
478	913	2	4	4	2018-04-04 18:51:53	2018-04-04 18:51:53	\N
479	914	2	4	4	2018-04-04 18:52:05	2018-04-04 18:52:05	\N
480	915	2	4	4	2018-04-04 18:52:35	2018-04-04 18:52:35	\N
481	916	2	4	4	2018-04-04 18:52:55	2018-04-04 18:52:55	\N
482	917	2	4	4	2018-04-04 18:53:42	2018-04-04 18:53:42	\N
483	918	2	4	4	2018-04-04 18:54:02	2018-04-04 18:54:02	\N
484	919	2	4	4	2018-04-04 18:54:15	2018-04-04 18:54:15	\N
485	920	2	4	4	2018-04-04 18:54:26	2018-04-04 18:54:26	\N
486	921	2	4	4	2018-04-04 18:54:47	2018-04-04 18:54:47	\N
487	922	2	4	4	2018-04-04 18:55:02	2018-04-04 18:55:08	\N
488	923	2	4	4	2018-04-04 18:55:22	2018-04-04 18:55:22	\N
489	924	2	4	4	2018-04-04 18:55:34	2018-04-04 18:55:34	\N
490	925	2	4	4	2018-04-04 18:55:46	2018-04-04 18:55:46	\N
491	926	2	4	4	2018-04-04 18:56:20	2018-04-04 18:56:20	\N
492	927	2	4	4	2018-04-04 18:56:20	2018-04-04 18:56:20	\N
493	928	2	4	4	2018-04-04 18:50:41	2018-04-04 18:50:41	\N
494	929	2	4	4	2018-04-04 18:50:57	2018-04-04 18:50:57	\N
495	930	2	4	4	2018-04-04 18:51:33	2018-04-04 18:51:33	\N
496	931	2	4	4	2018-04-04 18:51:53	2018-04-04 18:51:53	\N
497	932	2	4	4	2018-04-04 18:52:05	2018-04-04 18:52:05	\N
\.


--
-- TOC entry 3451 (class 0 OID 596515)
-- Dependencies: 281
-- Data for Name: servidores_historico_cambios; Type: TABLE DATA; Schema: public; Owner: postgres
--

COPY public.servidores_historico_cambios (id_servidor_historico, id_servidor, id_datacentro, id_sistema_operativo, nom_servidor, ip_servidor, id_usuario_registra, id_usuario_modifica, created_at, updated_at, deleted_at, det_servidor, ram, memoria_dd, swap, procesador, frec_procesador, nucleos, usuarios_pactados, mac, nodo, interface, id_ambiente, modelo_procesador, id_cluster, agente_instana_instalado) FROM stdin;
10	12	1	23	dsadasd	1.1.1.1	\N	\N	2018-03-27 13:04:10	2018-03-27 13:04:10	\N	sadasdas	2048	231	31241	intel	2500	8	0	0	0	0	3	RxX412fv	\N	\N
11	13	2	30	dsadsfsdf	1.1.1.1	\N	\N	2018-03-27 13:17:21	2018-03-27 13:17:21	\N	dfdsf	123	31231	12312	amd	3123	23	0	0	0	0	4	123123	\N	\N
12	14	1	28	rwqer	1.1.1.1	\N	\N	2018-03-27 13:24:12	2018-03-27 13:24:12	\N	rqwe	4234	431	3242	intel	24352	325423	0	0	0	0	4	2452	\N	\N
13	15	2	30	dasda	1.1.1.1	\N	\N	2018-03-27 13:32:33	2018-03-27 13:32:33	\N	sdfs	4324	23324	32423	amd	234	324	0	0	0	0	2	32424	\N	\N
14	16	2	33	rerwer	1.1.1.1	\N	\N	2018-03-27 13:36:23	2018-03-27 13:36:23	\N	ewewr	234	234	423	amd	234	3	0	0	0	0	4	234	\N	\N
15	17	2	33	rerwer	1.1.1.1	\N	\N	2018-03-27 13:37:15	2018-03-27 13:37:15	\N	ewewr	234	234	423	amd	234	3	0	0	0	0	4	234	\N	\N
16	18	2	33	rerwer	1.1.1.1	\N	\N	2018-03-27 13:37:50	2018-03-27 13:37:50	\N	ewewr	234	234	423	amd	234	3	0	0	0	0	4	234	\N	\N
17	19	1	31	server1	1.1.1.1	\N	\N	2018-03-27 13:44:03	2018-03-27 13:44:03	\N	server1	2048	2342	34	amd	2400	2	0	0	0	0	4	fsfafsffds	\N	\N
18	19	1	31	server1	1.1.1.1	4	4	2018-03-27 13:48:41	2018-03-27 13:48:41	\N	server1	2048	2342	34	amd	2400	2	0	0	0	0	4	fsfafsffds	\N	\N
19	19	1	31	server1	1.1.1.1	4	4	2018-03-27 14:07:06	2018-03-27 14:07:06	\N	server1	2048	2342	34	amd	2400	2	0	0	0	0	4	fsfafsffds	\N	\N
20	19	1	31	server1	1.1.1.1	4	4	2018-03-27 14:07:21	2018-03-27 14:07:21	\N	server1	2048	2342	34	amd	2400	2	0	0	0	0	4	fsfafsffds	\N	\N
21	20	1	34	server2	1.1.1.1	\N	\N	2018-03-27 14:10:27	2018-03-27 14:10:27	\N	server2	123	123	123	intel	123	8	0	0	0	0	1	123abcd	\N	\N
22	19	1	31	server1	1.1.1.1	4	4	2018-03-27 14:10:34	2018-03-27 14:10:34	\N	server1	2048	2342	34	amd	2400	2	0	0	0	0	4	fsfafsffds	\N	\N
23	19	1	31	server1	1.1.1.1	4	4	2018-03-27 14:10:38	2018-03-27 14:10:38	\N	server1	2048	2342	34	amd	2400	2	0	0	0	0	4	fsfafsffds	\N	\N
24	19	1	31	server1	1.1.1.1	4	4	2018-03-27 14:10:59	2018-03-27 14:10:59	\N	server1	2048	2342	34	amd	2400	2	0	0	0	0	4	fsfafsffds	\N	\N
25	19	1	31	server1	1.1.1.1	4	4	2018-03-27 14:11:02	2018-03-27 14:11:02	\N	server1	2048	2342	34	amd	2400	2	0	0	0	0	4	fsfafsffds	\N	\N
26	19	1	31	server1	1.1.1.1	4	4	2018-03-27 14:11:23	2018-03-27 14:11:23	\N	server1	2048	2342	34	amd	2400	2	0	0	0	0	4	fsfafsffds	\N	\N
27	20	1	34	server2	1.1.1.1	4	4	2018-03-27 14:13:49	2018-03-27 14:13:49	\N	server2	123	123	123	intel	123	8	0	0	0	0	1	123abcd	\N	\N
28	20	1	34	server2	1.1.1.1	4	4	2018-03-27 14:14:21	2018-03-27 14:14:21	\N	server2	123	123	123	intel	123	8	0	0	0	0	1	123abcd	\N	\N
29	20	1	34	server2	1.1.1.1	4	4	2018-03-27 14:17:08	2018-03-27 14:17:08	\N	server2	123	123	123	intel	123	8	0	0	0	0	1	123abcd	\N	\N
30	19	1	31	server1	1.1.1.1	4	4	2018-03-27 17:08:52	2018-03-27 17:08:52	\N	server1	2048	2342	34	amd	2400	2	0	ab:ab:ab:ab:ab:ab	0	0	4	fsfafsffds	\N	\N
31	20	1	34	server2	1.1.1.1	4	4	2018-03-29 18:53:58	2018-03-29 18:53:58	\N	server2	123	123	123	intel	123	8	0	0	0	0	1	123abcd	\N	\N
32	19	1	31	server1	1.1.1.1	4	4	2018-03-29 19:20:24	2018-03-29 19:20:24	\N	server1	2048	2342	34	amd	2400	2	0	ab:ab:ab:ab:ab:ab	0	0	4	fsfafsffds	\N	\N
33	19	1	31	server1	1.1.1.1	4	4	2018-03-29 19:20:24	2018-03-29 19:20:24	\N	server1	2048	2342	34	amd	2400	2	0	ab:ab:ab:ab:ab:ab	0	0	4	fsfafsffds	\N	\N
34	19	1	31	server1	1.1.1.1	4	4	2018-03-29 19:20:24	2018-03-29 19:20:24	\N	server1	2048	2342	34	amd	2400	2	0	ab:ab:ab:ab:ab:ab	0	0	4	fsfafsffds	\N	\N
35	19	1	31	server1	1.1.1.1	4	4	2018-03-29 19:20:25	2018-03-29 19:20:25	\N	server1	2048	2342	34	amd	2400	2	0	ab:ab:ab:ab:ab:ab	0	0	4	fsfafsffds	\N	\N
36	19	1	31	server1	1.1.1.1	4	4	2018-03-29 19:20:25	2018-03-29 19:20:25	\N	server1	2048	2342	34	amd	2400	2	0	ab:ab:ab:ab:ab:ab	0	0	4	fsfafsffds	\N	\N
37	19	1	31	server1	1.1.1.1	4	4	2018-03-29 19:20:25	2018-03-29 19:20:25	\N	server1	2048	2342	34	amd	2400	2	0	ab:ab:ab:ab:ab:ab	0	0	4	fsfafsffds	\N	\N
38	19	1	31	server1	1.1.1.1	4	4	2018-03-29 19:20:26	2018-03-29 19:20:26	\N	server1	2048	2342	34	amd	2400	2	0	ab:ab:ab:ab:ab:ab	0	0	4	fsfafsffds	\N	\N
39	19	1	31	server1	1.1.1.1	4	4	2018-03-29 19:20:26	2018-03-29 19:20:26	\N	server1	2048	2342	34	amd	2400	2	0	ab:ab:ab:ab:ab:ab	0	0	4	fsfafsffds	\N	\N
40	19	1	31	server1	1.1.1.1	4	4	2018-03-29 19:20:32	2018-03-29 19:20:32	\N	server1	2048	2342	34	amd	2400	2	0	ab:ab:ab:ab:ab:ab	0	0	4	fsfafsffds	\N	\N
41	19	1	31	server1	1.1.1.1	4	4	2018-03-29 19:20:33	2018-03-29 19:20:33	\N	server1	2048	2342	34	amd	2400	2	0	ab:ab:ab:ab:ab:ab	0	0	4	fsfafsffds	\N	\N
42	19	1	31	server1	1.1.1.1	4	4	2018-03-29 19:20:33	2018-03-29 19:20:33	\N	server1	2048	2342	34	amd	2400	2	0	ab:ab:ab:ab:ab:ab	0	0	4	fsfafsffds	\N	\N
43	19	1	31	server1	1.1.1.1	4	4	2018-03-29 19:20:33	2018-03-29 19:20:33	\N	server1	2048	2342	34	amd	2400	2	0	ab:ab:ab:ab:ab:ab	0	0	4	fsfafsffds	\N	\N
44	19	1	31	server1	1.1.1.1	4	4	2018-03-29 19:20:34	2018-03-29 19:20:34	\N	server1	2048	2342	34	amd	2400	2	0	ab:ab:ab:ab:ab:ab	0	0	4	fsfafsffds	\N	\N
45	19	1	31	server1	1.1.1.1	4	4	2018-03-29 19:20:34	2018-03-29 19:20:34	\N	server1	2048	2342	34	amd	2400	2	0	ab:ab:ab:ab:ab:ab	0	0	4	fsfafsffds	\N	\N
46	19	1	31	server1	1.1.1.1	4	4	2018-03-29 19:20:34	2018-03-29 19:20:34	\N	server1	2048	2342	34	amd	2400	2	0	ab:ab:ab:ab:ab:ab	0	0	4	fsfafsffds	\N	\N
47	19	1	31	server1	1.1.1.1	4	4	2018-03-29 19:20:34	2018-03-29 19:20:34	\N	server1	2048	2342	34	amd	2400	2	0	ab:ab:ab:ab:ab:ab	0	0	4	fsfafsffds	\N	\N
48	19	1	31	server1	1.1.1.1	4	4	2018-03-29 19:20:35	2018-03-29 19:20:35	\N	server1	2048	2342	34	amd	2400	2	0	ab:ab:ab:ab:ab:ab	0	0	4	fsfafsffds	\N	\N
49	19	1	31	server1	1.1.1.1	4	4	2018-03-29 19:20:35	2018-03-29 19:20:35	\N	server1	2048	2342	34	amd	2400	2	0	ab:ab:ab:ab:ab:ab	0	0	4	fsfafsffds	\N	\N
50	19	1	31	server1	1.1.1.1	4	4	2018-03-29 19:20:35	2018-03-29 19:20:35	\N	server1	2048	2342	34	amd	2400	2	0	ab:ab:ab:ab:ab:ab	0	0	4	fsfafsffds	\N	\N
51	20	1	34	Servidor de convergente	1.1.1.1	4	4	2018-03-29 19:53:55	2018-03-29 19:53:55	\N	server2	123	123	123	intel	123	8	0	0	0	0	1	123abcd	\N	\N
52	20	1	34	APPSQD99QAPROD	1.1.1.1	4	4	2018-03-29 19:54:22	2018-03-29 19:54:22	\N	server2	123	123	123	intel	123	8	0	0	0	0	1	123abcd	\N	\N
53	19	1	31	server1	1.1.1.1	4	4	2018-03-30 02:12:51	2018-03-30 02:12:51	\N	server1	2048	2342	34	amd	2400	2	0	ab:ab:ab:ab:ab:ab	0	0	4	fsfafsffds	\N	\N
54	20	1	34	APPSQD99QAPROD	1.1.1.1	4	4	2018-04-01 18:59:25	2018-04-01 18:59:25	\N	server2	123	123	123	intel	123	8	0	0	0	0	1	123abcd	\N	\N
55	19	1	31	server1	1.1.1.1	4	4	2018-04-01 19:17:14	2018-04-01 19:17:14	\N	server1	2048	2342	34	amd	2400	2	0	ab:ab:ab:ab:ab:ab	0	0	4	fsfafsffds	\N	\N
56	20	1	34	APPSQD99QAPROD	1.1.1.1	4	4	2018-04-02 19:53:58	2018-04-02 19:53:58	\N	server2	123	123	123	intel	123	8	0	0	0	0	1	123abcd	\N	\N
57	20	1	34	APPSQD99QAPROD	1.1.1.1	4	4	2018-04-03 18:49:48	2018-04-03 18:49:48	\N	server2	123	123	123	intel	123	8	0	0	0	0	1	123abcd	\N	\N
58	19	1	31	server1	1.1.1.1	4	4	2018-04-03 18:50:07	2018-04-03 18:50:07	\N	server1	2048	2342	34	amd	2400	2	0	ab:ab:ab:ab:ab:ab	0	0	4	fsfafsffds	\N	\N
59	21	1	23	APPSQD99QAPROD	1.1.1.1	\N	\N	2018-04-03 19:02:58	2018-04-03 19:02:58	\N	APPSQD99QAPROD	2048	2048	2048	intel	2048	8	0	ab:ab:ab:ab:ab:ab	0	0	4	2048A	\N	\N
60	21	1	23	APPSQD99QAPROD	1.1.1.1	4	4	2018-04-03 19:16:35	2018-04-03 19:16:35	\N	APPSQD99QAPROD	2048	2048	2048	intel	2048	8	0	ab:ab:ab:ab:ab:ab	0	0	4	2048A	\N	\N
61	21	1	23	APPSQD99QAPROD	1.1.1.1	4	4	2018-04-04 04:56:26	2018-04-04 04:56:26	\N	APPSQD99QAPROD	2048	2048	2048	intel	2048	8	0	ab:ab:ab:ab:ab:ab	0	0	4	2048A	\N	\N
62	713	1	45	MNIBASEDPROD_ZEKE	172.20.34.29	4	4	2018-04-09 21:20:47	2018-04-09 21:20:47	\N	MNIBASEDPROD_ZEKE	32768	143360	0	intel	2400	8	0	0	\N	\N	1	Sin definir	\N	\N
\.


--
-- TOC entry 3461 (class 0 OID 604744)
-- Dependencies: 291
-- Data for Name: servidores_lvms; Type: TABLE DATA; Schema: public; Owner: postgres
--

COPY public.servidores_lvms (id_servidor_lvm, lvm_raiz, lvm_usr, lvm_tmp, lvm_var, lvm_home, id_usuario_registra, id_usuario_modifica, created_at, updated_at, deleted_at, id_servidor, lvm_opt, lvm_instaladores, lvm_boot, lvm_swap, lvm_u01) FROM stdin;
1	234	234	234	234	234	4	4	2018-03-27 13:37:50	2018-03-27 13:37:50	\N	18	\N	\N	\N	\N	\N
2	101	101	101	101	101	4	4	2018-03-27 13:44:03	2018-03-27 14:07:06	\N	19	\N	\N	\N	\N	\N
3	10	10	10	10	10	4	4	2018-03-27 14:10:27	2018-03-27 14:10:27	\N	20	\N	\N	\N	\N	\N
4	2048	2048	2048	2048	2048	4	4	2018-04-03 19:02:58	2018-04-03 19:02:58	\N	21	\N	\N	\N	\N	\N
\.


--
-- TOC entry 3418 (class 0 OID 587964)
-- Dependencies: 248
-- Data for Name: sistemas_operativos; Type: TABLE DATA; Schema: public; Owner: postgres
--

COPY public.sistemas_operativos (id_sistema_operativo, arquitectura, nom_sistema_operativo, det_sistema_operativo, vers_sistema_operativo, lic_sistema_operativo, det_licencia_sistema_operativo, id_usuario_registra, id_usuario_modifica, created_at, updated_at, deleted_at, id_idioma, id_tipo_sistema_operativo) FROM stdin;
28	x64	RHEL	RHEL	6.8	si	0	4	4	2018-03-22 19:19:23	2018-03-26 19:22:30	\N	2	2
29	x64	RHEL	RHEL	6.9	si	0	4	4	2018-03-22 19:19:38	2018-03-26 19:22:55	\N	2	2
30	x64	RHEL	RHEL	7.0	si	0	4	4	2018-03-22 19:19:48	2018-03-26 19:23:09	\N	2	2
31	x64	RHEL	RHEL	7.1	si	0	4	4	2018-03-22 19:20:06	2018-03-26 19:23:23	\N	2	2
32	x64	RHEL	RHEL	7.2	si	0	4	4	2018-03-22 19:20:15	2018-03-26 19:23:32	\N	2	2
5	x64	dfasfd	sfafasd	fsf	no	sdaf	4	4	2018-03-06 06:46:36	2018-03-06 06:46:40	2018-03-06 06:46:40	\N	\N
33	x64	RHEL	RHEL	7.3	si	0	4	4	2018-03-22 19:20:29	2018-03-26 19:23:50	\N	2	2
10	x32	wqrq	rqwrq	qwrqwr	no	qwrqw	4	4	2018-03-20 20:11:08	2018-03-20 20:11:13	2018-03-20 20:11:13	\N	\N
9	x64	tst	ste	set	no	set	4	4	2018-03-20 20:10:55	2018-03-20 20:11:19	2018-03-20 20:11:19	\N	\N
8	x64	test	test	0	0	0	4	4	2018-03-20 20:09:54	2018-03-20 20:11:33	2018-03-20 20:11:33	\N	\N
7	x64	test	test	0	0	0	4	4	2018-03-20 20:08:30	2018-03-20 20:11:39	2018-03-20 20:11:39	\N	\N
2	x64	nan	nan	nan	no	nan	4	4	2018-03-06 04:21:30	2018-03-20 20:11:44	2018-03-20 20:11:44	\N	\N
4	x86	Linux	Centos	7.4	no	GNU	4	4	2018-03-06 04:33:08	2018-03-22 18:34:12	2018-03-22 18:34:12	\N	\N
1	x64	nombre	nombre	null	no	no tiene licencia	4	4	2018-03-06 03:51:20	2018-03-22 18:34:17	2018-03-22 18:34:17	\N	\N
3	x86	Windows	Windows 10 Profesional	10	si	null	4	4	2018-03-06 04:30:40	2018-03-22 18:34:21	2018-03-22 18:34:21	\N	\N
6	x86	Centos	Centos linux	7.4	si	saddsdas asdas asdasd as as	4	4	2018-03-09 04:34:23	2018-03-22 18:34:26	2018-03-22 18:34:26	\N	\N
11	x64	dfs	sdf	0	0	0	4	4	2018-03-21 19:05:28	2018-03-22 18:34:30	2018-03-22 18:34:30	\N	\N
12	x32	fasdf	asdf	0	0	0	4	4	2018-03-21 19:06:02	2018-03-22 18:34:35	2018-03-22 18:34:35	\N	\N
34	x64	RHEL	RHEL	7.4	si	0	4	4	2018-03-22 19:20:39	2018-03-26 19:23:57	\N	2	2
13	x64	Centos	Centos	6.4	si	Opensource	4	4	2018-03-22 19:13:41	2018-03-26 19:21:08	\N	2	2
14	x64	Centos	Centos	6.5	si	Opensource	4	4	2018-03-22 19:14:03	2018-03-26 19:21:29	\N	2	2
15	x64	Centos	Centos	6.6	si	Opensource	4	4	2018-03-22 19:14:21	2018-03-26 19:21:35	\N	2	2
17	x64	Centos	Centos	6.8	si	Opensource	4	4	2018-03-22 19:14:58	2018-03-26 19:21:39	\N	2	2
18	x64	Centos	Centos	6.9	si	Opensource	4	4	2018-03-22 19:15:18	2018-03-26 19:21:42	\N	2	2
19	x64	Centos	Centos	7.0	si	Opensource	4	4	2018-03-22 19:15:33	2018-03-26 19:21:46	\N	2	2
20	x64	Centos	Centos	7.1	si	Opensource	4	4	2018-03-22 19:15:52	2018-03-26 19:21:50	\N	2	2
21	x64	Centos	Centos	7.2	si	Opensource	4	4	2018-03-22 19:16:06	2018-03-26 19:21:54	\N	2	2
22	x64	Centos	Centos	7.3	si	Opensource	4	4	2018-03-22 19:16:22	2018-03-26 19:21:59	\N	2	2
23	x64	Centos	Centos	7.4	si	Opesource	4	4	2018-03-22 19:16:39	2018-03-26 19:22:03	\N	2	2
16	x64	Centos	Centos	6.7	si	Opensource	4	4	2018-03-22 19:14:34	2018-03-26 19:22:11	\N	2	2
24	x64	RHEL	RHEL	6.4	si	0	4	4	2018-03-22 19:18:31	2018-03-26 19:22:15	\N	2	2
25	x64	RHEL	RHEL	6.5	si	0	4	4	2018-03-22 19:18:43	2018-03-26 19:22:20	\N	2	2
26	x64	RHEL	RHEL	6.6	si	0	4	4	2018-03-22 19:18:58	2018-03-26 19:22:23	\N	2	2
27	x64	RHEL	RHEL	6.7	si	0	4	4	2018-03-22 19:19:09	2018-03-26 19:22:27	\N	2	2
37	x86	Windows	Windows	10	si	0	4	4	2018-03-22 19:22:34	2018-03-26 19:24:26	\N	2	3
35	x64	Windows	Windows	7	si	0	4	4	2018-03-22 19:21:39	2018-03-26 19:24:31	\N	2	3
36	x64	Windows	Windows	8	si	0	4	4	2018-03-22 19:21:53	2018-03-26 19:24:35	\N	2	3
38	x64	Windows Server	Windows Server	2000	si	0	4	4	2018-03-22 19:24:32	2018-03-26 19:24:38	\N	2	3
39	x64	Windows Server	Windows Server	2003	si	0	4	4	2018-03-22 19:24:48	2018-03-26 19:24:42	\N	2	3
40	x64	Windows Server	Windows Server	2008	si	0	4	4	2018-03-22 19:25:03	2018-03-26 19:24:45	\N	2	3
41	x64	Windows Server	Windows Server	2008 R2	si	0	4	4	2018-03-22 19:25:39	2018-03-26 19:24:48	\N	2	3
42	x64	Windows Server	Windows Server	2012	si	0	4	4	2018-03-22 19:26:25	2018-03-26 19:24:51	\N	2	3
43	x64	Windows Server	Windows Server	2016	si	0	4	4	2018-03-22 19:26:39	2018-03-26 19:24:59	\N	2	3
44	x64	Prueba	Prueba macos	10.1	si	Personal	4	4	2018-03-26 19:28:55	2018-03-26 19:29:09	2018-03-26 19:29:09	2	1
45	x64	Windows Server	Windows Server	2012 R2	si	privada	4	4	2018-03-29 06:53:48	2018-03-29 06:53:48	\N	2	3
46	x64	Windows Server	Windows Server	2016 R2	si	privada	4	4	2018-03-29 06:54:35	2018-03-29 06:54:57	\N	2	3
47	x64	Centos	Centos	5.11	si	opensource	4	4	2018-03-29 07:05:50	2018-03-29 07:05:50	\N	2	2
48	x64	Windows	Windows version estandar, sin informacion de la version	0	si	0	4	4	2018-04-04 14:57:54	2018-04-04 14:57:54	\N	2	3
49	x64	RHEL	RHEL sin informacion de la version del sistema operativo	0	si	0	4	4	2018-04-04 14:58:32	2018-04-04 14:58:32	\N	2	2
50	x64	Centos	Centos sin informacion de la version del sistema operativo	0	no	0	4	4	2018-04-04 14:58:54	2018-04-04 14:58:54	\N	2	2
51	x64	Windows Server	Windows version estandar, sin informacion de la version	0	si	0	4	4	2018-04-04 15:01:59	2018-04-04 15:01:59	\N	2	3
52	x64	Windows OVF	Windows OVF	OVF	si	0	4	4	2018-04-04 15:03:54	2018-04-04 15:03:54	\N	2	3
53	x64	APP	APP	7.3	no	0	4	4	2018-04-04 15:05:18	2018-04-04 15:05:18	\N	2	2
54	x64	Oracle Linux	Oracle Linux sin informacion de la version	Sin informacion de la version	no	0	4	4	2018-04-04 15:06:30	2018-04-04 15:06:30	\N	2	2
\.


--
-- TOC entry 3428 (class 0 OID 588022)
-- Dependencies: 258
-- Data for Name: tags; Type: TABLE DATA; Schema: public; Owner: postgres
--

COPY public.tags (id_tag, nom_tag, det_tag, meta_tag, id_usuario_registra, id_usuario_modifica, created_at, updated_at, deleted_at) FROM stdin;
1	Tag 1	Tag 1	tagsdf ata at	4	4	2018-03-06 13:16:09	2018-03-06 13:16:09	\N
2	Tag 2	Tag 2	tagfkdb32	4	4	2018-03-06 17:54:02	2018-03-06 17:54:02	\N
3	tag 3	tag 3	tag 3	4	4	2018-03-20 19:57:44	2018-03-20 19:57:52	2018-03-20 19:57:52
\.


--
-- TOC entry 3422 (class 0 OID 587989)
-- Dependencies: 252
-- Data for Name: tecnologia_desarrollo; Type: TABLE DATA; Schema: public; Owner: postgres
--

COPY public.tecnologia_desarrollo (id_tecnologia_desarrollo, id_tipo_tecnologia, nom_tecnologia, det_tecnologia, vers_tecnologia, id_usuario_registra, id_usuario_modifica, created_at, updated_at, deleted_at) FROM stdin;
\.


--
-- TOC entry 3419 (class 0 OID 587971)
-- Dependencies: 249
-- Data for Name: tipos_aplicaciones; Type: TABLE DATA; Schema: public; Owner: postgres
--

COPY public.tipos_aplicaciones (id_tipo_aplicacion, nom_tipo_aplicacion, det_tipo_aplicacion, cod_tipo_aplicacion, id_usuario_registra, id_usuario_modifica, created_at, updated_at, deleted_at) FROM stdin;
2	ds	ad	sa	4	4	2018-02-28 13:26:03	2018-02-28 13:26:05	2018-02-28 13:26:05
27	ARS	ARS	ars	4	4	2018-03-22 05:50:39	2018-03-22 06:02:49	2018-03-22 06:02:49
10	qewe	wqew	e	4	4	2018-03-06 06:40:12	2018-03-06 06:40:15	2018-03-06 06:40:15
14	asfasdfsad	asdf	fasdf	4	4	2018-03-19 21:19:51	2018-03-19 21:19:59	2018-03-19 21:19:59
13	asf	sdaf	dsfa	4	4	2018-03-19 21:11:26	2018-03-19 21:20:17	2018-03-19 21:20:17
15	null	null	null	4	4	2018-03-19 21:31:16	2018-03-19 21:31:25	2018-03-19 21:31:25
16	null	null	null	4	4	2018-03-19 21:33:03	2018-03-19 21:33:10	2018-03-19 21:33:10
21	null	null	null	4	4	2018-03-19 21:41:22	2018-03-19 21:41:30	2018-03-19 21:41:30
20	asdf	asdf	asdf	4	4	2018-03-19 21:40:13	2018-03-19 21:41:36	2018-03-19 21:41:36
19	null	null	null	4	4	2018-03-19 21:40:05	2018-03-19 21:41:41	2018-03-19 21:41:41
18	null	null	null	4	4	2018-03-19 21:35:43	2018-03-19 21:41:46	2018-03-19 21:41:46
17	null	null	null	4	4	2018-03-19 21:34:39	2018-03-19 21:41:52	2018-03-19 21:41:52
23	rewr	rw	erwwewe	4	4	2018-03-19 22:05:01	2018-03-19 22:07:36	2018-03-19 22:07:36
22	qwe	qwe	qwe	4	4	2018-03-19 22:04:25	2018-03-19 22:07:42	2018-03-19 22:07:42
24	asdf	asdf	asdf	4	4	2018-03-19 22:07:47	2018-03-19 22:07:52	2018-03-19 22:07:52
30	OPERACIONES	OPERACIONES	operaciones	4	4	2018-03-22 05:52:46	2018-03-22 06:02:59	2018-03-22 06:02:59
29	INTERNOS	INTERNOS	internos	4	4	2018-03-22 05:51:28	2018-03-22 06:03:04	2018-03-22 06:03:04
26	GATEWAY HEALTHCARE	GATEWAY HEALTHCARE	gatewayhealthcare	4	4	2018-03-22 05:50:22	2018-03-22 06:03:08	2018-03-22 06:03:08
31	OTROS	OTROS	otros	4	4	2018-03-22 05:53:56	2018-03-22 06:03:13	2018-03-22 06:03:13
25	test	test	test	4	4	2018-03-20 19:48:28	2018-03-20 19:48:38	2018-03-20 19:48:38
32	SERVIDOR TERMINOLOGICO	SERVIDOR TERMINOLOGICO	servidorterminologico	4	4	2018-03-22 05:54:33	2018-03-22 06:03:17	2018-03-22 06:03:17
3	Aplicacion punto Net	Aplicacion .Net	null	4	4	2018-02-28 14:04:39	2018-03-22 05:51:42	2018-03-22 05:51:42
5	Joomla	Joomla	null	4	4	2018-02-28 14:05:07	2018-03-22 05:51:47	2018-03-22 05:51:47
6	Aplicacion Php	Aplicacion php	null	4	4	2018-02-28 14:05:19	2018-03-22 05:51:53	2018-03-22 05:51:53
7	Php Yii Framework	Php Yii Framework	null	4	4	2018-02-28 14:05:40	2018-03-22 05:51:57	2018-03-22 05:51:57
9	Fremework	Codeigniter	CI	4	4	2018-03-06 05:05:19	2018-03-22 05:52:03	2018-03-22 05:52:03
11	Base de datos	Aplicacion de base de datos	Jfds7634	4	4	2018-03-19 20:42:30	2018-03-22 05:52:10	2018-03-22 05:52:10
12	Business Intelligence	Aplicacion de business intelligence	BI93hr	4	4	2018-03-19 20:43:25	2018-03-22 05:52:15	2018-03-22 05:52:15
1	Aplicacion Nativa	Aplicacion Nativa con algun lenguaje en particular	038238fdds	4	4	2018-02-28 13:25:51	2018-03-22 05:52:20	2018-03-22 05:52:20
4	Wordpress	Wordpress	34gwj3	4	4	2018-02-28 14:05:01	2018-03-22 05:52:25	2018-03-22 05:52:25
8	Laravel Php Framework	Laravel Php Framework	asf434123	4	4	2018-02-28 14:05:49	2018-03-22 05:52:32	2018-03-22 05:52:32
33	SOLUCION HIS HOSPITAL MAIPU	SOLUCION HIS HOSPITAL MAIPU	solucionhis	4	4	2018-03-22 05:55:31	2018-03-22 06:03:22	2018-03-22 06:03:22
34	SIRH	SIRH	sirh	4	4	2018-03-22 05:55:58	2018-03-22 06:03:27	2018-03-22 06:03:27
28	BIG DATA	BIG DATA	bigdata	4	4	2018-03-22 05:50:59	2018-03-22 06:02:44	2018-03-22 06:02:44
35	SURVIH	SURVIH	survih	4	4	2018-03-22 05:56:07	2018-03-22 06:03:40	2018-03-22 06:03:40
36	SIAC	SIAC	siac	4	4	2018-03-22 05:56:18	2018-03-22 06:03:45	2018-03-22 06:03:45
37	SITE Intesis	SITE Intesis	siteintesis	4	4	2018-03-22 05:56:39	2018-03-22 06:03:50	2018-03-22 06:03:50
38	RIS	RIS	ris	4	4	2018-03-22 05:56:55	2018-03-22 06:03:56	2018-03-22 06:03:56
39	CHCC	CHCC	chcc	4	4	2018-03-22 05:57:04	2018-03-22 06:04:00	2018-03-22 06:04:00
40	PAID	PAID	paid	4	4	2018-03-22 05:57:19	2018-03-22 06:04:06	2018-03-22 06:04:06
41	CATALOGO DE IMAGENES	CATALOGO DE IMAGENES	catalogoimagenes	4	4	2018-03-22 05:57:36	2018-03-22 06:04:11	2018-03-22 06:04:11
42	Interrupcion voluntaria del Embarazo	Interrupcion voluntaria del Embarazo	interrupcionvoluntariaembarazo	4	4	2018-03-22 05:58:13	2018-03-22 06:04:25	2018-03-22 06:04:25
43	APP	APP	app001	4	4	2018-03-22 13:08:12	2018-04-04 19:40:37	\N
45	APP y DB	APP y DB	appdb001	4	4	2018-03-22 13:08:29	2018-04-04 19:43:58	\N
46	PROCESO	PROCESO	proc001	4	4	2018-03-22 13:08:40	2018-04-04 19:44:19	\N
47	BI	BI	bi001	4	4	2018-04-04 19:48:16	2018-04-04 19:48:16	\N
48	WEB	WEB	web001	4	4	2018-04-04 19:48:40	2018-04-04 19:48:40	\N
44	DB	DB	db001	4	4	2018-03-22 13:08:19	2018-04-04 19:52:10	\N
\.


--
-- TOC entry 3457 (class 0 OID 604722)
-- Dependencies: 287
-- Data for Name: tipos_clusters; Type: TABLE DATA; Schema: public; Owner: postgres
--

COPY public.tipos_clusters (id_tipo_cluster, nom_tipo_cluster, det_tipo_cluster, cod_tipo_cluster, id_usuario_registra, id_usuario_modifica, created_at, updated_at, deleted_at) FROM stdin;
1	BD	Bases de datos	BD001	\N	\N	\N	\N	\N
2	APP	Aplicaciones	APP001	\N	\N	\N	\N	\N
\.


--
-- TOC entry 3471 (class 0 OID 604806)
-- Dependencies: 301
-- Data for Name: tipos_respaldos_discos; Type: TABLE DATA; Schema: public; Owner: postgres
--

COPY public.tipos_respaldos_discos (id_tipo_respaldo_disco, nom_tipo_respaldo_disco, det_tipo_respaldo_disco, cod_tipo_respaldo_disco, id_usuario_registra, id_usuario_modifica, created_at, updated_at, deleted_at) FROM stdin;
1	Cinta	Cinta	cinta001	4	4	2018-04-09 21:06:11	2018-04-09 21:06:11	\N
2	Disco	Disco	disco001	4	4	2018-04-09 21:06:19	2018-04-09 21:06:19	\N
\.


--
-- TOC entry 3469 (class 0 OID 604795)
-- Dependencies: 299
-- Data for Name: tipos_servidores; Type: TABLE DATA; Schema: public; Owner: postgres
--

COPY public.tipos_servidores (id_tipo_servidor, nom_tipo_servidor, det_tipo_servidor, cod_tipo_servidor, id_usuario_registra, id_usuario_modifica, created_at, updated_at, deleted_at) FROM stdin;
1	APP	Servidor de aplicaciones	app001	4	4	2018-04-09 20:13:30	2018-04-09 20:13:30	\N
2	DB	Servidor de base de datos	db001	4	4	2018-04-09 20:13:46	2018-04-09 20:13:46	\N
3	APP y DB	Servidor de aplicaciones y bases de datos	appydb001	4	4	2018-04-09 20:14:04	2018-04-09 20:14:04	\N
4	PROCESO	Servidor que realiza funciones de procesos de sistema, jobs, crones, etc.	proceso001	4	4	2018-04-09 20:15:26	2018-04-09 20:15:26	\N
5	BALANCEADOR	Servidor balanceador	balanceador001	4	4	2018-04-09 20:15:46	2018-04-09 20:15:46	\N
\.


--
-- TOC entry 3459 (class 0 OID 604733)
-- Dependencies: 289
-- Data for Name: tipos_sistemas_operativos; Type: TABLE DATA; Schema: public; Owner: postgres
--

COPY public.tipos_sistemas_operativos (id_tipo_sistema_operativo, nom_tipo_sistema_operativo, det_tipo_sistema_operativo, cod_tipo_sistema_operativo, id_usuario_registra, id_usuario_modifica, created_at, updated_at, deleted_at) FROM stdin;
1	Mac OS	Mac OS	macos	\N	\N	\N	\N	\N
2	Linux	Linux	linux	\N	\N	\N	\N	\N
3	Windows	Windows	windows	\N	\N	\N	\N	\N
\.


--
-- TOC entry 3420 (class 0 OID 587978)
-- Dependencies: 250
-- Data for Name: tipos_tecnologias_desarrollo; Type: TABLE DATA; Schema: public; Owner: postgres
--

COPY public.tipos_tecnologias_desarrollo (id_tipo_tecnologia_desarrollo, nom_tipo_tecnologia, det_tipo_tecnologia, cod_tipo_tecnologia, id_usuario_registra, id_usuario_modifica, created_at, updated_at, deleted_at) FROM stdin;
\.


--
-- TOC entry 3442 (class 0 OID 588203)
-- Dependencies: 272
-- Data for Name: usuarios; Type: TABLE DATA; Schema: public; Owner: postgres
--

COPY public.usuarios (id_usuario, nom_usuario, nom_completo, ape_paterno, ape_materno, username, email, password, remember_token, id_usuario_registra, id_usuario_modifica, created_at, updated_at, deleted_at) FROM stdin;
3	qweqwe	null	null	null	qwe	esteban.ramos@minsawqel.cl	$2y$10$/wzbajETfyaumw8bTd8GHu3Ml50hxxbjb2HYduh4Cm5SDnpM5aYWW	\N	\N	\N	2018-02-27 19:30:51	2018-02-27 19:32:25	2018-02-27 19:32:25
2	edsaf	null	null	null	aasdasd	esteban.ramos@minsaasdl.cl	$2y$10$EMV5tnLbwP5gAhTXjmVVu.rsn8bkQ9dIt9iay1e6Vj7AenetPnqsy	\N	\N	\N	2018-02-27 13:25:49	2018-02-27 19:32:28	2018-02-27 19:32:28
14	rwer	werwer	werwe	null	werwer	fafas@asf.cl	$2y$10$YPp6V3Do1xSgWspgA/OBVu0xVdd8daBixxJM7M0KJ0gt4l.JpA71W	\N	\N	\N	2018-03-13 20:11:49	2018-03-13 20:12:05	2018-03-13 20:12:05
13	fdsf	sdfsdf	dsfs	null	dsfsd	dsfdsf@sadfa.asd	$2y$10$EyVZgBiQjmmRcjx34s9Nx.ugwHd8lu3Nlp2fVAAgM2s.fqLIp78L6	\N	\N	\N	2018-03-13 20:09:46	2018-03-13 20:12:11	2018-03-13 20:12:11
5	asds	null	asd	asd	asd	estasddeban.ramos.f@gmail.com	$2y$10$efcUhxc91net4pQsHaEOuucB682MsKzYciRQyqtGahn7lZ4/fJp/S	\N	\N	\N	2018-03-06 06:10:38	2018-03-06 06:24:26	2018-03-06 06:24:26
16	erterter	terter	etetter	null	tert	erter@tret.tre	$2y$10$vawhluHPX9EYCxx7juk48un4suWF.xQSqXVEt7dCm8VuSSfSQIKWa	\N	\N	\N	2018-03-13 20:46:16	2018-03-13 21:00:41	2018-03-13 21:00:41
15	tetet	etetete	etet	null	tetet	ette@etet.tet	$2y$10$9NkrZW5uQ9peoq0Nvu9/S.RbAkecXktlmEXC6YLy/ate.eZPBOQ9G	\N	\N	\N	2018-03-13 20:33:24	2018-03-13 21:00:46	2018-03-13 21:00:46
23	retyrty	retyrtyretyrety	rtyrty	rtyy	rtyrteyr	tyrtyr@ytery.cl	$2y$10$pHMqxMAEEJOLpQhNfwVkO.T0vZ7jYllgdrbjqxyLP67nXKlXqX/k6	\N	\N	\N	2018-03-13 20:56:27	2018-03-13 21:00:52	2018-03-13 21:00:52
12	Hugo	Hugo Pino	Pino	null	hpino	hpino@minsal.cl	$2y$10$n2Y/Fu8eE/0s/9cv4iZcyOfjVorwgF4cIZ2FDkw4KcM.N2P2owTlq	\N	\N	\N	2018-03-13 20:01:32	2018-03-13 21:01:11	\N
8	Sergio	Sergio Roca Munoz	Roca	Munoz	sroca	sergio.roca@minsal.cl	$2y$10$bw/VJVt18b9dbHVDn223Hu2N0LAxD4cCrfVbyiBjPEycrdp.bLYDW	\N	\N	\N	2018-03-13 19:12:12	2018-03-13 21:04:27	\N
24	Gustavo	Gustavo Osorio	Osorio	null	gosorio	gustavo.osorio@minsal.cl	$2y$10$c6.9NKlZpBU9XqR.QaDoG.DdyntHqdG5WdJ3mjYxrCGFiFYJds0Ka	\N	\N	\N	2018-03-13 21:05:02	2018-03-13 21:05:02	\N
11	Karina	Karina Itter	Itter	null	null	kitter@minsal.cl	$2y$10$3BKq8s6eWsrCbp0AFMsMmOdCCAAPwEOsDRgPpPoZoAUlyVMWtmU/6	\N	\N	\N	2018-03-13 19:57:56	2018-03-13 21:06:16	\N
10	Jose	Jose Rivero	Rivero	null	jrivero	jose.rivero@minsal.cl	$2y$10$8UWeVpJyGgu.rvxOlUeZPOSg4lqh6UiYiJnrveNafa.4hWA25xi8a	\N	\N	\N	2018-03-13 19:53:23	2018-03-13 21:06:49	\N
9	Victoria	Victoria Garrido	Garrido	null	vgarrido	vgarrido@minsal.cl	$2y$10$lDmmhiTShF7DOsCtpTqN4OUOQuhiW19LVPzk3aPDJyvg5NYq6eyWW	\N	\N	\N	2018-03-13 19:13:40	2018-03-13 21:07:06	\N
25	Nuevo	Nuevo Usuario Prueba	Usuario	Prueba	nup	nup@nup.nup	$2y$10$kcj09pQUPi.Oxmm20t6kYuGR8GbtBQQdlry2PWeU/GgZ1Eydmy4nm	\N	\N	\N	2018-03-14 15:46:52	2018-03-14 16:02:08	2018-03-14 16:02:08
6	wererwe	rwerwer	werwer	werwer	werwerwe	ewrwe@ewre.dfssdf	$2y$10$SmkQ3TBcV0Tpio.sBrR10uTD5hjueAoq0gXKCTR/6WmMhSRiNPlhS	\N	\N	\N	2018-03-13 18:57:50	2018-03-13 19:13:49	2018-03-13 19:13:49
7	adsdad	sdasdsa	sdsadas	dasda	dasd	asdasd@sad.ad	$2y$10$ez0ZyUI7umQ6wyBiPSfRTOvaoEuGJnie1fbnAep0hRdrbaIKDgevC	\N	\N	\N	2018-03-13 19:01:00	2018-03-13 19:13:55	2018-03-13 19:13:55
26	eqwe	qweqwe	qwe	eqwewqe	qweqweq	weq@qwe.cl	$2y$10$7MbMwBObPp4pO5qm1QrJve/FOMFblwDGHXoEM3WPf9r4fCbFWlHrG	\N	\N	\N	2018-03-14 16:01:58	2018-03-14 16:02:14	2018-03-14 16:02:14
1	Esteban	\N	Ramos	\N	eramosf	esteban.ramos@minsal.cl	$2y$10$kgh3UjsyfGaSfwFP5fNFZuDCipgTZlAfyIQ9woaR3mWYoguT.7FAG	cWZEQ6u1BYX8KsORXSzzykWPxdZAJL7DHMc7AsmalUNGLWdoQLcXGDK4Nyxm	\N	\N	2018-02-19 18:08:14	2018-03-29 06:17:39	\N
27	test	test	test	test	testest	test@teset.test	$2y$10$AGVefv00CMW.dn.IbMe1mettsnxJGNAUzgXTjPoVLuGdbNJ5XA3aG	\N	\N	\N	2018-03-20 19:17:31	2018-03-20 19:17:46	2018-03-20 19:17:46
28	test2	test2	test2	test2	test2	test@minsal.cl2	$2y$10$3R21jKze4ADH41u7YR4hAeZ4KOkgwgFhbFD4LHV92rOBKN4dI/tGC	\N	\N	\N	2018-03-20 19:31:56	2018-03-20 19:32:25	2018-03-20 19:32:25
4	Esteban	\N	Ramos	Fernandez	fsdsf	esteban.ramos.f@gmail.com	$2y$10$LqVvP2ZOOp42RP.ifSWY4O.m.LAPo0D0bhqcWpWY2msVWk0Y0evxe	lmgGTY2eNyuzoHnS8yMtDFie2nC1reKTC025mOu5HIMo0osp1Be4NHWXei2O	\N	\N	2018-02-27 23:36:43	2018-03-22 05:04:34	\N
\.


--
-- TOC entry 3408 (class 0 OID 587900)
-- Dependencies: 238
-- Data for Name: usuarios_bitacora_servicios; Type: TABLE DATA; Schema: public; Owner: postgres
--

COPY public.usuarios_bitacora_servicios (id_usuario_bitacora_servicio, id_usuario, id_servicio, id_actividad, asunto, det_bitacora, id_usuario_registra, id_usuario_modifica, created_at, updated_at, deleted_at) FROM stdin;
3	4	1	4	test	test	4	4	2018-03-20 19:43:26	2018-03-20 19:43:38	2018-03-20 19:43:38
1	4	7	1	Cambio en tv minsal	Se realiza cambio menor en formulario de tv minsal.	4	4	2018-03-12 14:49:51	2018-04-02 20:53:22	\N
2	4	7	1	Nuevo cambio tv minsal	Cambio menor tv minsal	4	4	2018-03-12 14:55:59	2018-04-02 20:53:30	\N
11	4	12	4	wqeqweqweqe	wqeqwew	4	4	2018-04-11 20:50:34	2018-04-11 20:52:01	2018-04-11 20:52:01
10	4	12	4	testtt	setsetset	4	4	2018-04-11 20:49:48	2018-04-11 20:52:05	2018-04-11 20:52:05
9	4	12	4	test	test	4	4	2018-04-11 20:45:57	2018-04-11 20:52:08	2018-04-11 20:52:08
8	4	12	4	sad	asd	4	4	2018-04-11 20:43:36	2018-04-11 20:52:10	2018-04-11 20:52:10
6	4	12	4	das	as	4	4	2018-04-11 20:37:17	2018-04-11 20:52:13	2018-04-11 20:52:13
4	4	12	4	asd	ds	4	4	2018-04-11 20:33:50	2018-04-11 20:52:17	2018-04-11 20:52:17
5	4	12	4	das	zd	4	4	2018-04-11 20:36:11	2018-04-11 20:52:20	2018-04-11 20:52:20
7	4	12	4	asunto	bitacora con contenido, mas contenido mas contenido mas contenido mas contenido mas contenido mas contenido mas contenido mas contenido mas contenido	4	4	2018-04-11 20:40:06	2018-04-11 20:56:24	2018-04-11 20:56:24
14	4	12	4	test	test	4	4	2018-04-11 20:58:33	2018-04-11 20:58:36	2018-04-11 20:58:36
13	4	12	4	test	test	4	4	2018-04-11 20:58:30	2018-04-11 20:58:38	2018-04-11 20:58:38
12	4	12	4	test	test	4	4	2018-04-11 20:58:27	2018-04-11 20:58:40	2018-04-11 20:58:40
\.


--
-- TOC entry 3432 (class 0 OID 588044)
-- Dependencies: 262
-- Data for Name: usuarios_cargos; Type: TABLE DATA; Schema: public; Owner: postgres
--

COPY public.usuarios_cargos (id_usuario_cargo, id_usuario, id_cargo, id_usuario_registra, id_usuario_modifica, created_at, updated_at, deleted_at) FROM stdin;
4	4	1	4	4	2018-03-13 18:57:14	2018-03-13 18:57:14	\N
5	4	1	4	4	2018-03-13 18:57:50	2018-03-13 18:57:50	\N
6	6	3	4	4	2018-03-13 18:58:22	2018-03-13 18:58:22	\N
7	4	1	4	4	2018-03-13 19:01:00	2018-03-13 19:01:00	\N
8	7	3	4	4	2018-03-13 19:10:36	2018-03-13 19:10:36	\N
9	4	3	4	4	2018-03-13 19:12:12	2018-03-13 19:12:12	\N
10	4	1	4	4	2018-03-13 19:13:40	2018-03-13 19:13:40	\N
11	4	1	4	4	2018-03-13 19:53:23	2018-03-13 19:53:23	\N
12	4	1	4	4	2018-03-13 19:57:56	2018-03-13 19:57:56	\N
13	4	1	4	4	2018-03-13 20:01:32	2018-03-13 20:01:32	\N
14	4	1	4	4	2018-03-13 20:09:46	2018-03-13 20:09:46	\N
15	4	1	4	4	2018-03-13 20:11:49	2018-03-13 20:11:49	\N
16	4	4	4	4	2018-03-13 20:33:24	2018-03-13 20:33:24	\N
17	4	1	4	4	2018-03-13 20:46:16	2018-03-13 20:46:16	\N
18	23	4	4	4	2018-03-13 20:56:28	2018-03-13 20:56:48	\N
19	12	1	4	4	2018-03-13 21:01:11	2018-03-13 21:01:11	\N
20	8	3	4	4	2018-03-13 21:04:27	2018-03-13 21:04:27	\N
21	24	4	4	4	2018-03-13 21:05:02	2018-03-13 21:05:02	\N
22	11	1	4	4	2018-03-13 21:06:16	2018-03-13 21:06:16	\N
23	10	1	4	4	2018-03-13 21:06:49	2018-03-13 21:06:49	\N
24	9	1	4	4	2018-03-13 21:07:06	2018-03-13 21:07:06	\N
25	25	1	4	4	2018-03-14 15:46:52	2018-03-14 15:46:52	\N
26	26	3	4	4	2018-03-14 16:01:58	2018-03-14 16:01:58	\N
27	27	1	4	4	2018-03-20 19:17:31	2018-03-20 19:17:31	\N
28	28	4	4	4	2018-03-20 19:31:56	2018-03-20 19:31:56	\N
29	1	1	4	4	2018-03-27 19:38:24	2018-03-27 19:38:24	\N
\.


--
-- TOC entry 3406 (class 0 OID 587889)
-- Dependencies: 236
-- Data for Name: usuarios_estados; Type: TABLE DATA; Schema: public; Owner: postgres
--

COPY public.usuarios_estados (id_usuario_estado, id_estado, id_usuario, id_usuario_registra, id_usuario_modifica, created_at, updated_at, deleted_at) FROM stdin;
4	2	4	4	4	2018-03-13 18:57:14	2018-03-13 18:57:14	\N
5	4	4	4	4	2018-03-13 18:57:50	2018-03-13 18:57:50	\N
6	2	6	4	4	2018-03-13 18:58:22	2018-03-13 18:58:22	\N
7	2	4	4	4	2018-03-13 19:01:00	2018-03-13 19:01:00	\N
8	2	7	4	4	2018-03-13 19:10:36	2018-03-13 19:10:36	\N
9	2	4	4	4	2018-03-13 19:12:12	2018-03-13 19:12:12	\N
10	2	4	4	4	2018-03-13 19:13:40	2018-03-13 19:13:40	\N
11	2	4	4	4	2018-03-13 19:53:23	2018-03-13 19:53:23	\N
12	2	4	4	4	2018-03-13 19:57:56	2018-03-13 19:57:56	\N
13	2	4	4	4	2018-03-13 20:01:32	2018-03-13 20:01:32	\N
14	2	4	4	4	2018-03-13 20:09:46	2018-03-13 20:09:46	\N
15	2	4	4	4	2018-03-13 20:11:48	2018-03-13 20:11:48	\N
16	3	4	4	4	2018-03-13 20:33:24	2018-03-13 20:33:24	\N
17	2	4	4	4	2018-03-13 20:46:16	2018-03-13 20:46:16	\N
18	3	23	4	4	2018-03-13 20:56:28	2018-03-13 20:56:48	\N
19	2	12	4	4	2018-03-13 21:01:11	2018-03-13 21:01:11	\N
20	2	8	4	4	2018-03-13 21:04:27	2018-03-13 21:04:27	\N
21	2	24	4	4	2018-03-13 21:05:02	2018-03-13 21:05:02	\N
22	2	11	4	4	2018-03-13 21:06:16	2018-03-13 21:06:16	\N
23	2	10	4	4	2018-03-13 21:06:49	2018-03-13 21:06:49	\N
24	2	9	4	4	2018-03-13 21:07:06	2018-03-13 21:07:06	\N
25	2	25	4	4	2018-03-14 15:46:52	2018-03-14 15:46:52	\N
26	3	26	4	4	2018-03-14 16:01:58	2018-03-14 16:01:58	\N
27	2	27	4	4	2018-03-20 19:17:31	2018-03-20 19:17:31	\N
28	2	28	4	4	2018-03-20 19:31:56	2018-03-20 19:31:56	\N
29	2	1	4	4	2018-03-27 19:38:24	2018-03-27 19:38:24	\N
\.


--
-- TOC entry 3405 (class 0 OID 587885)
-- Dependencies: 235
-- Data for Name: usuarios_roles; Type: TABLE DATA; Schema: public; Owner: postgres
--

COPY public.usuarios_roles (id_usuario_role, id_role, id_usuario, id_usuario_registra, id_usuario_modifica, created_at, updated_at, deleted_at) FROM stdin;
18	64	23	4	4	2018-03-13 20:56:27	2018-03-13 20:56:48	\N
19	62	12	4	4	2018-03-13 21:01:11	2018-03-13 21:01:11	\N
20	62	4	4	4	2018-03-13 21:03:43	2018-03-13 21:03:43	\N
21	62	8	4	4	2018-03-13 21:04:27	2018-03-13 21:04:27	\N
22	62	24	4	4	2018-03-13 21:05:02	2018-03-13 21:05:02	\N
23	62	11	4	4	2018-03-13 21:06:16	2018-03-13 21:06:16	\N
24	62	10	4	4	2018-03-13 21:06:49	2018-03-13 21:06:49	\N
25	62	9	4	4	2018-03-13 21:07:06	2018-03-13 21:07:06	\N
26	63	25	4	4	2018-03-14 15:46:52	2018-03-14 15:46:52	\N
27	64	26	4	4	2018-03-14 16:01:58	2018-03-14 16:01:58	\N
28	71	27	4	4	2018-03-20 19:17:31	2018-03-20 19:17:31	\N
29	71	28	4	4	2018-03-20 19:31:56	2018-03-20 19:31:56	\N
30	70	1	4	4	2018-03-27 19:38:24	2018-03-29 06:17:39	\N
\.


--
-- TOC entry 3430 (class 0 OID 588033)
-- Dependencies: 260
-- Data for Name: usuarios_servicios; Type: TABLE DATA; Schema: public; Owner: postgres
--

COPY public.usuarios_servicios (id_usuario_servicio, id_usuario, id_servicio, id_usuario_registra, id_usuario_modifica, created_at, updated_at, deleted_at) FROM stdin;
\.


--
-- TOC entry 3467 (class 0 OID 604784)
-- Dependencies: 297
-- Data for Name: vlans; Type: TABLE DATA; Schema: public; Owner: postgres
--

COPY public.vlans (id_vlan, nom_vlan, det_vlan, cod_vlan, id_usuario_registra, id_usuario_modifica, created_at, updated_at, deleted_at) FROM stdin;
1	ad	asd	asd	4	4	2018-04-09 15:06:47	2018-04-09 15:06:58	2018-04-09 15:06:58
2	DMZ	Front end Zona DMZ	dmz001	4	4	2018-04-09 15:40:08	2018-04-09 16:17:17	\N
3	INT	Red interna	int001	4	4	2018-04-09 16:17:59	2018-04-09 19:10:56	\N
\.


--
-- TOC entry 3483 (class 0 OID 0)
-- Dependencies: 210
-- Name: accesos_aplicaciones_id_seq; Type: SEQUENCE SET; Schema: public; Owner: postgres
--

SELECT pg_catalog.setval('public.accesos_aplicaciones_id_seq', 2, true);


--
-- TOC entry 3484 (class 0 OID 0)
-- Dependencies: 211
-- Name: accesos_servidores_id_seq; Type: SEQUENCE SET; Schema: public; Owner: postgres
--

SELECT pg_catalog.setval('public.accesos_servidores_id_seq', 6, true);


--
-- TOC entry 3485 (class 0 OID 0)
-- Dependencies: 223
-- Name: actividades_id_seq; Type: SEQUENCE SET; Schema: public; Owner: postgres
--

SELECT pg_catalog.setval('public.actividades_id_seq', 13, true);


--
-- TOC entry 3486 (class 0 OID 0)
-- Dependencies: 224
-- Name: actividades_tags_id_seq; Type: SEQUENCE SET; Schema: public; Owner: postgres
--

SELECT pg_catalog.setval('public.actividades_tags_id_seq', 1, false);


--
-- TOC entry 3487 (class 0 OID 0)
-- Dependencies: 278
-- Name: ambientes_id_seq; Type: SEQUENCE SET; Schema: public; Owner: postgres
--

SELECT pg_catalog.setval('public.ambientes_id_seq', 4, true);


--
-- TOC entry 3488 (class 0 OID 0)
-- Dependencies: 208
-- Name: aplicaciones_estados_id_seq; Type: SEQUENCE SET; Schema: public; Owner: postgres
--

SELECT pg_catalog.setval('public.aplicaciones_estados_id_seq', 1, false);


--
-- TOC entry 3489 (class 0 OID 0)
-- Dependencies: 209
-- Name: aplicaciones_id_seq; Type: SEQUENCE SET; Schema: public; Owner: postgres
--

SELECT pg_catalog.setval('public.aplicaciones_id_seq', 252, true);


--
-- TOC entry 3490 (class 0 OID 0)
-- Dependencies: 221
-- Name: aplicaciones_tags_id_seq; Type: SEQUENCE SET; Schema: public; Owner: postgres
--

SELECT pg_catalog.setval('public.aplicaciones_tags_id_seq', 1, false);


--
-- TOC entry 3491 (class 0 OID 0)
-- Dependencies: 219
-- Name: aplicaciones_tecnologias_id_seq; Type: SEQUENCE SET; Schema: public; Owner: postgres
--

SELECT pg_catalog.setval('public.aplicaciones_tecnologias_id_seq', 1, false);


--
-- TOC entry 3492 (class 0 OID 0)
-- Dependencies: 231
-- Name: cargos_id_seq; Type: SEQUENCE SET; Schema: public; Owner: postgres
--

SELECT pg_catalog.setval('public.cargos_id_seq', 6, true);


--
-- TOC entry 3493 (class 0 OID 0)
-- Dependencies: 229
-- Name: catalogos_servicios_id_seq; Type: SEQUENCE SET; Schema: public; Owner: postgres
--

SELECT pg_catalog.setval('public.catalogos_servicios_id_seq', 1, false);


--
-- TOC entry 3494 (class 0 OID 0)
-- Dependencies: 264
-- Name: catalogos_servicios_tags_id_seq; Type: SEQUENCE SET; Schema: public; Owner: postgres
--

SELECT pg_catalog.setval('public.catalogos_servicios_tags_id_seq', 1, false);


--
-- TOC entry 3495 (class 0 OID 0)
-- Dependencies: 284
-- Name: clusters_id_seq; Type: SEQUENCE SET; Schema: public; Owner: postgres
--

SELECT pg_catalog.setval('public.clusters_id_seq', 2, true);


--
-- TOC entry 3496 (class 0 OID 0)
-- Dependencies: 215
-- Name: datacentros_id_seq; Type: SEQUENCE SET; Schema: public; Owner: postgres
--

SELECT pg_catalog.setval('public.datacentros_id_seq', 6, true);


--
-- TOC entry 3497 (class 0 OID 0)
-- Dependencies: 213
-- Name: dominios_id_seq; Type: SEQUENCE SET; Schema: public; Owner: postgres
--

SELECT pg_catalog.setval('public.dominios_id_seq', 5, true);


--
-- TOC entry 3498 (class 0 OID 0)
-- Dependencies: 266
-- Name: entregas_credenciales_usuarios_id_seq; Type: SEQUENCE SET; Schema: public; Owner: postgres
--

SELECT pg_catalog.setval('public.entregas_credenciales_usuarios_id_seq', 1, false);


--
-- TOC entry 3499 (class 0 OID 0)
-- Dependencies: 205
-- Name: estados_id_seq; Type: SEQUENCE SET; Schema: public; Owner: postgres
--

SELECT pg_catalog.setval('public.estados_id_seq', 11, true);


--
-- TOC entry 3500 (class 0 OID 0)
-- Dependencies: 214
-- Name: fuentes_aplicaciones_id_seq; Type: SEQUENCE SET; Schema: public; Owner: postgres
--

SELECT pg_catalog.setval('public.fuentes_aplicaciones_id_seq', 1, false);


--
-- TOC entry 3501 (class 0 OID 0)
-- Dependencies: 282
-- Name: idiomas_id_seq; Type: SEQUENCE SET; Schema: public; Owner: postgres
--

SELECT pg_catalog.setval('public.idiomas_id_seq', 5, true);


--
-- TOC entry 3502 (class 0 OID 0)
-- Dependencies: 269
-- Name: log_navegacion_id_seq; Type: SEQUENCE SET; Schema: public; Owner: postgres
--

SELECT pg_catalog.setval('public.log_navegacion_id_seq', 1, false);


--
-- TOC entry 3503 (class 0 OID 0)
-- Dependencies: 293
-- Name: mantenedores_id_seq; Type: SEQUENCE SET; Schema: public; Owner: postgres
--

SELECT pg_catalog.setval('public.mantenedores_id_seq', 24, true);


--
-- TOC entry 3504 (class 0 OID 0)
-- Dependencies: 292
-- Name: menus_id_seq; Type: SEQUENCE SET; Schema: public; Owner: postgres
--

SELECT pg_catalog.setval('public.menus_id_seq', 9, true);


--
-- TOC entry 3505 (class 0 OID 0)
-- Dependencies: 273
-- Name: migrations_id_seq; Type: SEQUENCE SET; Schema: public; Owner: postgres
--

SELECT pg_catalog.setval('public.migrations_id_seq', 2, true);


--
-- TOC entry 3506 (class 0 OID 0)
-- Dependencies: 202
-- Name: permisos_id_seq; Type: SEQUENCE SET; Schema: public; Owner: postgres
--

SELECT pg_catalog.setval('public.permisos_id_seq', 22, true);


--
-- TOC entry 3507 (class 0 OID 0)
-- Dependencies: 200
-- Name: roles_id_seq; Type: SEQUENCE SET; Schema: public; Owner: postgres
--

SELECT pg_catalog.setval('public.roles_id_seq', 72, true);


--
-- TOC entry 3508 (class 0 OID 0)
-- Dependencies: 201
-- Name: roles_permisos_id_seq; Type: SEQUENCE SET; Schema: public; Owner: postgres
--

SELECT pg_catalog.setval('public.roles_permisos_id_seq', 70, true);


--
-- TOC entry 3509 (class 0 OID 0)
-- Dependencies: 207
-- Name: servicios_estados_id_seq; Type: SEQUENCE SET; Schema: public; Owner: postgres
--

SELECT pg_catalog.setval('public.servicios_estados_id_seq', 1, false);


--
-- TOC entry 3510 (class 0 OID 0)
-- Dependencies: 222
-- Name: servicios_id_seq; Type: SEQUENCE SET; Schema: public; Owner: postgres
--

SELECT pg_catalog.setval('public.servicios_id_seq', 29, true);


--
-- TOC entry 3511 (class 0 OID 0)
-- Dependencies: 227
-- Name: servicios_permisos_id_seq; Type: SEQUENCE SET; Schema: public; Owner: postgres
--

SELECT pg_catalog.setval('public.servicios_permisos_id_seq', 1, false);


--
-- TOC entry 3512 (class 0 OID 0)
-- Dependencies: 225
-- Name: servicios_tags_id_seq; Type: SEQUENCE SET; Schema: public; Owner: postgres
--

SELECT pg_catalog.setval('public.servicios_tags_id_seq', 1, false);


--
-- TOC entry 3513 (class 0 OID 0)
-- Dependencies: 302
-- Name: servicios_usuarios_id_seq; Type: SEQUENCE SET; Schema: public; Owner: postgres
--

SELECT pg_catalog.setval('public.servicios_usuarios_id_seq', 40, true);


--
-- TOC entry 3514 (class 0 OID 0)
-- Dependencies: 212
-- Name: servidor_aplicaciones_id_seq; Type: SEQUENCE SET; Schema: public; Owner: postgres
--

SELECT pg_catalog.setval('public.servidor_aplicaciones_id_seq', 932, true);


--
-- TOC entry 3515 (class 0 OID 0)
-- Dependencies: 276
-- Name: servidor_estado_id_seq; Type: SEQUENCE SET; Schema: public; Owner: postgres
--

SELECT pg_catalog.setval('public.servidor_estado_id_seq', 497, true);


--
-- TOC entry 3516 (class 0 OID 0)
-- Dependencies: 280
-- Name: servidor_historico_cambios_id_seq; Type: SEQUENCE SET; Schema: public; Owner: postgres
--

SELECT pg_catalog.setval('public.servidor_historico_cambios_id_seq', 62, true);


--
-- TOC entry 3517 (class 0 OID 0)
-- Dependencies: 290
-- Name: servidores_lvm_id_seq; Type: SEQUENCE SET; Schema: public; Owner: postgres
--

SELECT pg_catalog.setval('public.servidores_lvm_id_seq', 4, true);


--
-- TOC entry 3518 (class 0 OID 0)
-- Dependencies: 216
-- Name: sistemas_operativos_id_seq; Type: SEQUENCE SET; Schema: public; Owner: postgres
--

SELECT pg_catalog.setval('public.sistemas_operativos_id_seq', 54, true);


--
-- TOC entry 3519 (class 0 OID 0)
-- Dependencies: 226
-- Name: tags_id_seq; Type: SEQUENCE SET; Schema: public; Owner: postgres
--

SELECT pg_catalog.setval('public.tags_id_seq', 3, true);


--
-- TOC entry 3520 (class 0 OID 0)
-- Dependencies: 220
-- Name: tecnologia_desarrollo_id_seq; Type: SEQUENCE SET; Schema: public; Owner: postgres
--

SELECT pg_catalog.setval('public.tecnologia_desarrollo_id_seq', 1, false);


--
-- TOC entry 3521 (class 0 OID 0)
-- Dependencies: 217
-- Name: tipos_aplicaciones_id_seq; Type: SEQUENCE SET; Schema: public; Owner: postgres
--

SELECT pg_catalog.setval('public.tipos_aplicaciones_id_seq', 48, true);


--
-- TOC entry 3522 (class 0 OID 0)
-- Dependencies: 286
-- Name: tipos_clusters_id_seq; Type: SEQUENCE SET; Schema: public; Owner: postgres
--

SELECT pg_catalog.setval('public.tipos_clusters_id_seq', 2, true);


--
-- TOC entry 3523 (class 0 OID 0)
-- Dependencies: 300
-- Name: tipos_respaldos_discos_id_seq; Type: SEQUENCE SET; Schema: public; Owner: postgres
--

SELECT pg_catalog.setval('public.tipos_respaldos_discos_id_seq', 2, true);


--
-- TOC entry 3524 (class 0 OID 0)
-- Dependencies: 298
-- Name: tipos_servidores_id_seq; Type: SEQUENCE SET; Schema: public; Owner: postgres
--

SELECT pg_catalog.setval('public.tipos_servidores_id_seq', 5, true);


--
-- TOC entry 3525 (class 0 OID 0)
-- Dependencies: 288
-- Name: tipos_sistemas_operativos_id_seq; Type: SEQUENCE SET; Schema: public; Owner: postgres
--

SELECT pg_catalog.setval('public.tipos_sistemas_operativos_id_seq', 3, true);


--
-- TOC entry 3526 (class 0 OID 0)
-- Dependencies: 218
-- Name: tipos_tecnologias_desarrollo_id_seq; Type: SEQUENCE SET; Schema: public; Owner: postgres
--

SELECT pg_catalog.setval('public.tipos_tecnologias_desarrollo_id_seq', 1, false);


--
-- TOC entry 3527 (class 0 OID 0)
-- Dependencies: 206
-- Name: usuarios_bitacora_servicios_id_seq; Type: SEQUENCE SET; Schema: public; Owner: postgres
--

SELECT pg_catalog.setval('public.usuarios_bitacora_servicios_id_seq', 14, true);


--
-- TOC entry 3528 (class 0 OID 0)
-- Dependencies: 230
-- Name: usuarios_cargos_id_seq; Type: SEQUENCE SET; Schema: public; Owner: postgres
--

SELECT pg_catalog.setval('public.usuarios_cargos_id_seq', 29, true);


--
-- TOC entry 3529 (class 0 OID 0)
-- Dependencies: 204
-- Name: usuarios_estados_id_seq; Type: SEQUENCE SET; Schema: public; Owner: postgres
--

SELECT pg_catalog.setval('public.usuarios_estados_id_seq', 29, true);


--
-- TOC entry 3530 (class 0 OID 0)
-- Dependencies: 271
-- Name: usuarios_id_seq; Type: SEQUENCE SET; Schema: public; Owner: postgres
--

SELECT pg_catalog.setval('public.usuarios_id_seq', 28, true);


--
-- TOC entry 3531 (class 0 OID 0)
-- Dependencies: 203
-- Name: usuarios_roles_id_seq; Type: SEQUENCE SET; Schema: public; Owner: postgres
--

SELECT pg_catalog.setval('public.usuarios_roles_id_seq', 30, true);


--
-- TOC entry 3532 (class 0 OID 0)
-- Dependencies: 228
-- Name: usuarios_servicios_id_seq; Type: SEQUENCE SET; Schema: public; Owner: postgres
--

SELECT pg_catalog.setval('public.usuarios_servicios_id_seq', 1, false);


--
-- TOC entry 3533 (class 0 OID 0)
-- Dependencies: 296
-- Name: vlans_id_seq; Type: SEQUENCE SET; Schema: public; Owner: postgres
--

SELECT pg_catalog.setval('public.vlans_id_seq', 3, true);


--
-- TOC entry 3163 (class 2606 OID 596493)
-- Name: aplicaciones_accesos accesos_aplicaciones_pkey; Type: CONSTRAINT; Schema: public; Owner: postgres
--

ALTER TABLE ONLY public.aplicaciones_accesos
    ADD CONSTRAINT accesos_aplicaciones_pkey PRIMARY KEY (id_aplicacion_acceso);


--
-- TOC entry 3165 (class 2606 OID 588191)
-- Name: servidores_accesos accesos_servidores_pkey; Type: CONSTRAINT; Schema: public; Owner: postgres
--

ALTER TABLE ONLY public.servidores_accesos
    ADD CONSTRAINT accesos_servidores_pkey PRIMARY KEY (id_servidor_acceso);


--
-- TOC entry 3189 (class 2606 OID 588064)
-- Name: actividades actividades_pkey; Type: CONSTRAINT; Schema: public; Owner: postgres
--

ALTER TABLE ONLY public.actividades
    ADD CONSTRAINT actividades_pkey PRIMARY KEY (id_actividad);


--
-- TOC entry 3191 (class 2606 OID 588067)
-- Name: actividades_tags actividades_tags_pkey; Type: CONSTRAINT; Schema: public; Owner: postgres
--

ALTER TABLE ONLY public.actividades_tags
    ADD CONSTRAINT actividades_tags_pkey PRIMARY KEY (id_actividad_tag);


--
-- TOC entry 3220 (class 2606 OID 596512)
-- Name: ambientes ambientes_pkey; Type: CONSTRAINT; Schema: public; Owner: postgres
--

ALTER TABLE ONLY public.ambientes
    ADD CONSTRAINT ambientes_pkey PRIMARY KEY (id_ambiente);


--
-- TOC entry 3159 (class 2606 OID 588073)
-- Name: aplicaciones_estados aplicaciones_estados_pkey; Type: CONSTRAINT; Schema: public; Owner: postgres
--

ALTER TABLE ONLY public.aplicaciones_estados
    ADD CONSTRAINT aplicaciones_estados_pkey PRIMARY KEY (id_aplicacion_estado);


--
-- TOC entry 3161 (class 2606 OID 588070)
-- Name: aplicaciones aplicaciones_pkey; Type: CONSTRAINT; Schema: public; Owner: postgres
--

ALTER TABLE ONLY public.aplicaciones
    ADD CONSTRAINT aplicaciones_pkey PRIMARY KEY (id_aplicacion);


--
-- TOC entry 3185 (class 2606 OID 588076)
-- Name: aplicaciones_tags aplicaciones_tags_pkey; Type: CONSTRAINT; Schema: public; Owner: postgres
--

ALTER TABLE ONLY public.aplicaciones_tags
    ADD CONSTRAINT aplicaciones_tags_pkey PRIMARY KEY (id_aplicacion_tag);


--
-- TOC entry 3181 (class 2606 OID 588079)
-- Name: aplicaciones_tecnologias aplicaciones_tecnologias_pkey; Type: CONSTRAINT; Schema: public; Owner: postgres
--

ALTER TABLE ONLY public.aplicaciones_tecnologias
    ADD CONSTRAINT aplicaciones_tecnologias_pkey PRIMARY KEY (id_aplicacion_tecnologia);


--
-- TOC entry 3205 (class 2606 OID 588082)
-- Name: cargos cargos_pkey; Type: CONSTRAINT; Schema: public; Owner: postgres
--

ALTER TABLE ONLY public.cargos
    ADD CONSTRAINT cargos_pkey PRIMARY KEY (id_cargo);


--
-- TOC entry 3201 (class 2606 OID 588085)
-- Name: catalogos_servicios catalogos_servicios_pkey; Type: CONSTRAINT; Schema: public; Owner: postgres
--

ALTER TABLE ONLY public.catalogos_servicios
    ADD CONSTRAINT catalogos_servicios_pkey PRIMARY KEY (id_catalogo_servicio);


--
-- TOC entry 3207 (class 2606 OID 588218)
-- Name: catalogos_servicios_tags catalogos_servicios_tags_pkey; Type: CONSTRAINT; Schema: public; Owner: postgres
--

ALTER TABLE ONLY public.catalogos_servicios_tags
    ADD CONSTRAINT catalogos_servicios_tags_pkey PRIMARY KEY (id_catalogo_servicio_tag);


--
-- TOC entry 3226 (class 2606 OID 596549)
-- Name: clusters clusters_pkey; Type: CONSTRAINT; Schema: public; Owner: postgres
--

ALTER TABLE ONLY public.clusters
    ADD CONSTRAINT clusters_pkey PRIMARY KEY (id_cluster);


--
-- TOC entry 3173 (class 2606 OID 588088)
-- Name: datacentros datacentros_pkey; Type: CONSTRAINT; Schema: public; Owner: postgres
--

ALTER TABLE ONLY public.datacentros
    ADD CONSTRAINT datacentros_pkey PRIMARY KEY (id_datacentro);


--
-- TOC entry 3169 (class 2606 OID 588091)
-- Name: dominios dominios_pkey; Type: CONSTRAINT; Schema: public; Owner: postgres
--

ALTER TABLE ONLY public.dominios
    ADD CONSTRAINT dominios_pkey PRIMARY KEY (id_dominio);


--
-- TOC entry 3209 (class 2606 OID 588182)
-- Name: entregas_credenciales_usuarios entregas_credenciales_usuarios_pkey; Type: CONSTRAINT; Schema: public; Owner: postgres
--

ALTER TABLE ONLY public.entregas_credenciales_usuarios
    ADD CONSTRAINT entregas_credenciales_usuarios_pkey PRIMARY KEY (id_entrega_credencial_usuario);


--
-- TOC entry 3153 (class 2606 OID 588094)
-- Name: estados estados_pkey; Type: CONSTRAINT; Schema: public; Owner: postgres
--

ALTER TABLE ONLY public.estados
    ADD CONSTRAINT estados_pkey PRIMARY KEY (id_estado);


--
-- TOC entry 3218 (class 2606 OID 596501)
-- Name: servidores_estados estados_servidores_pkey; Type: CONSTRAINT; Schema: public; Owner: postgres
--

ALTER TABLE ONLY public.servidores_estados
    ADD CONSTRAINT estados_servidores_pkey PRIMARY KEY (id_servidor_estado);


--
-- TOC entry 3171 (class 2606 OID 588097)
-- Name: fuentes_aplicaciones fuentes_aplicaciones_pkey; Type: CONSTRAINT; Schema: public; Owner: postgres
--

ALTER TABLE ONLY public.fuentes_aplicaciones
    ADD CONSTRAINT fuentes_aplicaciones_pkey PRIMARY KEY (id_fuente_aplicacion);


--
-- TOC entry 3224 (class 2606 OID 596538)
-- Name: idiomas idiomas_pkey; Type: CONSTRAINT; Schema: public; Owner: postgres
--

ALTER TABLE ONLY public.idiomas
    ADD CONSTRAINT idiomas_pkey PRIMARY KEY (id_idioma);


--
-- TOC entry 3211 (class 2606 OID 588214)
-- Name: log_navegacion log_navegacion_pkey; Type: CONSTRAINT; Schema: public; Owner: postgres
--

ALTER TABLE ONLY public.log_navegacion
    ADD CONSTRAINT log_navegacion_pkey PRIMARY KEY (id_log_navegacion);


--
-- TOC entry 3236 (class 2606 OID 604771)
-- Name: mantenedores mantenedores_pkey; Type: CONSTRAINT; Schema: public; Owner: postgres
--

ALTER TABLE ONLY public.mantenedores
    ADD CONSTRAINT mantenedores_pkey PRIMARY KEY (id_mantenedor);


--
-- TOC entry 3234 (class 2606 OID 604762)
-- Name: menus menus_pkey; Type: CONSTRAINT; Schema: public; Owner: postgres
--

ALTER TABLE ONLY public.menus
    ADD CONSTRAINT menus_pkey PRIMARY KEY (id_menu);


--
-- TOC entry 3215 (class 2606 OID 588268)
-- Name: migrations migrations_pkey; Type: CONSTRAINT; Schema: public; Owner: postgres
--

ALTER TABLE ONLY public.migrations
    ADD CONSTRAINT migrations_pkey PRIMARY KEY (id);


--
-- TOC entry 3147 (class 2606 OID 588100)
-- Name: permisos permisos_pkey; Type: CONSTRAINT; Schema: public; Owner: postgres
--

ALTER TABLE ONLY public.permisos
    ADD CONSTRAINT permisos_pkey PRIMARY KEY (id_permiso);


--
-- TOC entry 3145 (class 2606 OID 588106)
-- Name: roles_permisos roles_permisos_pkey; Type: CONSTRAINT; Schema: public; Owner: postgres
--

ALTER TABLE ONLY public.roles_permisos
    ADD CONSTRAINT roles_permisos_pkey PRIMARY KEY (id_role_permiso);


--
-- TOC entry 3143 (class 2606 OID 588103)
-- Name: roles roles_pkey; Type: CONSTRAINT; Schema: public; Owner: postgres
--

ALTER TABLE ONLY public.roles
    ADD CONSTRAINT roles_pkey PRIMARY KEY (id_role);


--
-- TOC entry 3157 (class 2606 OID 588112)
-- Name: servicios_estados servicios_estados_pkey; Type: CONSTRAINT; Schema: public; Owner: postgres
--

ALTER TABLE ONLY public.servicios_estados
    ADD CONSTRAINT servicios_estados_pkey PRIMARY KEY (id_servicio_estado);


--
-- TOC entry 3197 (class 2606 OID 588115)
-- Name: servicios_permisos servicios_permisos_pkey; Type: CONSTRAINT; Schema: public; Owner: postgres
--

ALTER TABLE ONLY public.servicios_permisos
    ADD CONSTRAINT servicios_permisos_pkey PRIMARY KEY (id_servicio_permiso);


--
-- TOC entry 3187 (class 2606 OID 588109)
-- Name: servicios servicios_pkey; Type: CONSTRAINT; Schema: public; Owner: postgres
--

ALTER TABLE ONLY public.servicios
    ADD CONSTRAINT servicios_pkey PRIMARY KEY (id_servicio);


--
-- TOC entry 3193 (class 2606 OID 588159)
-- Name: servicios_tags servicios_tags_pkey; Type: CONSTRAINT; Schema: public; Owner: postgres
--

ALTER TABLE ONLY public.servicios_tags
    ADD CONSTRAINT servicios_tags_pkey PRIMARY KEY (id_servicio_tag);


--
-- TOC entry 3244 (class 2606 OID 604822)
-- Name: servicios_usuarios servicios_usuarios_pkey; Type: CONSTRAINT; Schema: public; Owner: postgres
--

ALTER TABLE ONLY public.servicios_usuarios
    ADD CONSTRAINT servicios_usuarios_pkey PRIMARY KEY (id_servicio_usuario);


--
-- TOC entry 3167 (class 2606 OID 588121)
-- Name: servidores servidor_aplicaciones_pkey; Type: CONSTRAINT; Schema: public; Owner: postgres
--

ALTER TABLE ONLY public.servidores
    ADD CONSTRAINT servidor_aplicaciones_pkey PRIMARY KEY (id_servidor);


--
-- TOC entry 3222 (class 2606 OID 596523)
-- Name: servidores_historico_cambios servidor_historico_cambios_pkey; Type: CONSTRAINT; Schema: public; Owner: postgres
--

ALTER TABLE ONLY public.servidores_historico_cambios
    ADD CONSTRAINT servidor_historico_cambios_pkey PRIMARY KEY (id_servidor_historico);


--
-- TOC entry 3232 (class 2606 OID 604749)
-- Name: servidores_lvms servidores_lvms_pkey; Type: CONSTRAINT; Schema: public; Owner: postgres
--

ALTER TABLE ONLY public.servidores_lvms
    ADD CONSTRAINT servidores_lvms_pkey PRIMARY KEY (id_servidor_lvm);


--
-- TOC entry 3175 (class 2606 OID 588124)
-- Name: sistemas_operativos sistemas_operativos_pkey; Type: CONSTRAINT; Schema: public; Owner: postgres
--

ALTER TABLE ONLY public.sistemas_operativos
    ADD CONSTRAINT sistemas_operativos_pkey PRIMARY KEY (id_sistema_operativo);


--
-- TOC entry 3195 (class 2606 OID 588127)
-- Name: tags tags_pkey; Type: CONSTRAINT; Schema: public; Owner: postgres
--

ALTER TABLE ONLY public.tags
    ADD CONSTRAINT tags_pkey PRIMARY KEY (id_tag);


--
-- TOC entry 3183 (class 2606 OID 588130)
-- Name: tecnologia_desarrollo tecnologia_desarrollo_pkey; Type: CONSTRAINT; Schema: public; Owner: postgres
--

ALTER TABLE ONLY public.tecnologia_desarrollo
    ADD CONSTRAINT tecnologia_desarrollo_pkey PRIMARY KEY (id_tecnologia_desarrollo);


--
-- TOC entry 3177 (class 2606 OID 588133)
-- Name: tipos_aplicaciones tipos_aplicaciones_pkey; Type: CONSTRAINT; Schema: public; Owner: postgres
--

ALTER TABLE ONLY public.tipos_aplicaciones
    ADD CONSTRAINT tipos_aplicaciones_pkey PRIMARY KEY (id_tipo_aplicacion);


--
-- TOC entry 3228 (class 2606 OID 604730)
-- Name: tipos_clusters tipos_clusters_pkey; Type: CONSTRAINT; Schema: public; Owner: postgres
--

ALTER TABLE ONLY public.tipos_clusters
    ADD CONSTRAINT tipos_clusters_pkey PRIMARY KEY (id_tipo_cluster);


--
-- TOC entry 3242 (class 2606 OID 604814)
-- Name: tipos_respaldos_discos tipos_respaldos_discos_pkey; Type: CONSTRAINT; Schema: public; Owner: postgres
--

ALTER TABLE ONLY public.tipos_respaldos_discos
    ADD CONSTRAINT tipos_respaldos_discos_pkey PRIMARY KEY (id_tipo_respaldo_disco);


--
-- TOC entry 3240 (class 2606 OID 604803)
-- Name: tipos_servidores tipos_servidores_pkey; Type: CONSTRAINT; Schema: public; Owner: postgres
--

ALTER TABLE ONLY public.tipos_servidores
    ADD CONSTRAINT tipos_servidores_pkey PRIMARY KEY (id_tipo_servidor);


--
-- TOC entry 3230 (class 2606 OID 604741)
-- Name: tipos_sistemas_operativos tipos_sistemas_operativos_pkey; Type: CONSTRAINT; Schema: public; Owner: postgres
--

ALTER TABLE ONLY public.tipos_sistemas_operativos
    ADD CONSTRAINT tipos_sistemas_operativos_pkey PRIMARY KEY (id_tipo_sistema_operativo);


--
-- TOC entry 3179 (class 2606 OID 588136)
-- Name: tipos_tecnologias_desarrollo tipos_tecnologias_desarrollo_pkey; Type: CONSTRAINT; Schema: public; Owner: postgres
--

ALTER TABLE ONLY public.tipos_tecnologias_desarrollo
    ADD CONSTRAINT tipos_tecnologias_desarrollo_pkey PRIMARY KEY (id_tipo_tecnologia_desarrollo);


--
-- TOC entry 3155 (class 2606 OID 588139)
-- Name: usuarios_bitacora_servicios usuarios_bitacora_servicios_pkey; Type: CONSTRAINT; Schema: public; Owner: postgres
--

ALTER TABLE ONLY public.usuarios_bitacora_servicios
    ADD CONSTRAINT usuarios_bitacora_servicios_pkey PRIMARY KEY (id_usuario_bitacora_servicio);


--
-- TOC entry 3203 (class 2606 OID 588142)
-- Name: usuarios_cargos usuarios_cargos_pkey; Type: CONSTRAINT; Schema: public; Owner: postgres
--

ALTER TABLE ONLY public.usuarios_cargos
    ADD CONSTRAINT usuarios_cargos_pkey PRIMARY KEY (id_usuario_cargo);


--
-- TOC entry 3151 (class 2606 OID 588145)
-- Name: usuarios_estados usuarios_estados_pkey; Type: CONSTRAINT; Schema: public; Owner: postgres
--

ALTER TABLE ONLY public.usuarios_estados
    ADD CONSTRAINT usuarios_estados_pkey PRIMARY KEY (id_usuario_estado);


--
-- TOC entry 3213 (class 2606 OID 588211)
-- Name: usuarios usuarios_pkey; Type: CONSTRAINT; Schema: public; Owner: postgres
--

ALTER TABLE ONLY public.usuarios
    ADD CONSTRAINT usuarios_pkey PRIMARY KEY (id_usuario);


--
-- TOC entry 3149 (class 2606 OID 588148)
-- Name: usuarios_roles usuarios_roles_pkey; Type: CONSTRAINT; Schema: public; Owner: postgres
--

ALTER TABLE ONLY public.usuarios_roles
    ADD CONSTRAINT usuarios_roles_pkey PRIMARY KEY (id_usuario_role);


--
-- TOC entry 3199 (class 2606 OID 588151)
-- Name: usuarios_servicios usuarios_servicios_pkey; Type: CONSTRAINT; Schema: public; Owner: postgres
--

ALTER TABLE ONLY public.usuarios_servicios
    ADD CONSTRAINT usuarios_servicios_pkey PRIMARY KEY (id_usuario_servicio);


--
-- TOC entry 3238 (class 2606 OID 604792)
-- Name: vlans vlans_pkey; Type: CONSTRAINT; Schema: public; Owner: postgres
--

ALTER TABLE ONLY public.vlans
    ADD CONSTRAINT vlans_pkey PRIMARY KEY (id_vlan);


--
-- TOC entry 3216 (class 1259 OID 588275)
-- Name: password_resets_email_index; Type: INDEX; Schema: public; Owner: postgres
--

CREATE INDEX password_resets_email_index ON public.password_resets USING btree (email);


-- Completed on 2018-04-11 17:59:45 -03

--
-- PostgreSQL database dump complete
--

